living_space,price_per_unit,bathroom_number,property_type,furnished,state,built_year,latitude,land_space,premium,bedroom_number,price,address,longitude,tenure,district,price_usd,price_per_unit_usd
30.3,130000,1,Condo,,Phuket,2022.0,8.028937170548243,,0,,3939000,"147 Moo 6, Choeng Thale, Thalang, Phuket",98.295040268494,Freehold,Choeng Thale,115853.0,3824.0
447.0,14724,4,Detached House,Partially Furnished,Phuket,,7.9014375,944.0,0,6,13900000,"ถนนบางทอง, Kathu, Kathu, Phuket",98.3302031,Freehold,Kathu,408824.0,433.0
45.4,130000,1,Condo,,Phuket,,8.0289375,,1,1,5902000,"Choeng Thale, Thalang, Phuket",98.2950625,Freehold,Choeng Thale,173588.0,3824.0
34.88,65940,1,Condo,Fully Furnished,Phuket,2014.0,7.890089157005017,,1,1,2300000,"- Thep Krasattri Road, Wichit, Muang Phuket, Phuket",98.36363964914324,Freehold,Wichit,67647.0,1939.0
110.0,29000,2,Townhouse,Unfurnished,Phuket,,8.0563125,191.2,1,3,3190000,"249/27 ถนนเทพกระษัตรี-ในยาง, Thep Krasattri, Thalang, Phuket",98.3214375,Freehold,Thep Krasattri,93824.0,853.0
127.0,29609,2,Detached House,Unfurnished,Phuket,,8.0119375,128.0,1,3,3790000,"เทพกระษัตรี, Sri Sunthon, Thalang, Phuket",98.3368125,Freehold,Sri Sunthon,111471.0,871.0
285.0,34950,3,Detached House,Unfurnished,Phuket,,7.8919375,200.0,1,4,6990000,"- -, Kathu, Kathu, Phuket",98.3464375,Freehold,Kathu,205588.0,1028.0
1640.0,23780,,Apartment,Fully Furnished,Phuket,,7.8821450332881,488.00000000000006,1,,39000000,"60 Phangnga Soi 2, Talat Yai, Muang Phuket, Phuket",98.392800986767,Freehold,Talat Yai,1147059.0,699.0
120.0,79166,2,Condo,Fully Furnished,Phuket,,7.9823317717632,,1,2,9500000,"ทางหลวงชนบท ภก.4018, Choeng Thale, Thalang, Phuket",98.285232824518,Leasehold,Choeng Thale,279412.0,2328.0
120.0,16919,2,Detached House,Unfurnished,Phuket,,8.0564375,224.0,1,3,3790000,"249/28 เทพกระษัตรี-ในยาง, Thep Krasattri, Thalang, Phuket",98.3213125,Freehold,Thep Krasattri,111471.0,498.0
833.82,52734,4,Detached House,Fully Furnished,Phuket,2002.0,7.974426859181857,1024.0,1,4,54000000,"125 Si Soonthon Road, Choeng Thale, Thalang, Phuket",98.28282249719392,Freehold,Choeng Thale,1588235.0,1551.0
36.0,87500,1,Condo,Fully Furnished,Phuket,,7.8950625,,1,1,3150000,"Talat Yai, Muang Phuket, Phuket",98.3596875,,Talat Yai,92647.0,2574.0
100.0,22900,1,Townhouse,Unfurnished,Phuket,,7.9234885,100.0,1,2,2290000,"32/46 บางชีเหล้า, Ratsada, Muang Phuket, Phuket",98.3972701,Freehold,Ratsada,67353.0,674.0
250.0,25186,4,Detached House,Partially Furnished,Phuket,,7.833601640418,536.0,1,3,13500000,"Wichit, Muang Phuket, Phuket",98.396851737279,,Wichit,397059.0,741.0
259.61,53156,4,Townhouse,Fully Furnished,Phuket,,7.8367169,,1,3,13800000,"Chalong, Muang Phuket, Phuket",98.3483897,,Chalong,405882.0,1563.0
350.0,34552,,Detached House,Fully Furnished,Phuket,,7.9656875,2460.0,1,,85000000,"Ko Kaeo, Muang Phuket, Phuket",98.3870625,,Ko Kaeo,2500000.0,1016.0
976.0,45594,4,Detached House,Fully Furnished,Phuket,,7.8831759660993,976.0,0,4,44500000,"ถนนทวีวงศ์, Patong, Kathu, Phuket",98.280520054926,,Patong,1308824.0,1341.0
520.0,34423,4,Detached House,,Phuket,,8.0156752,520.0,0,4,17900000,"Choeng Thale, Thalang, Phuket",98.3077549,,Choeng Thale,526471.0,1012.0
153.0,30065,3,Townhouse,Fully Furnished,Phuket,,7.9528125,136.0,0,2,4600000,"Kammala, Kathu, Phuket",98.2914375,Freehold,Kammala,135294.0,884.0
320.0,171875,3,Detached House,Fully Furnished,Phuket,,7.9843125,320.0,0,3,55000000,"Choeng Thale, Thalang, Phuket",98.2831875,,Choeng Thale,1617647.0,5055.0
799.9999999999999,18844,3,Detached House,Fully Furnished,Phuket,,8.1033125,1592.0,0,3,30000000,"Mai Khao, Thalang, Phuket",98.3281875,,Mai Khao,882353.0,554.0
350.0,22727,4,Detached House,Fully Furnished,Phuket,,7.9297375,1100.0,0,5,25000000,"Kammala, Kathu, Phuket",98.2747969,,Kammala,735294.0,668.0
540.0,78125,7,Detached House,Fully Furnished,Phuket,,7.7975625,448.0,0,7,35000000,"Rawai, Muang Phuket, Phuket",98.3291875,,Rawai,1029412.0,2298.0
487.0,72500,4,Detached House,Fully Furnished,Phuket,,7.8287875,400.0,0,4,29000000,"Karon, Muang Phuket, Phuket",98.3047344,,Karon,852941.0,2132.0
855.0,36250,6,Detached House,Fully Furnished,Phuket,,7.9038125,799.9999999999999,0,5,29000000,"Ratsada, Muang Phuket, Phuket",98.4037969,,Ratsada,852941.0,1066.0
604.0,38651,4,Detached House,Fully Furnished,Phuket,,7.8143125,608.0,0,4,23500000,"Wichit, Muang Phuket, Phuket",98.3985625,,Wichit,691176.0,1137.0
285.0,86538,7,Detached House,Fully Furnished,Phuket,,7.8833375,208.0,0,7,18000000,"Patong, Kathu, Phuket",98.2983594,,Patong,529412.0,2545.0
448.0,52083,5,Detached House,Fully Furnished,Phuket,,8.0536875,480.0,0,5,25000000,"Pa Khlok, Thalang, Phuket",98.4285781,,Pa Khlok,735294.0,1532.0
1200.0,81250,0,Detached House,,Phuket,,7.93648,2400.0,0,,195000000,"เกาะมะพร้าว, Ko Kaeo, Muang Phuket, Phuket",98.426651,Freehold,Ko Kaeo,5735294.0,2390.0
320.0,37500,3,Detached House,Fully Furnished,Phuket,,7.7990625,320.0,0,3,12000000,"Rawai, Muang Phuket, Phuket",98.3321875,,Rawai,352941.0,1103.0
705.0,42168,6,Detached House,Fully Furnished,Phuket,,7.8726875,664.0,0,5,28000000,"Patong, Kathu, Phuket",98.2884531,,Patong,823529.0,1240.0
106.0,13108,1,Detached House,Partially Furnished,Phuket,,7.9962625,213.6,0,2,2800000,"ถนนเทพกระษัตรี, Sri Sunthon, Thalang, Phuket",98.3471094,Freehold,Sri Sunthon,82353.0,386.0
38.84,92687,1,Condo,Fully Furnished,Phuket,,8.0790495,,0,1,3600000,"Sa Khu, Thalang, Phuket",98.3011762,,Sa Khu,105882.0,2726.0
830.0000000000001,35789,7,Detached House,Fully Furnished,Phuket,,7.9033625,1900.0,0,5,68000000,"Kathu, Kathu, Phuket",98.3447344,,Kathu,2000000.0,1053.0
473.0,118457,,Condo,Fully Furnished,Phuket,,8.0707875,,0,,56030550,"Thep Krasattri, Thalang, Phuket",98.3307344,,Thep Krasattri,1647957.0,3484.0
330.0,62121,5,Townhouse,Partially Furnished,Phuket,,7.9324375,404.00000000000006,0,4,20500000,"Kathu, Kathu, Phuket",98.3329375,Freehold,Kathu,602941.0,1827.0
112.24,123841,2,Condo,,Phuket,2012.0,7.9030869,,0,1,13900000,"39/12 Prabaramee, Patong, Kathu, Phuket",98.3105809,,Patong,408824.0,3642.0
82.0,140243,1,Condo,,Phuket,2012.0,7.9030869,,0,1,11500000,"39/12 Prabaramee, Patong, Kathu, Phuket",98.3105809,,Patong,338235.0,4125.0
44.0,79545,1,Condo,Fully Furnished,Phuket,2012.0,7.896777,,0,1,3500000,"5 Eakvanich-Samkong, Muang Phuket, Phuket",98.37511,,5 Eakvanich-Samkong,102941.0,2340.0
1500.0,78571,,Detached House,Fully Furnished,Phuket,,7.9466375,2800.0,0,7,220000000,"Kammala, Kathu, Phuket",98.2627656,,Kammala,6470588.0,2311.0
750.0,66079,7,Detached House,Fully Furnished,Phuket,,7.9466375,1816.0,0,4,120000000,"Kammala, Kathu, Phuket",98.2627656,,Kammala,3529412.0,1944.0
240.0,28543,3,Detached House,Partially Furnished,Phuket,,7.8979751629528,203.2,0,4,5800000,"Kathu, Kathu, Kathu, Phuket",98.356647294287,Freehold,Kathu,170588.0,840.0
200.0,25186,4,Detached House,Fully Furnished,Phuket,,7.842992004564,536.0,0,3,13500000,"Wichit, Muang Phuket, Phuket",98.38737281062,Freehold,Wichit,397059.0,741.0
100.0,39900,2,Townhouse,,Phuket,,7.9185726257596,100.0,0,2,3990000,"128/78 สามกอง, Ratsada, Muang Phuket, Phuket",98.374191096406,Freehold,Ratsada,117353.0,1174.0
596.0,23170,4,Detached House,Fully Furnished,Phuket,,7.8553841,1804.0,0,4,41800000,"naiharn, Rawai, Muang Phuket, Phuket",98.3494366,Freehold,Rawai,1229412.0,681.0
250.0,17335,2,Detached House,Fully Furnished,Phuket,,7.8553841,548.0,0,3,9500000,"Rawai, Rawai, Muang Phuket, Phuket",98.3494366,Freehold,Rawai,279412.0,510.0
35.47,90217,1,Condo,,Phuket,,8.0864757,,0,,3200000,"the title residence, Sa Khu, Thalang, Phuket",98.3005758,Freehold,Sa Khu,94118.0,2653.0
280.0,16125,3,Detached House,Fully Furnished,Phuket,,7.8553841,799.9999999999999,0,2,12900000,"rawai rawai, Rawai, Muang Phuket, Phuket",98.3494366,Freehold,Rawai,379412.0,474.0
91.1,143765,2,Condo,Fully Furnished,Phuket,2022.0,8.028937170548243,,0,2,13097000,"147 Moo 6, Choeng Thale, Thalang, Phuket",98.295040268494,Freehold,Choeng Thale,385206.0,4228.0
350.0,29800,2,Detached House,Partially Furnished,Phuket,,7.8406535703586,200.0,0,3,5960000,"Chalong, Muang Phuket, Phuket",98.341417741772,Freehold,Chalong,175294.0,876.0
350.0,29800,2,Detached House,Fully Furnished,Phuket,,7.8407580778316,200.0,0,3,5960000,"เจ้าฟ้าตะวันออก​, Chalong, Muang Phuket, Phuket",98.341393734271,Freehold,Chalong,175294.0,876.0
200.0,29495,2,Detached House,Partially Furnished,Phuket,,7.9196397493565,200.0,0,2,5899000,"Kathu, Kathu, Phuket",98.332023189874,Freehold,Kathu,173500.0,868.0
48.00000000000001,58333,1,Condo,Fully Furnished,Phuket,,7.8803051145658,,0,,2800000,"4 Sirirat, Patong, Kathu, Phuket",98.293111260852,Leasehold,Patong,82353.0,1716.0
320.0,27850,5,Detached House,,Phuket,,7.9312382191093,535.0,0,3,14900000,"Kathu, Kathu, Phuket",98.344529320388,,Kathu,438235.0,819.0
,102222,5,Detached House,,Phuket,,8.034269293818,900.0,0,4,92000000,"Choeng Thale, Thalang, Phuket",98.292140150672,,Choeng Thale,2705882.0,3007.0
463.0,49689,4,Detached House,,Phuket,,7.9652318641957,644.0,0,3,32000000,"Ko Kaeo, Muang Phuket, Phuket",98.392719613947,,Ko Kaeo,941176.0,1461.0
195.0,40000,2,Condo,,Phuket,,7.9659152353553,,0,2,7800000,"Ko Kaeo, Muang Phuket, Phuket",98.392569697231,,Ko Kaeo,229412.0,1176.0
1050.0,73869,9,Detached House,,Phuket,,7.9486533741803,907.0,0,6,67000000,"Kammala, Kathu, Phuket",98.295965476685,,Kammala,1970588.0,2173.0
1050.0,73869,9,Detached House,,Phuket,,7.9491032751746,907.0,0,6,67000000,"Kammala, Kathu, Phuket",98.296809009194,,Kammala,1970588.0,2173.0
310.0,28330,3,Detached House,,Phuket,,7.7848885226665,653.0,0,3,18500000,"Rawai, Muang Phuket, Phuket",98.310850390187,,Rawai,544118.0,833.0
1000.0,22448,9,Detached House,Unfurnished,Phuket,,7.946415,8464.0,0,7,190000000,"Kammala, Kathu, Phuket",98.262588,,Kammala,5588235.0,660.0
62.99999999999999,129158,1,Condo,Fully Furnished,Phuket,2022.0,7.979949250487842,,0,1,8137000,"66/2 Soi Hua Tiao, Choeng Thale, Thalang, Phuket",98.288185097334,Freehold,Choeng Thale,239324.0,3799.0
28.0,116820,1,Condo,,Phuket,,7.980021,,0,,3270960,"Choeng Thale, Thalang, Phuket",98.287195,,Choeng Thale,96205.0,3436.0
33.0,65303,1,Condo,,Phuket,,7.909866,,0,1,2155000,"155/183 เฉลิมพระเกียรติ ร.9, Ratsada, Muang Phuket, Phuket",98.368765,,Ratsada,63382.0,1921.0
42.0,138095,1,Condo,,Phuket,,7.783216,,0,1,5800000,"Rawai, Muang Phuket, Phuket",98.311045,,Rawai,170588.0,4062.0
522.0,40776,4,Detached House,,Phuket,,8.014966,515.0,0,4,21000000,"Choeng Thale, Thalang, Phuket",98.301998,,Choeng Thale,617647.0,1199.0
77.0,96103,1,Condo,Fully Furnished,Phuket,2012.0,7.976334,,0,1,7400000,"หาดสุรินทร Hadsurin, Choeng Thale, Thalang, Phuket",98.282729,Freehold,Choeng Thale,217647.0,2827.0
,30015,2,Detached House,,Phuket,,7.9809664,131.6,0,3,3950000,"Sri Sunthon, Thalang, Phuket",98.3640183,,Sri Sunthon,116176.0,883.0
1252.0,30351,5,Detached House,Fully Furnished,Phuket,,8.018057,1252.0,0,4,38000000,"Choeng Thale, Thalang, Phuket",98.301108,,Choeng Thale,1117647.0,893.0
260.0,34088,3,Detached House,,Phuket,,7.8890489,322.4,0,4,10990000,"Talat Yai, Muang Phuket, Phuket",98.398062,,Talat Yai,323235.0,1003.0
,41222,3,Detached House,,Phuket,,7.884917,144.0,0,3,5936000,"154 ภายในโครงการ พระเมตตา, Patong, Kathu, Phuket",98.296645,,Patong,174588.0,1212.0
100.0,44000,2,Detached House,Fully Furnished,Phuket,,7.8106171,200.0,0,2,8800000,"Rawai, Muang Phuket, Phuket",98.3310366,,Rawai,258824.0,1294.0
25.0,58500,1,Condo,,Phuket,2021.0,8.134714,,0,,1462500,"Baanbosom Road, Mai Khao, Thalang, Phuket",98.30989,Freehold,Mai Khao,43015.0,1721.0
28.0,114460,1,Condo,,Phuket,,7.980021,,0,,3204880,"Choeng Thale, Thalang, Phuket",98.287195,,Choeng Thale,94261.0,3366.0
49.99999999999999,52940,1,Condo,,Phuket,,7.880507,,0,1,2647000,"77/266 ตะกั่วป่า, Talat Yai, Muang Phuket, Phuket",98.389099,,Talat Yai,77853.0,1557.0
350.0,23275,6,Detached House,Fully Furnished,Phuket,,7.905715,348.0,0,4,8100000,"บ้านเนินเขาซีวิว ถนนรัษฎานุสรณ์, Ratsada, Muang Phuket, Phuket",98.40609,,Ratsada,238235.0,685.0
649.0,58551,6,Detached House,,Phuket,,7.8011096,649.0,0,6,38000000,"Rawai, Muang Phuket, Phuket",98.3197946,,Rawai,1117647.0,1722.0
230.0,35304,3,Detached House,,Phuket,,7.9208086,164.0,0,3,5790000,"wedding flowers phuket, Kathu, Kathu, Phuket",98.3290839,Freehold,Kathu,170294.0,1038.0
27.38,124178,1,Condo,Fully Furnished,Phuket,2014.0,7.992271,,0,,3400000,"Thep Kasattri Thep Kasattri, Choeng Thale, Thalang, Phuket",98.30626,Freehold,Choeng Thale,100000.0,3652.0
50.89999999999999,88408,1,Condo,Fully Furnished,Phuket,2013.0,7.880216,,0,1,4500000,"ถนน ตะกั่วป่า, Talat Nua, Muang Phuket, Phuket",98.388745,,Talat Nua,132353.0,2600.0
34.71,77787,1,Condo,Fully Furnished,Phuket,2013.0,7.880216,,0,,2700000,"ถนน ตะกั่วป่า, Talat Nua, Muang Phuket, Phuket",98.388745,,Talat Nua,79412.0,2288.0
230.0,26266,3,Detached House,,Phuket,,7.8977323,308.0,0,3,8090000,"Kathu, Kathu, Phuket",98.3474271,Freehold,Kathu,237941.0,773.0
1200.0,40409,9,Detached House,Fully Furnished,Phuket,,7.8745255215679,1856.0,0,10,75000000,"patong, Patong, Kathu, Phuket",98.289615032172,Freehold,Patong,2205882.0,1188.0
53.00000000000001,143716,1,Condo,,Phuket,,7.978085,,0,1,7617000,"Choeng Thale, Thalang, Phuket",98.285527,,Choeng Thale,224029.0,4227.0
36.0,143722,1,Condo,,Phuket,,7.978085,,0,1,5174000,"Choeng Thale, Thalang, Phuket",98.285527,,Choeng Thale,152176.0,4227.0
504.0,134654,3,Detached House,,Phuket,,7.784093,196.8,0,3,26500000,"Rawai, Muang Phuket, Phuket",98.333937,,Rawai,779412.0,3960.0
250.0,40865,3,Detached House,,Phuket,,7.8890489,208.0,0,3,8500000,"Talat Yai, Muang Phuket, Phuket",98.398062,,Talat Yai,250000.0,1202.0
220.0,14508,,Detached House,,Phuket,,7.8890489,448.0,0,,6500000,"Talat Yai, Muang Phuket, Phuket",98.398062,,Talat Yai,191176.0,427.0
197.0,33715,3,Detached House,,Phuket,,7.8890489,244.4,0,4,8240000,"Talat Yai, Muang Phuket, Phuket",98.398062,,Talat Yai,242353.0,992.0
,20942,5,Detached House,,Phuket,,7.8890489,329.0,0,4,6890000,"Talat Yai, Muang Phuket, Phuket",98.398062,,Talat Yai,202647.0,616.0
153.0,42483,2,Condo,Fully Furnished,Phuket,2012.0,7.789263,,0,2,6500000,"ราไวย์ Wiset, Chalong, Muang Phuket, Phuket",98.330707,Freehold,Chalong,191176.0,1250.0
250.0,28846,3,Detached House,Fully Furnished,Phuket,,7.9764139185311,520.0,0,4,15000000,"Sri Sunthorn Road, Sri Sunthon, Thalang, Phuket",98.337873823279,Freehold,Sri Sunthon,441176.0,848.0
158.0,79113,2,Apartment,,Phuket,,7.9748437826727,,0,2,12500000,"Choeng Thale, Thalang, Phuket",98.279024485834,,Choeng Thale,367647.0,2327.0
710.0,81666,6,Detached House,,Phuket,,7.9111447,600.0,0,4,49000000,"Patong, Kathu, Phuket",98.2956219,,Patong,1441176.0,2402.0
363.0,34447,3,Detached House,,Phuket,,8.0357164,688.0,0,3,23700000,"Choeng Thale, Thalang, Phuket",98.2844722,,Choeng Thale,697059.0,1013.0
250.0,32727,3,Detached House,,Phuket,,8.0025463,550.0,0,3,18000000,"Choeng Thale, Thalang, Phuket",98.2926317,,Choeng Thale,529412.0,963.0
500.0,31800,6,Detached House,,Phuket,,7.9497593,5000.0,0,6,159000000,"Kammala, Kathu, Phuket",98.2846511,,Kammala,4676471.0,935.0
45.0,103333,1,Condo,Fully Furnished,Phuket,2012.0,7.861106,,0,1,4650000,"เจ้าฟ้านอก Chao fah nok, Wichit, Muang Phuket, Phuket",98.35309,Freehold,Wichit,136765.0,3039.0
600.0,48362,4,Detached House,Fully Furnished,Phuket,,7.829206,790.9999999999999,0,4,38254700,"Chalong, Muang Phuket, Phuket",98.333126,,Chalong,1125138.0,1422.0
380.0,153396,4,Apartment,Unfurnished,Phuket,,8.0547691,,0,4,58290638,"Sa Khu, Thalang, Phuket",98.2787287,,Sa Khu,1714431.0,4512.0
604.0,27890,4,Detached House,Fully Furnished,Phuket,,8.0208143,1237.0,0,5,34500000,"Choeng Thale, Thalang, Phuket",98.3032161,,Choeng Thale,1014706.0,820.0
135.0,80740,2,Apartment,Unfurnished,Phuket,,7.8358342,,0,2,10900000,"Karon, Muang Phuket, Phuket",98.2999577,,Karon,320588.0,2375.0
142.0,54929,2,Condo,Fully Furnished,Phuket,2012.0,7.939621,,0,3,7800000,"10/33 Kamala, Kammala, Kathu, Phuket",98.292125,,Kammala,229412.0,1616.0
338.0,59255,4,Detached House,Unfurnished,Phuket,,8.0054511,270.0,0,3,15999000,"Sri Sunthon, Thalang, Phuket",98.3206322,,Sri Sunthon,470559.0,1743.0
114.0,42807,2,Detached House,Fully Furnished,Phuket,,8.019697,285.0,0,2,12200000,"Thep Krasattri, Thalang, Phuket",98.3151961,,Thep Krasattri,358824.0,1259.0
300.0,53333,4,Townhouse,Fully Furnished,Phuket,,8.066434,425.0,0,3,16000000,"Pa Khlok, Thalang, Phuket",98.433488,,Pa Khlok,470588.0,1569.0
174.0,43496,3,Detached House,Fully Furnished,Phuket,,8.019697,469.0,0,3,20400000,"Thep Krasattri, Thalang, Phuket",98.3151961,,Thep Krasattri,600000.0,1279.0
106.0,28194,3,Detached House,Fully Furnished,Phuket,,8.019697,493.0,0,3,13900000,"Thep Krasattri, Thalang, Phuket",98.3151961,,Thep Krasattri,408824.0,829.0
171.0,43838,3,Detached House,Fully Furnished,Phuket,,8.019697,495.0,0,3,21700000,"Thep Krasattri, Thalang, Phuket",98.3151961,,Thep Krasattri,638235.0,1289.0
390.0,40250,4,Detached House,Unfurnished,Phuket,,8.029712,600.0,0,4,24150000,"Thep Krasattri, Thalang, Phuket",98.3103542,,Thep Krasattri,710294.0,1184.0
155.0,146341,2,Detached House,Unfurnished,Phuket,2020.0,8.136234,82.0,0,2,12000000,"Thepkasattri Road, Mai Khao, Thalang, Phuket",98.337696,Freehold,Mai Khao,352941.0,4304.0
428.0,35067,4,Detached House,Unfurnished,Phuket,,7.784806,675.0,0,4,23670300,"Rawai, Muang Phuket, Phuket",98.314167,,Rawai,696185.0,1031.0
85.0,92941,1,Apartment,Fully Furnished,Phuket,,8.005467,,0,1,7900000,"Choeng Thale, Thalang, Phuket",98.295869,,Choeng Thale,232353.0,2734.0
257.0,113526,3,Detached House,Unfurnished,Phuket,,7.8277802,207.0,0,2,23500000,"Karon, Muang Phuket, Phuket",98.3047758,,Karon,691176.0,3339.0
62.0,53225,1,Apartment,Fully Furnished,Phuket,,7.9464044,,0,1,3300000,"Kammala, Kathu, Phuket",98.2846238,,Kammala,97059.0,1565.0
34.0,67647,1,Apartment,Fully Furnished,Phuket,,7.7983336,,0,1,2300000,"Rawai, Muang Phuket, Phuket",98.3257699,,Rawai,67647.0,1990.0
104.0,75961,2,Condo,Fully Furnished,Phuket,2012.0,7.817934,,0,2,7900000,"ปฏัก ปฏัก, Karon, Muang Phuket, Phuket",98.312717,,Karon,232353.0,2234.0
248.0,127556,2,Detached House,Fully Furnished,Phuket,,7.9847714,482.0,0,2,61482000,"Pa Khlok, Thalang, Phuket",98.4210194,,Pa Khlok,1808294.0,3752.0
540.0,28125,4,Detached House,Fully Furnished,Phuket,,7.88005,1599.9999999999998,0,5,45000000,"Patong, Kathu, Phuket",98.298397,,Patong,1323529.0,827.0
375.0,66666,3,Condo,,Phuket,2012.0,8.101133,,0,4,25000000,"บางเทา Layan, Choeng Thale, Thalang, Phuket",98.324993,Freehold,Choeng Thale,735294.0,1961.0
495.0,28000,5,Detached House,Fully Furnished,Phuket,2012.0,7.964698,1000.0,0,4,28000000,"22/1 Thepkrasatti, Ko Kaeo, Muang Phuket, Phuket",98.385007,Freehold,Ko Kaeo,823529.0,824.0
150.0,23529,3,Detached House,Unfurnished,Phuket,,7.781639,204.0,0,3,4800000,"Rawai, Muang Phuket, Phuket",98.320889,,Rawai,141176.0,692.0
118.0,43402,2,Detached House,Fully Furnished,Phuket,,7.8474619,144.0,0,2,6250000,"Chalong, Muang Phuket, Phuket",98.3613556,,Chalong,183824.0,1277.0
397.0,105793,3,Condo,Fully Furnished,Phuket,2012.0,7.833275,,0,4,42000000,"264 Patak Road, Karon, Muang Phuket, Phuket",98.299533,Freehold,Karon,1235294.0,3112.0
650.0,21875,5,Detached House,,Phuket,,7.7730284,1599.9999999999998,0,5,35000000,"Rawai, Muang Phuket, Phuket",98.3179256,,Rawai,1029412.0,643.0
148.0,42128,2,Detached House,Unfurnished,Phuket,,7.7944202,249.0,0,2,10490000,"Rawai, Muang Phuket, Phuket",98.3278162,,Rawai,308529.0,1239.0
109.0,38841,3,Detached House,Fully Furnished,Phuket,,7.808737,180.0,0,2,6991380,"Rawai, Muang Phuket, Phuket",98.331665,,Rawai,205629.0,1142.0
254.00000000000003,20000,3,Detached House,Fully Furnished,Phuket,,7.948023,600.0,0,3,12000000,"Kammala, Kathu, Phuket",98.285463,,Kammala,352941.0,588.0
820.0,96996,5,Detached House,Fully Furnished,Phuket,,7.963273,616.0,0,4,59750000,"Sri Sunthon, Thalang, Phuket",98.347374,,Sri Sunthon,1757353.0,2853.0
340.0,20326,4,Detached House,Fully Furnished,Phuket,,7.939245,1471.0,0,4,29900000,"Kammala, Kathu, Phuket",98.278173,,Kammala,879412.0,598.0
35.0,92495,1,Apartment,Fully Furnished,Phuket,,7.774218,,0,,3237330,"Rawai, Muang Phuket, Phuket",98.318782,,Rawai,95216.0,2720.0
280.0,52153,5,Detached House,,Phuket,,7.9877691,955.0,0,4,49806750,"Choeng Thale, Thalang, Phuket",98.2983739,,Choeng Thale,1464904.0,1534.0
200.0,22540,2,Detached House,Partially Furnished,Phuket,,7.984425,244.00000000000003,0,3,5500000,"Sri Sunthon, Thalang, Phuket",98.366357,,Sri Sunthon,161765.0,663.0
385.0,33133,3,Detached House,Unfurnished,Phuket,,7.784806,656.0,0,3,21735600,"Rawai, Muang Phuket, Phuket",98.314167,,Rawai,639282.0,974.0
328.0,60365,5,Detached House,Fully Furnished,Phuket,,7.7968629,328.0,0,4,19800000,"Rawai, Muang Phuket, Phuket",98.3276782,,Rawai,582353.0,1775.0
130.0,35185,3,Detached House,Fully Furnished,Phuket,,7.8125455,270.0,0,3,9500000,"Rawai, Muang Phuket, Phuket",98.3317741,,Rawai,279412.0,1035.0
181.0,60493,4,Detached House,Unfurnished,Phuket,,7.9860111,162.0,0,3,9800000,"Sri Sunthon, Thalang, Phuket",98.3242978,,Sri Sunthon,288235.0,1779.0
170.0,37500,5,Detached House,Partially Furnished,Phuket,,7.931561,280.0,0,4,10500000,"Kathu, Kathu, Phuket",98.320325,,Kathu,308824.0,1103.0
72.0,81944,2,Condo,Fully Furnished,Phuket,2012.0,7.817934,,0,2,5900000,"ปฏัก ปฏัก, Karon, Muang Phuket, Phuket",98.312717,,Karon,173529.0,2410.0
134.0,76791,2,Condo,Fully Furnished,Phuket,2012.0,7.800743,,0,2,10290000,"14/5 Wiset, Rawai, Muang Phuket, Phuket",98.337407,Freehold,Rawai,302647.0,2259.0
290.0,40020,3,Detached House,Unfurnished,Phuket,,8.029712,450.0,0,3,18009000,"Thep Krasattri, Thalang, Phuket",98.3103542,,Thep Krasattri,529676.0,1177.0
148.0,42128,2,Detached House,Unfurnished,Phuket,,7.7944202,249.0,0,2,10490000,"Rawai, Muang Phuket, Phuket",98.3278162,,Rawai,308529.0,1239.0
500.0,26923,3,Detached House,Partially Furnished,Phuket,,7.940147,1300.0,0,3,35000000,"Kammala, Kathu, Phuket",98.281542,,Kammala,1029412.0,792.0
265.0,33181,3,Detached House,Fully Furnished,Phuket,,7.984041,616.0,0,3,20440000,"Choeng Thale, Thalang, Phuket",98.296581,,Choeng Thale,601176.0,976.0
85.0,100000,1,Apartment,Fully Furnished,Phuket,,8.005467,,0,1,8500000,"Choeng Thale, Thalang, Phuket",98.295869,,Choeng Thale,250000.0,2941.0
115.0,33144,2,Detached House,Fully Furnished,Phuket,,8.015446,442.0,0,2,14650000,"Pa Khlok, Thalang, Phuket",98.392306,,Pa Khlok,430882.0,975.0
150.0,136666,3,Townhouse,,Phuket,,7.8788902,124.0,0,2,20500000,"Patong, Kathu, Phuket",98.2928534,,Patong,602941.0,4020.0
78.0,75000,1,Condo,Fully Furnished,Phuket,2012.0,7.976032,,0,1,5850000,"25/3 Hadsurin, Choeng Thale, Thalang, Phuket",98.282733,Freehold,Choeng Thale,172059.0,2206.0
450.0,25976,3,Detached House,Fully Furnished,Phuket,,7.980486,768.0000000000001,0,3,19950000,"Choeng Thale, Thalang, Phuket",98.284565,,Choeng Thale,586765.0,764.0
300.0,65950,3,Detached House,Unfurnished,Phuket,,7.793198,241.0,0,3,15894000,"Rawai, Muang Phuket, Phuket",98.3142482,,Rawai,467471.0,1940.0
200.0,106000,3,Detached House,Fully Furnished,Phuket,,7.798164,250.0,0,3,26500000,"Rawai, Muang Phuket, Phuket",98.33609,,Rawai,779412.0,3118.0
106.0,33827,3,Detached House,Fully Furnished,Phuket,,8.019697,371.0,0,3,12550000,"Thep Krasattri, Thalang, Phuket",98.3151961,,Thep Krasattri,369118.0,995.0
170.0,50000,4,Townhouse,Fully Furnished,Phuket,2014.0,8.0902854,90.0,0,2,8500000,"ถนน เทพกระษัตรี, Kammala, Kathu, Phuket",98.3401364,,Kammala,250000.0,1471.0
203.0,53750,3,Detached House,Fully Furnished,Phuket,,7.8027976,240.0,0,5,12900000,"Rawai, Muang Phuket, Phuket",98.3306857,,Rawai,379412.0,1581.0
66.0,83333,1,Condo,Unfurnished,Phuket,2012.0,7.817934,,0,1,5500000,"ปฏัก ปฏัก, Karon, Muang Phuket, Phuket",98.312717,,Karon,161765.0,2451.0
338.0,59255,4,Detached House,Unfurnished,Phuket,,8.0054511,270.0,0,3,15999000,"Sri Sunthon, Thalang, Phuket",98.3206322,,Sri Sunthon,470559.0,1743.0
132.0,70967,2,Detached House,Fully Furnished,Phuket,,7.797877,155.0,0,2,11000000,"Rawai, Muang Phuket, Phuket",98.33668,,Rawai,323529.0,2087.0
24.000000000000004,112500,1,Condo,Unfurnished,Phuket,2022.0,7.780462,,0,,2700000,"Soi Suanwat, Rawai, Muang Phuket, Phuket",98.316451,Freehold,Rawai,79412.0,3309.0
361.0,65899,3,Detached House,Unfurnished,Phuket,,7.999729,322.0,0,3,21219734,"Choeng Thale, Thalang, Phuket",98.309086,,Choeng Thale,624110.0,1938.0
110.0,129202,2,Apartment,,Phuket,,7.800243,,0,2,14212275,"Rawai, Muang Phuket, Phuket",98.336727,,Rawai,418008.0,3800.0
34.0,124705,1,Condo,,Phuket,2019.0,7.947589,,0,,4240000,"63/1 Sirinart Road, Patong, Kathu, Phuket",98.271956,Freehold,Patong,124706.0,3668.0
290.0,64615,4,Detached House,Unfurnished,Phuket,,8.0634729,650.0,0,4,42000000,"Sa Khu, Thalang, Phuket",98.2831541,,Sa Khu,1235294.0,1900.0
248.0,121505,2,Detached House,Fully Furnished,Phuket,,7.9847714,506.00000000000006,0,2,61482000,"Pa Khlok, Thalang, Phuket",98.4210194,,Pa Khlok,1808294.0,3574.0
137.0,52554,2,Condo,Fully Furnished,Phuket,2012.0,7.908562,,0,2,7200000,"นาใน Samkong, Kammala, Kathu, Phuket",98.355406,Freehold,Kammala,211765.0,1546.0
86.0,43478,2,Detached House,,Phuket,,8.0561743,207.0,0,2,9000000,"Thep Krasattri, Thalang, Phuket",98.3224478,,Thep Krasattri,264706.0,1279.0
24.000000000000004,114583,1,Condo,Unfurnished,Phuket,2019.0,7.896310937532187,,0,,2750000,"Vichitsongkram Road, Kathu, Kathu, Phuket",98.35070775622904,Freehold,Kathu,80882.0,3370.0
245.0,56504,3,Detached House,Fully Furnished,Phuket,,8.0017951,246.0,0,3,13900000,"Sri Sunthon, Thalang, Phuket",98.321701,,Sri Sunthon,408824.0,1662.0
48.00000000000001,109630,1,Condo,Partially Furnished,Phuket,2012.0,7.9027973,,0,1,5262285,"พระบารมี พระบารมี, Patong, Kathu, Phuket",98.3080182,,Patong,154773.0,3224.0
55.0,53636,2,Townhouse,,Phuket,,7.956045,84.0,0,3,2950000,"Ko Kaeo, Muang Phuket, Phuket",98.371552,,Ko Kaeo,86765.0,1578.0
28.0,120345,1,Condo,Unfurnished,Phuket,2022.0,7.979949250487842,,0,,3369660,"66/2 Soi Hua Tiao, Choeng Thale, Thalang, Phuket",98.288185097334,Freehold,Choeng Thale,99108.0,3540.0
54.0,76666,1,Detached House,,Phuket,,8.015873,90.0,0,1,6900000,"Pa Khlok, Thalang, Phuket",98.391993,,Pa Khlok,202941.0,2255.0
115.0,27943,2,Detached House,Fully Furnished,Phuket,,8.015446,564.0,0,2,15760000,"Pa Khlok, Thalang, Phuket",98.392306,,Pa Khlok,463529.0,822.0
170.0,14621,3,Detached House,Fully Furnished,Phuket,,8.013315,396.0,0,4,5790000,"Pa Khlok, Thalang, Phuket",98.400579,,Pa Khlok,170294.0,430.0
275.0,44044,4,Detached House,Fully Furnished,Phuket,,8.003166,445.0,0,4,19600000,"Sri Sunthon, Thalang, Phuket",98.321086,,Sri Sunthon,576471.0,1295.0
508.00000000000006,92592,5,Detached House,Fully Furnished,Phuket,,7.8795088662229,540.0,0,5,50000000,"Patong, Kathu, Phuket",98.298304352117,,Patong,1470588.0,2723.0
155.0,146341,2,Detached House,Unfurnished,Phuket,2020.0,8.136234,82.0,0,2,12000000,"Thepkasattri Road, Mai Khao, Thalang, Phuket",98.337696,Freehold,Mai Khao,352941.0,4304.0
1009.0,49464,6,Detached House,Fully Furnished,Phuket,,8.0211603,1213.0,0,6,60000000,"Choeng Thale, Thalang, Phuket",98.2925877,,Choeng Thale,1764706.0,1455.0
42.0,49880,1,Condo,Fully Furnished,Phuket,2012.0,7.902159,,0,,2095000,"นาใน Haad Patong, Kammala, Kathu, Phuket",98.308177,Freehold,Kammala,61618.0,1467.0
320.0,50774,4,Detached House,Fully Furnished,Phuket,,7.829206,378.0,0,4,19192800,"Chalong, Muang Phuket, Phuket",98.333126,,Chalong,564494.0,1493.0
37.0,142731,1,Condo,Fully Furnished,Phuket,2021.0,8.034256,,0,1,5281073,"Soi Layan 4, Choeng Thale, Thalang, Phuket",98.292068,Freehold,Choeng Thale,155326.0,4198.0
57.0,76612,1,Condo,Fully Furnished,Phuket,2012.0,7.939621,,0,1,4366905,"10/33 Kamala, Kammala, Kathu, Phuket",98.292125,,Kammala,128438.0,2253.0
110.0,122727,2,Condo,Fully Furnished,Phuket,2012.0,7.861106,,0,3,13500000,"เจ้าฟ้านอก Chao fah nok, Wichit, Muang Phuket, Phuket",98.35309,Freehold,Wichit,397059.0,3610.0
118.0,53188,1,Condo,Fully Furnished,Phuket,2012.0,7.939621,,0,1,6276260,"10/33 Kamala, Kammala, Kathu, Phuket",98.292125,,Kammala,184596.0,1564.0
240.0,165000,2,Detached House,Unfurnished,Phuket,,7.9764034,224.0,0,3,36960000,"Choeng Thale, Thalang, Phuket",98.2819472,,Choeng Thale,1087059.0,4853.0
230.0,207000,3,Detached House,Unfurnished,Phuket,,7.874501,135.0,0,3,27945000,"Patong, Kathu, Phuket",98.289574,,Patong,821912.0,6088.0
335.0,36328,4,Detached House,Fully Furnished,Phuket,,7.792251,512.0,0,3,18600000,"Rawai, Muang Phuket, Phuket",98.321777,,Rawai,547059.0,1068.0
45.0,128054,1,Apartment,,Phuket,,7.800243,,0,1,5762432,"Rawai, Muang Phuket, Phuket",98.336727,,Rawai,169483.0,3766.0
201.0,43892,4,Detached House,,Phuket,,8.0410493,693.0,0,4,30417500,"Choeng Thale, Thalang, Phuket",98.2963637,,Choeng Thale,894632.0,1291.0
29.0,98333,1,Detached House,Fully Furnished,Phuket,2022.0,7.891229,60.0,0,1,5900000,"Hasip Pee Road, Patong, Kathu, Phuket",98.308621,Leasehold,Patong,173529.0,2892.0
105.0,41136,2,Apartment,Fully Furnished,Phuket,,7.936815,,0,2,4319350,"Kammala, Kathu, Phuket",98.295789,,Kammala,127040.0,1210.0
131.0,50119,3,Detached House,,Phuket,,7.9444443,417.0,0,3,20900000,"Kammala, Kathu, Phuket",98.2924552,,Kammala,614706.0,1474.0
162.0,34935,2,Detached House,Unfurnished,Phuket,,8.0217197,541.0,0,3,18900000,"Thep Krasattri, Thalang, Phuket",98.3220615,,Thep Krasattri,555882.0,1028.0
287.0,30028,3,Detached House,,Phuket,,8.0180232,691.0,0,3,20750000,"Thep Krasattri, Thalang, Phuket",98.3221388,,Thep Krasattri,610294.0,883.0
95.0,42105,3,Apartment,Fully Furnished,Phuket,,7.9486192,,0,2,4000000,"Kammala, Kathu, Phuket",98.2918682,,Kammala,117647.0,1238.0
35.0,116619,1,Apartment,,Phuket,,7.800243,,0,,4081676,"Rawai, Muang Phuket, Phuket",98.336727,,Rawai,120049.0,3430.0
329.0,49079,3,Detached House,Fully Furnished,Phuket,,8.000194,489.0,0,3,24000000,"Sri Sunthon, Thalang, Phuket",98.320333,,Sri Sunthon,705882.0,1444.0
115.0,26916,2,Detached House,Fully Furnished,Phuket,,8.015446,600.0,0,2,16150000,"Pa Khlok, Thalang, Phuket",98.392306,,Pa Khlok,475000.0,792.0
200.0,42187,3,Detached House,,Phuket,,8.018355,320.0,0,3,13500000,"Choeng Thale, Thalang, Phuket",98.310285,,Choeng Thale,397059.0,1241.0
82.0,57787,2,Condo,Fully Furnished,Phuket,2012.0,7.939621,,0,2,4738600,"10/33 Kamala, Kammala, Kathu, Phuket",98.292125,,Kammala,139371.0,1700.0
78.0,71447,2,Condo,Fully Furnished,Phuket,2012.0,7.939621,,0,2,5572883,"10/33 Kamala, Kammala, Kathu, Phuket",98.292125,,Kammala,163908.0,2101.0
94.0,89680,1,Condo,Fully Furnished,Phuket,2012.0,7.976032,,0,1,8430000,"25/3 Hadsurin, Choeng Thale, Thalang, Phuket",98.282733,Freehold,Choeng Thale,247941.0,2638.0
29.0,98333,1,Detached House,Fully Furnished,Phuket,2022.0,7.891229,60.0,0,1,5900000,"Hasip Pee Road, Patong, Kathu, Phuket",98.308621,Leasehold,Patong,173529.0,2892.0
195.0,100000,2,Apartment,Fully Furnished,Phuket,,7.8133328,,0,2,19500000,"Karon, Muang Phuket, Phuket",98.3016004,,Karon,573529.0,2941.0
41.0,217053,1,Apartment,Fully Furnished,Phuket,2018.0,7.894849,,0,,8899200,"33/1 Taweewong Road, Patong, Kathu, Phuket",98.295598,Freehold,Patong,261741.0,6384.0
88.0,97610,1,Condo,Fully Furnished,Phuket,2012.0,7.9027973,,0,1,8589700,"พระบารมี พระบารมี, Patong, Kathu, Phuket",98.3080182,,Patong,252638.0,2871.0
32.0,87812,1,Condo,Fully Furnished,Phuket,2012.0,7.976032,,0,,2810000,"25/3 Hadsurin, Choeng Thale, Thalang, Phuket",98.282733,Freehold,Choeng Thale,82647.0,2583.0
700.0,90662,6,Detached House,,Phuket,,7.990414,1842.0,0,5,167000000,"Pa Khlok, Thalang, Phuket",98.417917,,Pa Khlok,4911765.0,2667.0
28.0,90000,1,Condo,Fully Furnished,Phuket,2013.0,7.90159,,0,,2520000,"Soi Hongyok Utis Yaowarat Road, Talat Yai, Muang Phuket, Phuket",98.378572,Freehold,Talat Yai,74118.0,2647.0
25.0,130283,1,Condo,Fully Furnished,Phuket,2021.0,8.034256,,0,,3257088,"Soi Layan 4, Choeng Thale, Thalang, Phuket",98.292068,Freehold,Choeng Thale,95797.0,3832.0
109.0,50534,3,Detached House,,Phuket,,7.9444443,374.0,0,2,18900000,"Kammala, Kathu, Phuket",98.2924552,,Kammala,555882.0,1486.0
390.0,35702,4,Detached House,Unfurnished,Phuket,,8.029712,722.0,0,4,25777480,"Thep Krasattri, Thalang, Phuket",98.3103542,,Thep Krasattri,758161.0,1050.0
25.0,132247,1,Condo,Fully Furnished,Phuket,2021.0,8.034256,,0,,3306177,"Soi Layan 4, Choeng Thale, Thalang, Phuket",98.292068,Freehold,Choeng Thale,97240.0,3890.0
85.0,100552,1,Condo,Fully Furnished,Phuket,2012.0,7.9027973,,0,1,8547000,"พระบารมี พระบารมี, Patong, Kathu, Phuket",98.3080182,,Patong,251382.0,2957.0
36.0,97000,1,Condo,,Phuket,2021.0,7.769664,,0,1,3492000,"Thai Highway-4030 Road, Rawai, Muang Phuket, Phuket",98.308717,Freehold,Rawai,102706.0,2853.0
280.0,51265,3,Detached House,Fully Furnished,Phuket,,7.829206,324.0,0,3,16610000,"Chalong, Muang Phuket, Phuket",98.333126,,Chalong,488529.0,1508.0
332.0,54216,3,Townhouse,Fully Furnished,Phuket,2012.0,7.964698,150.0,0,3,18000000,"22/1 Thepkrasatti, Ko Kaeo, Muang Phuket, Phuket",98.385007,Freehold,Ko Kaeo,529412.0,1595.0
34.0,129694,1,Condo,,Phuket,2019.0,7.947589,,0,,4409600,"63/1 Sirinart Road, Patong, Kathu, Phuket",98.271956,Freehold,Patong,129694.0,3815.0
146.0,20631,3,Detached House,Fully Furnished,Phuket,,7.832144,475.00000000000006,0,4,9800000,"Chalong, Muang Phuket, Phuket",98.32533,,Chalong,288235.0,607.0
240.0,165000,2,Detached House,Unfurnished,Phuket,,7.9764034,224.0,0,3,36960000,"Choeng Thale, Thalang, Phuket",98.2819472,,Choeng Thale,1087059.0,4853.0
230.0,22495,2,Detached House,Partially Furnished,Phuket,,7.9288714,200.0,0,3,4499000,"Kathu, Kathu, Phuket",98.3325827,,Kathu,132324.0,662.0
49.99999999999999,68000,1,Apartment,,Phuket,,7.8797907,,0,,3400000,"Patong, Kathu, Phuket",98.2924879,,Patong,100000.0,2000.0
330.0,18777,4,Detached House,Fully Furnished,Phuket,,8.0913904,900.0,0,3,16900000,"Thep Krasattri, Thalang, Phuket",98.3604381,,Thep Krasattri,497059.0,552.0
51.0,209000,1,Apartment,Fully Furnished,Phuket,,7.8853267,,0,1,10659000,"Patong, Kathu, Phuket",98.2847522,,Patong,313500.0,6147.0
79.0,44000,2,Detached House,Partially Furnished,Phuket,,7.8129443,200.0,0,2,8800000,"Rawai, Muang Phuket, Phuket",98.3303945,,Rawai,258824.0,1294.0
600.0,25000,5,Detached House,Fully Furnished,Phuket,,7.7858185284652,1599.9999999999998,0,5,40000000,"Rawai, Muang Phuket, Phuket",98.326593112253,,Rawai,1176471.0,735.0
361.0,67555,3,Detached House,Unfurnished,Phuket,,7.999729,312.0,0,3,21077174,"Choeng Thale, Thalang, Phuket",98.309086,,Choeng Thale,619917.0,1987.0
696.0,21362,14,Detached House,Fully Furnished,Phuket,,7.949774,1731.9999999999998,0,10,37000000,"Kammala, Kathu, Phuket",98.284646,,Kammala,1088235.0,628.0
235.0,13463,3,Detached House,Fully Furnished,Phuket,,8.07602,1181.0,0,3,15900000,"Sa Khu, Thalang, Phuket",98.296011,,Sa Khu,467647.0,396.0
300.0,33506,3,Detached House,Fully Furnished,Phuket,,8.00209,385.0,0,3,12900000,"Choeng Thale, Thalang, Phuket",98.314445,,Choeng Thale,379412.0,985.0
175.0,20000,2,Townhouse,Fully Furnished,Phuket,,7.950269,90.0,0,2,3500000,"Kammala, Kathu, Phuket",98.291819,,Kammala,102941.0,588.0
241.0,290456,5,Apartment,Fully Furnished,Phuket,,7.8132109,,0,3,70000000,"Karon, Muang Phuket, Phuket",98.2975817,,Karon,2058824.0,8543.0
150.0,47342,3,Detached House,,Phuket,,8.008356,207.0,0,3,9800000,"Sri Sunthon, Thalang, Phuket",98.319716,,Sri Sunthon,288235.0,1392.0
36.0,106444,1,Condo,,Phuket,2021.0,7.769664,,0,1,3832000,"Thai Highway-4030 Road, Rawai, Muang Phuket, Phuket",98.308717,Freehold,Rawai,112706.0,3131.0
328.0,60365,5,Detached House,Fully Furnished,Phuket,,7.7968629,328.0,0,4,19800000,"Rawai, Muang Phuket, Phuket",98.3276782,,Rawai,582353.0,1775.0
102.0,251104,2,Apartment,Fully Furnished,Phuket,,7.8853267,,0,2,25612701,"Patong, Kathu, Phuket",98.2847522,,Patong,753315.0,7385.0
43.0,97948,1,Apartment,,Phuket,,7.946446,,0,1,4211792,"Kammala, Kathu, Phuket",98.278873,,Kammala,123876.0,2881.0
72.0,91666,1,Condo,Fully Furnished,Phuket,2012.0,7.817934,,0,2,6600000,"ปฏัก ปฏัก, Karon, Muang Phuket, Phuket",98.312717,,Karon,194118.0,2696.0
178.0,42995,2,Detached House,,Phuket,,7.786206,207.0,0,2,8900000,"Rawai, Muang Phuket, Phuket",98.314785,,Rawai,261765.0,1265.0
107.0,123982,2,Townhouse,Fully Furnished,Phuket,,7.9807656,159.0,0,2,13266150,"Choeng Thale, Thalang, Phuket",98.2832322,,Choeng Thale,390181.0,3647.0
34.0,124705,1,Condo,,Phuket,2019.0,7.947589,,0,,4240000,"63/1 Sirinart Road, Patong, Kathu, Phuket",98.271956,Freehold,Patong,124706.0,3668.0
118.0,55093,1,Condo,Fully Furnished,Phuket,2012.0,7.939621,,0,1,6501000,"10/33 Kamala, Kammala, Kathu, Phuket",98.292125,,Kammala,191206.0,1620.0
328.0,60365,5,Detached House,Fully Furnished,Phuket,,7.7968629,328.0,0,4,19800000,"Rawai, Muang Phuket, Phuket",98.3276782,,Rawai,582353.0,1775.0
110.0,129202,2,Apartment,,Phuket,,7.800243,,0,2,14212275,"Rawai, Muang Phuket, Phuket",98.336727,,Rawai,418008.0,3800.0
255.0,63212,4,Detached House,Unfurnished,Phuket,,8.0020954,193.0,0,3,12200000,"Sri Sunthon, Thalang, Phuket",98.3227525,,Sri Sunthon,358824.0,1859.0
115.0,36585,2,Detached House,Fully Furnished,Phuket,,8.015446,376.0,0,2,13756000,"Pa Khlok, Thalang, Phuket",98.392306,,Pa Khlok,404588.0,1076.0
35.0,127725,1,Apartment,,Phuket,,7.800243,,0,,4470407,"Rawai, Muang Phuket, Phuket",98.336727,,Rawai,131483.0,3757.0
265.0,48813,5,Detached House,,Phuket,,8.0410493,801.0,0,4,39100000,"Choeng Thale, Thalang, Phuket",98.2963637,,Choeng Thale,1150000.0,1436.0
34.0,94258,1,Apartment,Fully Furnished,Phuket,,7.774218,,0,,3204780,"Rawai, Muang Phuket, Phuket",98.318782,,Rawai,94258.0,2772.0
290.0,40020,3,Detached House,Unfurnished,Phuket,,8.029712,450.0,0,3,18009000,"Thep Krasattri, Thalang, Phuket",98.3103542,,Thep Krasattri,529676.0,1177.0
500.0,100000,4,Detached House,Fully Furnished,Phuket,,7.973001,750.0,0,4,75000000,"Choeng Thale, Thalang, Phuket",98.279502,,Choeng Thale,2205882.0,2941.0
142.0,54929,2,Condo,Fully Furnished,Phuket,2012.0,7.939621,,0,3,7800000,"10/33 Kamala, Kammala, Kathu, Phuket",98.292125,,Kammala,229412.0,1616.0
107.0,83644,2,Condo,Fully Furnished,Phuket,2012.0,7.817934,,0,2,8950000,"ปฏัก ปฏัก, Karon, Muang Phuket, Phuket",98.312717,,Karon,263235.0,2460.0
215.0,44002,3,Detached House,Unfurnished,Phuket,,8.020606,304.0,0,3,13376770,"Pa Khlok, Thalang, Phuket",98.395727,,Pa Khlok,393434.0,1294.0
118.0,76271,2,Condo,Fully Furnished,Phuket,2012.0,7.817934,,0,2,9000000,"ปฏัก ปฏัก, Karon, Muang Phuket, Phuket",98.312717,,Karon,264706.0,2243.0
224.0,223214,3,Condo,,Phuket,2014.0,7.8210654,,0,3,50000000,"Kata Kata, Karon, Muang Phuket, Phuket",98.2993432,Freehold,Karon,1470588.0,6565.0
118.0,43402,2,Detached House,Fully Furnished,Phuket,,7.8474619,144.0,0,2,6250000,"Chalong, Muang Phuket, Phuket",98.3613556,,Chalong,183824.0,1277.0
49.99999999999999,40214,1,Detached House,Fully Furnished,Phuket,,7.928011743213,373.0,0,1,15000000,"Ko Kaeo, Muang Phuket, Phuket",98.43256215918,,Ko Kaeo,441176.0,1183.0
511.0,50726,3,Detached House,Fully Furnished,Phuket,,8.004113,684.0,0,3,34697000,"Sri Sunthon, Thalang, Phuket",98.3230667,,Sri Sunthon,1020500.0,1492.0
54.0,76666,1,Detached House,,Phuket,,8.015873,90.0,0,1,6900000,"Pa Khlok, Thalang, Phuket",98.391993,,Pa Khlok,202941.0,2255.0
160.0,19554,2,Detached House,Fully Furnished,Phuket,,7.950165,404.00000000000006,0,2,7900000,"Kammala, Kathu, Phuket",98.297681,,Kammala,232353.0,575.0
220.0,28235,4,Detached House,Fully Furnished,Phuket,,7.9495725,425.0,0,3,12000000,"Kammala, Kathu, Phuket",98.2884446,,Kammala,352941.0,830.0
380.0,15217,4,Detached House,,Phuket,,7.9797734,1380.0,0,3,21000000,"Choeng Thale, Thalang, Phuket",98.2857996,,Choeng Thale,617647.0,448.0
250.0,70000,3,Detached House,,Phuket,,7.9432218,270.0,0,3,18900000,"Kammala, Kathu, Phuket",98.292882,,Kammala,555882.0,2059.0
34.0,139705,1,Condo,Unfurnished,Phuket,2019.0,7.83473,,0,1,4750000,"Soi Patak 14, Karon, Muang Phuket, Phuket",98.301049,Freehold,Karon,139706.0,4109.0
179.0,86592,2,Apartment,Fully Furnished,Phuket,2012.0,8.029699,,0,2,15500000,"ป่าตอง Layan, Choeng Thale, Thalang, Phuket",98.294885,Freehold,Choeng Thale,455882.0,2547.0
182.0,39285,2,Detached House,,Phuket,,8.0761954,280.0,0,2,11000000,"Sa Khu, Thalang, Phuket",98.2929729,,Sa Khu,323529.0,1155.0
25.0,131666,1,Condo,Fully Furnished,Phuket,2021.0,8.034256,,0,,3291663,"Soi Layan 4, Choeng Thale, Thalang, Phuket",98.292068,Freehold,Choeng Thale,96814.0,3873.0
342.0,67251,3,Condo,Fully Furnished,Phuket,2012.0,7.800743,,0,3,23000000,"14/5 Wiset, Rawai, Muang Phuket, Phuket",98.337407,Freehold,Rawai,676471.0,1978.0
46.0,214764,1,Apartment,Fully Furnished,Phuket,,7.8853267,,0,1,9879184,"Patong, Kathu, Phuket",98.2847522,,Patong,290564.0,6317.0
303.0,89513,2,Detached House,Fully Furnished,Phuket,,7.863587,185.0,0,3,16560000,"Chalong, Muang Phuket, Phuket",98.3314,,Chalong,487059.0,2633.0
45.0,62000,1,Condo,Fully Furnished,Phuket,2021.0,7.879898,,0,1,2790000,"Soi Verakij, Patong, Kathu, Phuket",98.297687,Freehold,Patong,82059.0,1824.0
45.0,62000,1,Condo,Fully Furnished,Phuket,2021.0,7.879898,,0,1,2790000,"Soi Verakij, Patong, Kathu, Phuket",98.297687,Freehold,Patong,82059.0,1824.0
529.0,49161,3,Detached House,Fully Furnished,Phuket,,8.004113,738.0,0,3,36281500,"Sri Sunthon, Thalang, Phuket",98.3230667,,Sri Sunthon,1067103.0,1446.0
556.0,65714,4,Detached House,Fully Furnished,Phuket,,7.8965763,700.0,0,4,46000000,"Patong, Kathu, Phuket",98.3021044,,Patong,1352941.0,1933.0
112.0,44828,2,Detached House,Fully Furnished,Phuket,,7.801321,263.0,0,2,11790000,"Rawai, Muang Phuket, Phuket",98.320082,,Rawai,346765.0,1318.0
286.0,34465,4,Detached House,Partially Furnished,Phuket,,8.0217146,692.0,0,3,23850000,"Thep Krasattri, Thalang, Phuket",98.3191074,,Thep Krasattri,701471.0,1014.0
246.0,100000,3,Detached House,,Phuket,,8.0634729,350.0,0,3,35000000,"Sa Khu, Thalang, Phuket",98.2831541,,Sa Khu,1029412.0,2941.0
107.0,95695,2,Townhouse,Fully Furnished,Phuket,,7.9807656,107.0,0,2,10239450,"Choeng Thale, Thalang, Phuket",98.2832322,,Choeng Thale,301160.0,2815.0
361.0,68985,3,Detached House,Unfurnished,Phuket,,7.999729,304.0,0,3,20971574,"Choeng Thale, Thalang, Phuket",98.309086,,Choeng Thale,616811.0,2029.0
201.0,51015,4,Detached House,,Phuket,,8.0410493,603.0,0,4,30762500,"Choeng Thale, Thalang, Phuket",98.2963637,,Choeng Thale,904779.0,1500.0
181.0,66792,4,Detached House,,Phuket,,7.9860111,157.0,0,3,10486436,"Sri Sunthon, Thalang, Phuket",98.3242978,,Sri Sunthon,308425.0,1964.0
86.0,43478,2,Detached House,,Phuket,,8.0561743,207.0,0,2,9000000,"Thep Krasattri, Thalang, Phuket",98.3224478,,Thep Krasattri,264706.0,1279.0
385.0,31493,3,Detached House,Unfurnished,Phuket,,7.784806,715.0,0,3,22517900,"Rawai, Muang Phuket, Phuket",98.314167,,Rawai,662291.0,926.0
115.0,30635,2,Detached House,Fully Furnished,Phuket,,8.015446,488.00000000000006,0,2,14950000,"Pa Khlok, Thalang, Phuket",98.392306,,Pa Khlok,439706.0,901.0
237.0,32054,3,Detached House,Fully Furnished,Phuket,,7.8131798,365.0,0,3,11700000,"Rawai, Muang Phuket, Phuket",98.328037,,Rawai,344118.0,943.0
106.0,24720,2,Detached House,Unfurnished,Phuket,,8.0217197,161.0,0,2,3980000,"Thep Krasattri, Thalang, Phuket",98.3220615,,Thep Krasattri,117059.0,727.0
361.0,61994,6,Detached House,Unfurnished,Phuket,,8.0244356,1104.0,0,5,68442250,"Choeng Thale, Thalang, Phuket",98.3055757,,Choeng Thale,2013007.0,1823.0
198.0,79858,3,Condo,Fully Furnished,Phuket,2012.0,8.0348216,,0,3,15812000,"57/4 Kamala, Kammala, Kathu, Phuket",98.3377935,,Kammala,465059.0,2349.0
1268.0,50784,5,Detached House,Fully Furnished,Phuket,2012.0,7.991829,2166.0,0,5,110000000,"171/7 Cape Yamu, Pa Khlok, Thalang, Phuket",98.414609,Freehold,Pa Khlok,3235294.0,1494.0
40.0,141312,1,Condo,Unfurnished,Phuket,2022.0,7.979949250487842,,0,1,5652486,"66/2 Soi Hua Tiao, Choeng Thale, Thalang, Phuket",98.288185097334,Freehold,Choeng Thale,166250.0,4156.0
106.0,24720,2,Detached House,Unfurnished,Phuket,,8.0217197,161.0,0,2,3980000,"Thep Krasattri, Thalang, Phuket",98.3220615,,Thep Krasattri,117059.0,727.0
185.0,156250,2,Detached House,Fully Furnished,Phuket,,7.802477,320.0,0,2,50000000,"Wichit, Muang Phuket, Phuket",98.41068,,Wichit,1470588.0,4596.0
179.0,86592,2,Apartment,Fully Furnished,Phuket,2012.0,8.029699,,0,2,15500000,"ป่าตอง Layan, Choeng Thale, Thalang, Phuket",98.294885,Freehold,Choeng Thale,455882.0,2547.0
34.0,70588,1,Apartment,Fully Furnished,Phuket,,7.7983336,,0,1,2400000,"Rawai, Muang Phuket, Phuket",98.3257699,,Rawai,70588.0,2076.0
45.0,100216,1,Apartment,,Phuket,,7.800243,,0,1,4509729,"Rawai, Muang Phuket, Phuket",98.336727,,Rawai,132639.0,2948.0
68.0,124705,1,Condo,,Phuket,2019.0,7.947589,,0,2,8480000,"63/1 Sirinart Road, Patong, Kathu, Phuket",98.271956,Freehold,Patong,249412.0,3668.0
400.0,15625,4,Detached House,Partially Furnished,Phuket,,7.787028,1599.9999999999998,0,6,25000000,"Rawai, Muang Phuket, Phuket",98.321655,,Rawai,735294.0,460.0
68.0,129694,1,Condo,,Phuket,2019.0,7.947589,,0,2,8819200,"63/1 Sirinart Road, Patong, Kathu, Phuket",98.271956,Freehold,Patong,259388.0,3815.0
177.0,30000,3,Detached House,Fully Furnished,Phuket,,8.039576,400.0,0,3,12000000,"Choeng Thale, Thalang, Phuket",98.294876,,Choeng Thale,352941.0,882.0
428.0,33810,4,Detached House,Unfurnished,Phuket,,7.784806,716.0,0,4,24208400,"Rawai, Muang Phuket, Phuket",98.314167,,Rawai,712012.0,994.0
428.0,31345,4,Detached House,Unfurnished,Phuket,,7.784806,812.9999999999999,0,4,25484100,"Rawai, Muang Phuket, Phuket",98.314167,,Rawai,749532.0,922.0
60.0,100100,1,Condo,Fully Furnished,Phuket,2012.0,7.9027973,,0,1,6006000,"พระบารมี พระบารมี, Patong, Kathu, Phuket",98.3080182,,Patong,176647.0,2944.0
133.0,42583,2,Detached House,,Phuket,,8.008356,209.0,0,2,8900000,"Sri Sunthon, Thalang, Phuket",98.319716,,Sri Sunthon,261765.0,1252.0
162.0,35324,2,Detached House,Fully Furnished,Phuket,,8.0217197,385.0,0,3,13600000,"Thep Krasattri, Thalang, Phuket",98.3220615,,Thep Krasattri,400000.0,1039.0
34.0,136764,1,Condo,Unfurnished,Phuket,2019.0,7.83473,,0,1,4650000,"Soi Patak 14, Karon, Muang Phuket, Phuket",98.301049,Freehold,Karon,136765.0,4022.0
280.0,51265,3,Detached House,Fully Furnished,Phuket,,7.829206,324.0,0,3,16610000,"Chalong, Muang Phuket, Phuket",98.333126,,Chalong,488529.0,1508.0
56.0,77106,1,Condo,Fully Furnished,Phuket,2012.0,7.939621,,0,1,4317942,"10/33 Kamala, Kammala, Kathu, Phuket",98.292125,,Kammala,126998.0,2268.0
189.0,90116,2,Detached House,Unfurnished,Phuket,,7.8277802,172.0,0,2,15500000,"Karon, Muang Phuket, Phuket",98.3047758,,Karon,455882.0,2650.0
37.0,140358,1,Condo,Fully Furnished,Phuket,2021.0,8.034256,,0,1,5193255,"Soi Layan 4, Choeng Thale, Thalang, Phuket",98.292068,Freehold,Choeng Thale,152743.0,4128.0
171.0,44416,3,Detached House,,Phuket,,8.0410493,501.0,0,3,22252500,"Choeng Thale, Thalang, Phuket",98.2963637,,Choeng Thale,654485.0,1306.0
43.0,102259,1,Apartment,,Phuket,,7.946446,,0,1,4397140,"Kammala, Kathu, Phuket",98.278873,,Kammala,129328.0,3008.0
228.0,71881,2,Detached House,Unfurnished,Phuket,,7.999729,242.0,0,2,17395346,"Choeng Thale, Thalang, Phuket",98.309086,,Choeng Thale,511628.0,2114.0
270.0,20588,3,Detached House,,Phuket,,8.039285,578.0,0,3,11900000,"Pa Khlok, Thalang, Phuket",98.4029648,,Pa Khlok,350000.0,606.0
228.0,81140,2,Detached House,Unfurnished,Phuket,,7.999729,209.0,0,2,16958426,"Choeng Thale, Thalang, Phuket",98.309086,,Choeng Thale,498777.0,2386.0
25.0,132247,1,Condo,Fully Furnished,Phuket,2021.0,8.034256,,0,,3306177,"Soi Layan 4, Choeng Thale, Thalang, Phuket",98.292068,Freehold,Choeng Thale,97240.0,3890.0
380.0,162161,4,Apartment,Fully Furnished,Phuket,,8.0547691,,0,4,61621532,"Sa Khu, Thalang, Phuket",98.2787287,,Sa Khu,1812398.0,4769.0
34.0,94285,1,Apartment,Fully Furnished,Phuket,,7.774218,,0,,3205710,"Rawai, Muang Phuket, Phuket",98.318782,,Rawai,94286.0,2773.0
46.0,98913,1,Apartment,Fully Furnished,Phuket,,7.9066897,,0,1,4550000,"Patong, Kathu, Phuket",98.3052434,,Patong,133824.0,2909.0
41.0,102414,1,Condo,Fully Furnished,Phuket,2012.0,7.817934,,0,1,4199000,"ปฏัก ปฏัก, Karon, Muang Phuket, Phuket",98.312717,,Karon,123500.0,3012.0
428.0,33810,4,Detached House,Unfurnished,Phuket,,7.784806,716.0,0,4,24208400,"Rawai, Muang Phuket, Phuket",98.314167,,Rawai,712012.0,994.0
328.0,60365,5,Detached House,Fully Furnished,Phuket,,7.7968629,328.0,0,4,19800000,"Rawai, Muang Phuket, Phuket",98.3276782,,Rawai,582353.0,1775.0
228.0,80836,2,Detached House,Unfurnished,Phuket,,7.999729,210.0,0,2,16975586,"Choeng Thale, Thalang, Phuket",98.309086,,Choeng Thale,499282.0,2378.0
270.0,15976,4,Detached House,Fully Furnished,Phuket,2012.0,7.964698,876.0,0,4,13995000,"22/1 Thepkrasatti, Ko Kaeo, Muang Phuket, Phuket",98.385007,Freehold,Ko Kaeo,411618.0,470.0
45.0,115555,1,Condo,Fully Furnished,Phuket,2012.0,7.861106,,0,1,5200000,"เจ้าฟ้านอก Chao fah nok, Wichit, Muang Phuket, Phuket",98.35309,Freehold,Wichit,152941.0,3399.0
671.0,35211,4,Detached House,,Phuket,,8.01693,1278.0,0,4,45000000,"Choeng Thale, Thalang, Phuket",98.30354,,Choeng Thale,1323529.0,1036.0
39.0,136799,1,Condo,Unfurnished,Phuket,2022.0,7.979949250487842,,0,1,5335182,"66/2 Soi Hua Tiao, Choeng Thale, Thalang, Phuket",98.288185097334,Freehold,Choeng Thale,156917.0,4024.0
24.000000000000004,112500,1,Condo,Unfurnished,Phuket,2022.0,7.780462,,0,,2700000,"Soi Suanwat, Rawai, Muang Phuket, Phuket",98.316451,Freehold,Rawai,79412.0,3309.0
150.0,47191,2,Detached House,Fully Furnished,Phuket,,7.923988,178.0,0,2,8400000,"Kathu, Kathu, Phuket",98.338001,,Kathu,247059.0,1388.0
34.0,173529,1,Apartment,,Phuket,,7.8856213293388,,0,,5900000,"Patong, Kathu, Phuket",98.283628153381,,Patong,173529.0,5104.0
265.0,48692,5,Detached House,,Phuket,,8.0410493,803.0,0,4,39100000,"Choeng Thale, Thalang, Phuket",98.2963637,,Choeng Thale,1150000.0,1432.0
78.0,79406,2,Condo,Fully Furnished,Phuket,2012.0,7.939621,,0,2,6193727,"10/33 Kamala, Kammala, Kathu, Phuket",98.292125,,Kammala,182168.0,2335.0
360.0,18750,3,Detached House,Fully Furnished,Phuket,,7.9405192199659,600.0,0,4,11250000,"Kammala, Kathu, Phuket",98.292698978882,,Kammala,330882.0,551.0
113.0,117245,2,Townhouse,Fully Furnished,Phuket,,7.9807656,99.0,0,2,13248780,"Choeng Thale, Thalang, Phuket",98.2832322,,Choeng Thale,389670.0,3448.0
35.0,91724,1,Apartment,Fully Furnished,Phuket,,7.774218,,0,,3210360,"Rawai, Muang Phuket, Phuket",98.318782,,Rawai,94422.0,2698.0
280.0,31944,4,Detached House,Fully Furnished,Phuket,,7.8131798,432.0,0,3,13800000,"Rawai, Muang Phuket, Phuket",98.328037,,Rawai,405882.0,940.0
118.0,43402,2,Detached House,Fully Furnished,Phuket,,7.8474619,144.0,0,2,6250000,"Chalong, Muang Phuket, Phuket",98.3613556,,Chalong,183824.0,1277.0
46.0,98913,1,Apartment,Fully Furnished,Phuket,,7.9066897,,0,1,4550000,"Patong, Kathu, Phuket",98.3052434,,Patong,133824.0,2909.0
36.0,125000,1,Condo,,Phuket,2021.0,7.769664,,0,1,4500000,"Thai Highway-4030 Road, Rawai, Muang Phuket, Phuket",98.308717,Freehold,Rawai,132353.0,3676.0
53.00000000000001,110078,1,Condo,Fully Furnished,Phuket,2013.0,7.90159,,0,2,5834150,"Soi Hongyok Utis Yaowarat Road, Talat Yai, Muang Phuket, Phuket",98.378572,Freehold,Talat Yai,171593.0,3238.0
161.0,55279,3,Townhouse,Fully Furnished,Phuket,,7.8243501,78.0,0,3,8900000,"Karon, Muang Phuket, Phuket",98.3004408,,Karon,261765.0,1626.0
188.0,86436,2,Condo,Fully Furnished,Phuket,2012.0,7.800743,,0,2,16250000,"14/5 Wiset, Rawai, Muang Phuket, Phuket",98.337407,Freehold,Rawai,477941.0,2542.0
25.0,132247,1,Condo,Fully Furnished,Phuket,2021.0,8.034256,,0,,3306177,"Soi Layan 4, Choeng Thale, Thalang, Phuket",98.292068,Freehold,Choeng Thale,97240.0,3890.0
43.0,126279,1,Condo,Fully Furnished,Phuket,2012.0,7.817934,,0,1,5430000,"ปฏัก ปฏัก, Karon, Muang Phuket, Phuket",98.312717,,Karon,159706.0,3714.0
115.0,28861,2,Detached House,Fully Furnished,Phuket,,8.015446,536.0,0,2,15470000,"Pa Khlok, Thalang, Phuket",98.392306,,Pa Khlok,455000.0,849.0
45.0,105783,1,Apartment,,Phuket,,7.800243,,0,1,4760270,"Rawai, Muang Phuket, Phuket",98.336727,,Rawai,140008.0,3111.0
29.0,98333,1,Detached House,Fully Furnished,Phuket,2022.0,7.891229,60.0,0,1,5900000,"Hasip Pee Road, Patong, Kathu, Phuket",98.308621,Leasehold,Patong,173529.0,2892.0
113.0,116741,2,Townhouse,Fully Furnished,Phuket,,7.9807656,98.0,0,2,13191740,"Choeng Thale, Thalang, Phuket",98.2832322,,Choeng Thale,387992.0,3434.0
345.0,13448,4,Detached House,Fully Furnished,Phuket,,8.0042788,870.0000000000001,0,3,11700000,"Choeng Thale, Thalang, Phuket",98.3057284,,Choeng Thale,344118.0,396.0
47.0,225225,1,Apartment,Fully Furnished,Phuket,,7.8853267,,0,1,10585610,"Patong, Kathu, Phuket",98.2847522,,Patong,311341.0,6624.0
205.0,38532,3,Detached House,,Phuket,,7.870892,140.0,0,3,5394500,"Talat Yai, Muang Phuket, Phuket",98.396417,,Talat Yai,158662.0,1133.0
224.0,57589,3,Townhouse,Fully Furnished,Phuket,,7.8188211,96.0,0,3,12900000,"Karon, Muang Phuket, Phuket",98.3134162,,Karon,379412.0,1694.0
280.0,48864,3,Detached House,Fully Furnished,Phuket,,7.829206,360.0,0,3,17591200,"Chalong, Muang Phuket, Phuket",98.333126,,Chalong,517388.0,1437.0
143.0,22677,2,Detached House,Fully Furnished,Phuket,,7.953478,478.0,0,3,10840000,"Kammala, Kathu, Phuket",98.289627,,Kammala,318824.0,667.0
113.0,104338,2,Townhouse,Fully Furnished,Phuket,,7.9807656,97.0,0,2,11790230,"Choeng Thale, Thalang, Phuket",98.2832322,,Choeng Thale,346771.0,3069.0
169.0,49382,2,Detached House,Fully Furnished,Phuket,,8.0208143,243.00000000000003,0,2,12000000,"Choeng Thale, Thalang, Phuket",98.3032161,,Choeng Thale,352941.0,1452.0
79.0,44000,2,Detached House,Partially Furnished,Phuket,,7.8129443,200.0,0,2,8800000,"Rawai, Muang Phuket, Phuket",98.3303945,,Rawai,258824.0,1294.0
400.0,15000,5,Detached House,,Phuket,,8.0217197,799.9999999999999,0,4,12000000,"Thep Krasattri, Thalang, Phuket",98.3220615,,Thep Krasattri,352941.0,441.0
170.0,42329,2,Detached House,Fully Furnished,Phuket,,7.829206,316.0,0,2,13376000,"Chalong, Muang Phuket, Phuket",98.333126,,Chalong,393412.0,1245.0
106.0,24720,2,Detached House,Unfurnished,Phuket,,8.0217197,161.0,0,2,3980000,"Thep Krasattri, Thalang, Phuket",98.3220615,,Thep Krasattri,117059.0,727.0
56.0,76785,1,Condo,Fully Furnished,Phuket,2012.0,7.902159,,0,2,4300000,"นาใน Haad Patong, Kammala, Kathu, Phuket",98.308177,Freehold,Kammala,126471.0,2258.0
215.0,40642,3,Detached House,,Phuket,,7.870892,140.0,0,3,5690000,"Talat Yai, Muang Phuket, Phuket",98.396417,,Talat Yai,167353.0,1195.0
127.0,149606,2,Condo,Fully Furnished,Phuket,,7.901053,,0,2,19000000,"Chaloemphrakiat Road, Patong, Kathu, Phuket",98.29949,Freehold,Patong,558824.0,4400.0
28.0,109610,1,Condo,Unfurnished,Phuket,2022.0,7.979949250487842,,0,,3069080,"66/2 Soi Hua Tiao, Choeng Thale, Thalang, Phuket",98.288185097334,Freehold,Choeng Thale,90267.0,3224.0
40.0,128975,1,Condo,Unfurnished,Phuket,2022.0,7.979949250487842,,0,1,5159015,"66/2 Soi Hua Tiao, Choeng Thale, Thalang, Phuket",98.288185097334,Freehold,Choeng Thale,151736.0,3793.0
390.0,39215,4,Detached House,Unfurnished,Phuket,,8.029712,624.0,0,4,24470160,"Thep Krasattri, Thalang, Phuket",98.3103542,,Thep Krasattri,719711.0,1153.0
34.0,124705,1,Condo,,Phuket,2019.0,7.947589,,0,,4240000,"63/1 Sirinart Road, Patong, Kathu, Phuket",98.271956,Freehold,Patong,124706.0,3668.0
32.0,82500,1,Condo,Fully Furnished,Phuket,2014.0,7.992271,,0,1,2640000,"Thep Kasattri Thep Kasattri, Choeng Thale, Thalang, Phuket",98.30626,Freehold,Choeng Thale,77647.0,2426.0
140.0,26960,2,Detached House,Fully Furnished,Phuket,,7.822932,204.0,0,2,5500000,"Rawai, Muang Phuket, Phuket",98.33744,,Rawai,161765.0,793.0
304.0,67049,4,Detached House,Fully Furnished,Phuket,,7.972725,1044.0,0,4,70000000,"Choeng Thale, Thalang, Phuket",98.281885,,Choeng Thale,2058824.0,1972.0
483.0,122153,4,Condo,Fully Furnished,Phuket,2014.0,7.8210654,,0,4,59000000,"Kata Kata, Karon, Muang Phuket, Phuket",98.2993432,Freehold,Karon,1735294.0,3593.0
228.0,77749,2,Detached House,Unfurnished,Phuket,,7.999729,220.0,0,2,17104946,"Choeng Thale, Thalang, Phuket",98.309086,,Choeng Thale,503087.0,2287.0
106.0,24567,2,Detached House,Unfurnished,Phuket,,8.0217197,162.0,0,2,3980000,"Thep Krasattri, Thalang, Phuket",98.3220615,,Thep Krasattri,117059.0,723.0
428.0,34741,4,Detached House,Unfurnished,Phuket,,7.784806,711.0,0,4,24701300,"Rawai, Muang Phuket, Phuket",98.314167,,Rawai,726509.0,1022.0
28.0,109610,1,Condo,Unfurnished,Phuket,2022.0,7.979949250487842,,0,,3069080,"66/2 Soi Hua Tiao, Choeng Thale, Thalang, Phuket",98.288185097334,Freehold,Choeng Thale,90267.0,3224.0
244.00000000000003,42263,2,Detached House,Unfurnished,Phuket,,8.0559426,296.0,0,3,12510000,"Thep Krasattri, Thalang, Phuket",98.3193737,,Thep Krasattri,367941.0,1243.0
47.0,219242,1,Apartment,Fully Furnished,Phuket,,7.8853267,,0,1,10304379,"Patong, Kathu, Phuket",98.2847522,,Patong,303070.0,6448.0
425.0,62591,4,Detached House,Unfurnished,Phuket,,8.0947785,403.0,0,4,25224360,"Thep Krasattri, Thalang, Phuket",98.3630926,,Thep Krasattri,741893.0,1841.0
34.0,92507,1,Apartment,Fully Furnished,Phuket,,7.774218,,0,,3145260,"Rawai, Muang Phuket, Phuket",98.318782,,Rawai,92508.0,2721.0
34.0,135294,1,Condo,Unfurnished,Phuket,2019.0,7.83473,,0,1,4600000,"Soi Patak 14, Karon, Muang Phuket, Phuket",98.301049,Freehold,Karon,135294.0,3979.0
39.0,58974,1,Apartment,Fully Furnished,Phuket,,7.7983336,,0,1,2300000,"Rawai, Muang Phuket, Phuket",98.3257699,,Rawai,67647.0,1735.0
69.0,90543,2,Condo,Fully Furnished,Phuket,2012.0,7.817934,,0,2,6247500,"ปฏัก ปฏัก, Karon, Muang Phuket, Phuket",98.312717,,Karon,183750.0,2663.0
385.0,32578,3,Detached House,Unfurnished,Phuket,,7.784806,675.0,0,3,21990300,"Rawai, Muang Phuket, Phuket",98.314167,,Rawai,646774.0,958.0
473.0,53911,3,Townhouse,Fully Furnished,Phuket,,7.784154,158.0,0,3,25500000,"Rawai, Muang Phuket, Phuket",98.333949,,Rawai,750000.0,1586.0
268.0,75000,3,Detached House,Fully Furnished,Phuket,2012.0,7.991829,280.0,0,3,21000000,"171/7 Cape Yamu, Pa Khlok, Thalang, Phuket",98.414609,Freehold,Pa Khlok,617647.0,2206.0
71.0,59452,1,Detached House,Unfurnished,Phuket,,8.0735844,84.0,0,2,4994000,"Thep Krasattri, Thalang, Phuket",98.3460048,,Thep Krasattri,146882.0,1749.0
390.0,40250,4,Detached House,Unfurnished,Phuket,,8.029712,600.0,0,4,24150000,"Thep Krasattri, Thalang, Phuket",98.3103542,,Thep Krasattri,710294.0,1184.0
81.0,107733,1,Condo,Fully Furnished,Phuket,2012.0,7.9027973,,0,1,8726400,"พระบารมี พระบารมี, Patong, Kathu, Phuket",98.3080182,,Patong,256659.0,3169.0
34.0,86470,1,Condo,Fully Furnished,Phuket,2014.0,7.909715,,0,1,2940000,"155 Chalerm Phrakiat Rama 9 Road, Ratsada, Muang Phuket, Phuket",98.3689,Freehold,Ratsada,86471.0,2543.0
106.0,24567,2,Detached House,Unfurnished,Phuket,,8.0217197,162.0,0,2,3980000,"Thep Krasattri, Thalang, Phuket",98.3220615,,Thep Krasattri,117059.0,723.0
427.0,158189,4,Detached House,Fully Furnished,Phuket,,7.9847714,607.0,0,3,96021000,"Pa Khlok, Thalang, Phuket",98.4210194,,Pa Khlok,2824147.0,4653.0
99.0,97989,3,Detached House,Unfurnished,Phuket,,7.773505,178.0,0,2,17442100,"Rawai, Muang Phuket, Phuket",98.314949,,Rawai,513003.0,2882.0
79.0,44000,2,Detached House,Partially Furnished,Phuket,,7.8129443,200.0,0,2,8800000,"Rawai, Muang Phuket, Phuket",98.3303945,,Rawai,258824.0,1294.0
314.0,79661,4,Detached House,,Phuket,,8.0634729,590.0,0,4,47000000,"Sa Khu, Thalang, Phuket",98.2831541,,Sa Khu,1382353.0,2343.0
103.0,58552,3,Detached House,Fully Furnished,Phuket,,7.9450441,152.0,0,2,8900000,"Kammala, Kathu, Phuket",98.2929626,,Kammala,261765.0,1722.0
37.0,97761,1,Apartment,Fully Furnished,Phuket,,7.774218,,0,,3617180,"Rawai, Muang Phuket, Phuket",98.318782,,Rawai,106388.0,2875.0
1331.0,49618,5,Detached House,Fully Furnished,Phuket,,7.9876879,3406.0,0,4,169000000,"Pa Khlok, Thalang, Phuket",98.4212858,,Pa Khlok,4970588.0,1459.0
767.0,54392,8,Detached House,Fully Furnished,Phuket,,7.9737702,3677.0,0,7,200000000,"Choeng Thale, Thalang, Phuket",98.281889,,Choeng Thale,5882353.0,1600.0
108.0,194444,2,Condo,,Phuket,2014.0,7.8210654,,0,2,21000000,"Kata Kata, Karon, Muang Phuket, Phuket",98.2993432,Freehold,Karon,617647.0,5719.0
24.000000000000004,114583,1,Condo,Unfurnished,Phuket,2019.0,7.896310937532187,,0,,2750000,"Vichitsongkram Road, Kathu, Kathu, Phuket",98.35070775622904,Freehold,Kathu,80882.0,3370.0
46.0,84782,1,Apartment,Fully Furnished,Phuket,,7.9066897,,0,1,3900000,"Patong, Kathu, Phuket",98.3052434,,Patong,114706.0,2494.0
240.0,159107,2,Detached House,Unfurnished,Phuket,,7.9764034,224.0,0,3,35640000,"Choeng Thale, Thalang, Phuket",98.2819472,,Choeng Thale,1048235.0,4680.0
27.0,107407,1,Apartment,Fully Furnished,Phuket,,7.9803859,,0,1,2900000,"Choeng Thale, Thalang, Phuket",98.2832443,,Choeng Thale,85294.0,3159.0
120.0,25800,3,Detached House,,Phuket,,7.7965266,500.0,0,2,12900000,"Rawai, Muang Phuket, Phuket",98.3194935,,Rawai,379412.0,759.0
485.0,40706,4,Detached House,Unfurnished,Phuket,,7.784806,781.0,0,4,31792000,"Rawai, Muang Phuket, Phuket",98.314167,,Rawai,935059.0,1197.0
86.0,66869,2,Detached House,Unfurnished,Phuket,,7.9959981,93.0,0,3,6218824,"Pa Khlok, Thalang, Phuket",98.4034833,,Pa Khlok,182907.0,1967.0
540.0,25458,6,Detached House,Fully Furnished,Phuket,,7.798473,982.0,0,4,25000000,"Rawai, Muang Phuket, Phuket",98.33482,,Rawai,735294.0,749.0
173.0,21965,2,Townhouse,Fully Furnished,Phuket,,7.950269,104.0,0,2,3800000,"Kammala, Kathu, Phuket",98.291819,,Kammala,111765.0,646.0
466.00000000000006,29017,5,Detached House,Fully Furnished,Phuket,,8.0710407,2240.0,0,4,65000000,"Pa Khlok, Thalang, Phuket",98.4380676,,Pa Khlok,1911765.0,853.0
118.0,43402,2,Detached House,Fully Furnished,Phuket,,7.8474619,144.0,0,2,6250000,"Chalong, Muang Phuket, Phuket",98.3613556,,Chalong,183824.0,1277.0
96.0,121504,2,Condo,Fully Furnished,Phuket,2012.0,7.9027973,,0,2,11664400,"พระบารมี พระบารมี, Patong, Kathu, Phuket",98.3080182,,Patong,343071.0,3574.0
71.0,59452,1,Detached House,Unfurnished,Phuket,,8.0735844,84.0,0,2,4994000,"Thep Krasattri, Thalang, Phuket",98.3460048,,Thep Krasattri,146882.0,1749.0
126.0,126984,1,Apartment,Fully Furnished,Phuket,,7.8799328401953,,0,2,16000000,"Patong, Kathu, Phuket",98.297765962616,,Patong,470588.0,3735.0
308.0,51630,2,Detached House,Fully Furnished,Phuket,,8.0038498,184.0,0,2,9500000,"Sri Sunthon, Thalang, Phuket",98.3193474,,Sri Sunthon,279412.0,1519.0
238.0,75630,2,Townhouse,Unfurnished,Phuket,2012.0,8.020299,480.0,0,3,18000000,"116/13 Laguna, Choeng Thale, Thalang, Phuket",98.30029,Freehold,Choeng Thale,529412.0,2224.0
275.0,45454,4,Detached House,Fully Furnished,Phuket,,8.003166,418.0,0,4,19000000,"Sri Sunthon, Thalang, Phuket",98.321086,,Sri Sunthon,558824.0,1337.0
68.0,129694,1,Condo,,Phuket,2019.0,7.947589,,0,2,8819200,"63/1 Sirinart Road, Patong, Kathu, Phuket",98.271956,Freehold,Patong,259388.0,3815.0
390.0,41226,4,Detached House,Unfurnished,Phuket,,8.029712,579.0,0,4,23869860,"Thep Krasattri, Thalang, Phuket",98.3103542,,Thep Krasattri,702055.0,1213.0
300.0,25277,4,Detached House,Fully Furnished,Phuket,,7.9085679,360.0,0,3,9100000,"Ratsada, Muang Phuket, Phuket",98.3825322,,Ratsada,267647.0,743.0
162.0,22949,2,Detached House,Unfurnished,Phuket,,8.0217197,456.0,0,3,10465000,"Thep Krasattri, Thalang, Phuket",98.3220615,,Thep Krasattri,307794.0,675.0
39.0,136799,1,Condo,Unfurnished,Phuket,2022.0,7.979949250487842,,0,1,5335182,"66/2 Soi Hua Tiao, Choeng Thale, Thalang, Phuket",98.288185097334,Freehold,Choeng Thale,156917.0,4024.0
345.0,84057,3,Apartment,Fully Furnished,Phuket,2012.0,8.029699,,0,3,29000000,"ป่าตอง Layan, Choeng Thale, Thalang, Phuket",98.294885,Freehold,Choeng Thale,852941.0,2472.0
224.0,34726,2,Detached House,Fully Furnished,Phuket,,7.9808233,311.0,0,2,10800000,"Sri Sunthon, Thalang, Phuket",98.3293557,,Sri Sunthon,317647.0,1021.0
105.0,33333,1,Apartment,Fully Furnished,Phuket,,7.9823123,,0,2,3500000,"Choeng Thale, Thalang, Phuket",98.285272,,Choeng Thale,102941.0,980.0
86.0,43478,2,Detached House,,Phuket,,8.0561743,207.0,0,2,9000000,"Thep Krasattri, Thalang, Phuket",98.3224478,,Thep Krasattri,264706.0,1279.0
400.0,54216,4,Detached House,Partially Furnished,Phuket,,7.901831,332.0,0,7,18000000,"Kathu, Kathu, Phuket",98.348207,,Kathu,529412.0,1595.0
54.0,76666,1,Detached House,,Phuket,,8.015873,90.0,0,1,6900000,"Pa Khlok, Thalang, Phuket",98.391993,,Pa Khlok,202941.0,2255.0
950.0,13809,10,Detached House,Fully Furnished,Phuket,,7.9403704563848,2100.0,0,10,29000000,"Kammala, Kathu, Phuket",98.293664574127,,Kammala,852941.0,406.0
218.0,23469,3,Detached House,Fully Furnished,Phuket,,7.984041,490.0,0,2,11500000,"Choeng Thale, Thalang, Phuket",98.296581,,Choeng Thale,338235.0,690.0
82.0,105435,1,Condo,Fully Furnished,Phuket,2012.0,7.9027973,,0,1,8645700,"พระบารมี พระบารมี, Patong, Kathu, Phuket",98.3080182,,Patong,254285.0,3101.0
42.0,83333,1,Condo,Fully Furnished,Phuket,2012.0,7.976032,,0,,3500000,"25/3 Hadsurin, Choeng Thale, Thalang, Phuket",98.282733,Freehold,Choeng Thale,102941.0,2451.0
81.0,58315,2,Condo,Fully Furnished,Phuket,2012.0,7.939621,,0,2,4723520,"10/33 Kamala, Kammala, Kathu, Phuket",98.292125,,Kammala,138927.0,1715.0
93.0,65591,1,Condo,Fully Furnished,Phuket,2012.0,7.817934,,0,2,6100000,"ปฏัก ปฏัก, Karon, Muang Phuket, Phuket",98.312717,,Karon,179412.0,1929.0
403.0,40540,4,Detached House,Unfurnished,Phuket,,7.9973156,407.0,0,3,16500000,"Sri Sunthon, Thalang, Phuket",98.3319549,,Sri Sunthon,485294.0,1192.0
51.0,117647,1,Apartment,Fully Furnished,Phuket,,7.9919018222168,,0,2,6000000,"Choeng Thale, Thalang, Phuket",98.299223321081,,Choeng Thale,176471.0,3460.0
682.0,54145,5,Detached House,Fully Furnished,Phuket,,7.963273,772.0,0,4,41800000,"Sri Sunthon, Thalang, Phuket",98.347374,,Sri Sunthon,1229412.0,1592.0
162.0,23858,2,Detached House,Unfurnished,Phuket,,8.0217197,303.0,0,3,7229148,"Thep Krasattri, Thalang, Phuket",98.3220615,,Thep Krasattri,212622.0,702.0
190.0,39103,4,Detached House,Unfurnished,Phuket,,8.029712,421.0,0,3,16462500,"Thep Krasattri, Thalang, Phuket",98.3103542,,Thep Krasattri,484191.0,1150.0
320.0,12083,11,Detached House,Fully Furnished,Phuket,,8.0822856,2400.0,0,10,29000000,"Sa Khu, Thalang, Phuket",98.3013802,,Sa Khu,852941.0,355.0
45.0,100216,1,Apartment,,Phuket,,7.800243,,0,1,4509729,"Rawai, Muang Phuket, Phuket",98.336727,,Rawai,132639.0,2948.0
99.0,123331,3,Detached House,Unfurnished,Phuket,,7.773505,133.0,0,2,16403100,"Rawai, Muang Phuket, Phuket",98.314949,,Rawai,482444.0,3627.0
72.0,62500,1,Condo,Fully Furnished,Phuket,2012.0,7.817934,,0,2,4500000,"ปฏัก ปฏัก, Karon, Muang Phuket, Phuket",98.312717,,Karon,132353.0,1838.0
217.0,61357,3,Detached House,Unfurnished,Phuket,,7.773505,409.0,0,3,25095100,"Rawai, Muang Phuket, Phuket",98.314949,,Rawai,738091.0,1805.0
36.0,116666,1,Condo,,Phuket,2021.0,7.769664,,0,1,4200000,"Thai Highway-4030 Road, Rawai, Muang Phuket, Phuket",98.308717,Freehold,Rawai,123529.0,3431.0
36.0,97000,1,Condo,,Phuket,2021.0,7.769664,,0,1,3492000,"Thai Highway-4030 Road, Rawai, Muang Phuket, Phuket",98.308717,Freehold,Rawai,102706.0,2853.0
28.0,120345,1,Condo,Unfurnished,Phuket,2022.0,7.979949250487842,,0,,3369660,"66/2 Soi Hua Tiao, Choeng Thale, Thalang, Phuket",98.288185097334,Freehold,Choeng Thale,99108.0,3540.0
65.0,90769,1,Condo,Fully Furnished,Phuket,2020.0,7.946718,,0,1,5900000,"Kammala, Kathu, Phuket",98.268805,Freehold,Kammala,173529.0,2670.0
700.0,37142,7,Apartment,,Phuket,,7.8817505310385,,0,7,26000000,"Patong, Kathu, Phuket",98.29985291789,,Patong,764706.0,1092.0
155.0,80645,3,Apartment,Fully Furnished,Phuket,,7.770841,,0,3,12500000,"Rawai, Muang Phuket, Phuket",98.315238,,Rawai,367647.0,2372.0
171.0,44008,3,Detached House,Fully Furnished,Phuket,,8.019697,459.0,0,3,20200000,"Thep Krasattri, Thalang, Phuket",98.3151961,,Thep Krasattri,594118.0,1294.0
38.0,107894,1,Apartment,Fully Furnished,Phuket,,7.9062503,,0,,4100000,"Patong, Kathu, Phuket",98.3036522,,Patong,120588.0,3173.0
1800.0,123306,8,Detached House,Fully Furnished,Phuket,,7.9735629893669,1240.0,0,8,152900000,"Choeng Thale, Thalang, Phuket",98.28624001615,,Choeng Thale,4497059.0,3627.0
170.0,41929,2,Detached House,Fully Furnished,Phuket,,7.829206,324.0,0,2,13585000,"Chalong, Muang Phuket, Phuket",98.333126,,Chalong,399559.0,1233.0
34.0,88698,1,Apartment,Fully Furnished,Phuket,,7.774218,,0,,3015760,"Rawai, Muang Phuket, Phuket",98.318782,,Rawai,88699.0,2609.0
1300.0,42000,5,Detached House,Fully Furnished,Phuket,,7.9876879,4000.0,0,5,168000000,"Pa Khlok, Thalang, Phuket",98.4212858,,Pa Khlok,4941176.0,1235.0
265.0,27343,3,Detached House,Fully Furnished,Phuket,,7.984041,768.0000000000001,0,2,21000000,"Choeng Thale, Thalang, Phuket",98.296581,,Choeng Thale,617647.0,804.0
117.0,52927,1,Condo,Fully Furnished,Phuket,2012.0,7.939621,,0,1,6192520,"10/33 Kamala, Kammala, Kathu, Phuket",98.292125,,Kammala,182133.0,1557.0
328.0,60365,5,Detached House,Fully Furnished,Phuket,,7.7968629,328.0,0,4,19800000,"Rawai, Muang Phuket, Phuket",98.3276782,,Rawai,582353.0,1775.0
500.0,35294,4,Detached House,Fully Furnished,Phuket,,7.984041,850.0,0,4,30000000,"Choeng Thale, Thalang, Phuket",98.296581,,Choeng Thale,882353.0,1038.0
103.0,48108,3,Detached House,Fully Furnished,Phuket,,7.9450441,185.0,0,2,8900000,"Kammala, Kathu, Phuket",98.2929626,,Kammala,261765.0,1415.0
70.0,85714,1,Apartment,Fully Furnished,Phuket,,7.877447,,0,1,6000000,"Patong, Kathu, Phuket",98.298738,,Patong,176471.0,2521.0
60.0,53333,2,Condo,Fully Furnished,Phuket,2013.0,7.905038,,0,2,3200000,". ถนนวิชิตสงคราม ตำบลกะทู้ อำเภอกะทู้ ภูเก็ต, Kammala, Kathu, Phuket",98.334944,Freehold,Kammala,94118.0,1569.0
675.0,297615,4,Detached House,Fully Furnished,Phuket,,7.9847714,531.0,0,3,158034000,"Pa Khlok, Thalang, Phuket",98.4210194,,Pa Khlok,4648059.0,8753.0
314.0,73611,4,Detached House,,Phuket,,8.0634729,720.0,0,4,53000000,"Sa Khu, Thalang, Phuket",98.2831541,,Sa Khu,1558824.0,2165.0
113.0,45562,2,Detached House,,Phuket,,8.019697,199.0,0,2,9067000,"Thep Krasattri, Thalang, Phuket",98.3151961,,Thep Krasattri,266676.0,1340.0
34.0,70588,1,Apartment,Fully Furnished,Phuket,,7.7983336,,0,1,2400000,"Rawai, Muang Phuket, Phuket",98.3257699,,Rawai,70588.0,2076.0
161.0,35937,3,Detached House,Unfurnished,Phuket,,7.953493,160.0,0,3,5750000,"Ko Kaeo, Muang Phuket, Phuket",98.383145,,Ko Kaeo,169118.0,1057.0
65.0,90769,1,Condo,Fully Furnished,Phuket,2020.0,7.946718,,0,1,5900000,"Kammala, Kathu, Phuket",98.268805,Freehold,Kammala,173529.0,2670.0
352.0,31250,5,Detached House,Fully Furnished,Phuket,,8.0050766,799.9999999999999,0,4,25000000,"Choeng Thale, Thalang, Phuket",98.3084686,,Choeng Thale,735294.0,919.0
78.0,76717,2,Condo,Fully Furnished,Phuket,2012.0,7.939621,,0,2,5983997,"10/33 Kamala, Kammala, Kathu, Phuket",98.292125,,Kammala,176000.0,2256.0
43.0,137209,1,Condo,Fully Furnished,Phuket,2012.0,7.817934,,0,1,5900000,"ปฏัก ปฏัก, Karon, Muang Phuket, Phuket",98.312717,,Karon,173529.0,4036.0
36.0,97000,1,Condo,,Phuket,2021.0,7.769664,,0,1,3492000,"Thai Highway-4030 Road, Rawai, Muang Phuket, Phuket",98.308717,Freehold,Rawai,102706.0,2853.0
118.0,43402,2,Detached House,Fully Furnished,Phuket,,7.8474619,144.0,0,2,6250000,"Chalong, Muang Phuket, Phuket",98.3613556,,Chalong,183824.0,1277.0
198.0,60606,3,Townhouse,Fully Furnished,Phuket,,7.941227,156.0,0,2,12000000,"Kammala, Kathu, Phuket",98.280562,,Kammala,352941.0,1783.0
172.0,57798,2,Detached House,Fully Furnished,Phuket,,7.7746432,218.0,0,2,12600000,"Rawai, Muang Phuket, Phuket",98.3215201,,Rawai,370588.0,1700.0
26.0,122634,1,Apartment,,Phuket,,7.800243,,0,,3188493,"Rawai, Muang Phuket, Phuket",98.336727,,Rawai,93779.0,3607.0
241.0,290456,3,Apartment,Fully Furnished,Phuket,,7.8132109,,0,3,70000000,"Karon, Muang Phuket, Phuket",98.2975817,,Karon,2058824.0,8543.0
59.0,93220,1,Condo,Fully Furnished,Phuket,2012.0,7.817934,,0,1,5500000,"ปฏัก ปฏัก, Karon, Muang Phuket, Phuket",98.312717,,Karon,161765.0,2742.0
651.0,251187,4,Detached House,Fully Furnished,Phuket,,7.9847714,607.0,0,3,152471000,"Pa Khlok, Thalang, Phuket",98.4210194,,Pa Khlok,4484441.0,7388.0
24.000000000000004,112500,1,Condo,Unfurnished,Phuket,2022.0,7.780462,,0,,2700000,"Soi Suanwat, Rawai, Muang Phuket, Phuket",98.316451,Freehold,Rawai,79412.0,3309.0
383.0,103982,2,Detached House,Unfurnished,Phuket,,7.8277802,226.0,0,3,23500000,"Karon, Muang Phuket, Phuket",98.3047758,,Karon,691176.0,3058.0
99.0,94184,3,Detached House,Unfurnished,Phuket,,7.773505,173.0,0,2,16294000,"Rawai, Muang Phuket, Phuket",98.314949,,Rawai,479235.0,2770.0
150.0,36950,3,Detached House,Fully Furnished,Phuket,,7.783951,341.0,0,2,12600000,"Rawai, Muang Phuket, Phuket",98.3014822,,Rawai,370588.0,1087.0
56.0,252000,1,Apartment,Fully Furnished,Phuket,2018.0,7.894849,,0,1,14112000,"33/1 Taweewong Road, Patong, Kathu, Phuket",98.295598,Freehold,Patong,415059.0,7412.0
240.0,103333,3,Detached House,Fully Furnished,Phuket,,7.885728,150.0,0,3,15500000,"Patong, Kathu, Phuket",98.283006,,Patong,455882.0,3039.0
24.000000000000004,112500,1,Condo,Unfurnished,Phuket,2022.0,7.780462,,0,,2700000,"Soi Suanwat, Rawai, Muang Phuket, Phuket",98.316451,Freehold,Rawai,79412.0,3309.0
107.0,137383,2,Condo,,Phuket,2014.0,7.8210654,,0,2,14700000,"Kata Kata, Karon, Muang Phuket, Phuket",98.2993432,Freehold,Karon,432353.0,4041.0
190.0,28119,3,Detached House,Fully Furnished,Phuket,,8.0165804,569.0,0,3,16000000,"Choeng Thale, Thalang, Phuket",98.3133349,,Choeng Thale,470588.0,827.0
829.0,145900,5,Detached House,Fully Furnished,Phuket,,7.9667929,1244.0,0,5,181500000,"Ko Kaeo, Muang Phuket, Phuket",98.3907539,,Ko Kaeo,5338235.0,4291.0
248.0,127821,2,Detached House,Fully Furnished,Phuket,,7.9847714,481.0,0,2,61482000,"Pa Khlok, Thalang, Phuket",98.4210194,,Pa Khlok,1808294.0,3759.0
246.0,88571,3,Detached House,,Phuket,,8.0634729,350.0,0,3,31000000,"Sa Khu, Thalang, Phuket",98.2831541,,Sa Khu,911765.0,2605.0
473.0,53911,3,Townhouse,Fully Furnished,Phuket,,7.784154,159.0,0,3,25500000,"Rawai, Muang Phuket, Phuket",98.333949,,Rawai,750000.0,1586.0
230.0,49002,3,Detached House,Fully Furnished,Phuket,,7.7746432,351.0,0,3,17200000,"Rawai, Muang Phuket, Phuket",98.3215201,,Rawai,505882.0,1441.0
46.0,98913,1,Apartment,Fully Furnished,Phuket,,7.9066897,,0,1,4550000,"Patong, Kathu, Phuket",98.3052434,,Patong,133824.0,2909.0
54.0,76666,1,Detached House,,Phuket,,8.015873,90.0,0,1,6900000,"Pa Khlok, Thalang, Phuket",98.391993,,Pa Khlok,202941.0,2255.0
35.0,122172,1,Apartment,,Phuket,,7.800243,,0,,4276041,"Rawai, Muang Phuket, Phuket",98.336727,,Rawai,125766.0,3593.0
217.0,61098,3,Detached House,Unfurnished,Phuket,,7.773505,411.0,0,3,25111500,"Rawai, Muang Phuket, Phuket",98.314949,,Rawai,738574.0,1797.0
1096.0,18939,6,Detached House,Fully Furnished,Phuket,,7.8643276,1320.0,0,6,25000000,"Wichit, Muang Phuket, Phuket",98.347151,,Wichit,735294.0,557.0
459.0,45044,3,Detached House,Fully Furnished,Phuket,,7.948023,404.00000000000006,0,2,18198000,"Kammala, Kathu, Phuket",98.285463,,Kammala,535235.0,1325.0
290.0,40020,3,Detached House,Unfurnished,Phuket,,8.029712,450.0,0,3,18009000,"Thep Krasattri, Thalang, Phuket",98.3103542,,Thep Krasattri,529676.0,1177.0
46.0,115217,1,Condo,Fully Furnished,Phuket,2012.0,7.861106,,0,1,5300000,"เจ้าฟ้านอก Chao fah nok, Wichit, Muang Phuket, Phuket",98.35309,Freehold,Wichit,155882.0,3389.0
266.0,36123,4,Detached House,,Phuket,,8.015535,436.0,0,3,15750000,"Choeng Thale, Thalang, Phuket",98.310563,,Choeng Thale,463235.0,1062.0
265.0,13089,3,Detached House,Fully Furnished,Phuket,,7.833024,955.0,0,4,12500000,"Chalong, Muang Phuket, Phuket",98.348272,,Chalong,367647.0,385.0
48.00000000000001,105656,1,Condo,Fully Furnished,Phuket,2012.0,7.9027973,,0,1,5071500,"พระบารมี พระบารมี, Patong, Kathu, Phuket",98.3080182,,Patong,149162.0,3108.0
42.0,107142,1,Condo,,Phuket,2021.0,7.769664,,0,1,4500000,"Thai Highway-4030 Road, Rawai, Muang Phuket, Phuket",98.308717,Freehold,Rawai,132353.0,3151.0
34.0,139705,1,Condo,Unfurnished,Phuket,2019.0,7.83473,,0,1,4750000,"Soi Patak 14, Karon, Muang Phuket, Phuket",98.301049,Freehold,Karon,139706.0,4109.0
32.0,75937,1,Condo,Fully Furnished,Phuket,2014.0,7.992271,,0,1,2430000,"Thep Kasattri Thep Kasattri, Choeng Thale, Thalang, Phuket",98.30626,Freehold,Choeng Thale,71471.0,2233.0
196.0,27227,2,Detached House,Unfurnished,Phuket,,8.086387,808.0000000000001,0,2,22000000,"Thep Krasattri, Thalang, Phuket",98.341397,,Thep Krasattri,647059.0,801.0
34.0,129694,1,Condo,,Phuket,2019.0,7.947589,,0,,4409600,"63/1 Sirinart Road, Patong, Kathu, Phuket",98.271956,Freehold,Patong,129694.0,3815.0
272.0,35890,2,Detached House,Fully Furnished,Phuket,,7.788101,478.0,0,2,17155850,"Rawai, Muang Phuket, Phuket",98.311855,,Rawai,504584.0,1056.0
321.0,23364,7,Townhouse,Unfurnished,Phuket,,7.797271,107.0,0,6,7500000,"Rawai, Muang Phuket, Phuket",98.327485,,Rawai,220588.0,687.0
360.0,23090,5,Detached House,Fully Furnished,Phuket,,8.00311,1100.0,0,3,25400000,"Choeng Thale, Thalang, Phuket",98.316262,,Choeng Thale,747059.0,679.0
320.0,49423,4,Detached House,Fully Furnished,Phuket,,7.829206,402.0,0,4,19868200,"Chalong, Muang Phuket, Phuket",98.333126,,Chalong,584359.0,1454.0
76.0,102631,1,Condo,Fully Furnished,Phuket,2012.0,7.817934,,0,2,7800000,"ปฏัก ปฏัก, Karon, Muang Phuket, Phuket",98.312717,,Karon,229412.0,3019.0
106.0,24567,2,Detached House,Unfurnished,Phuket,,8.0217197,162.0,0,2,3980000,"Thep Krasattri, Thalang, Phuket",98.3220615,,Thep Krasattri,117059.0,723.0
485.0,44970,4,Detached House,,Phuket,,7.9998696,585.0,0,3,26307820,"Choeng Thale, Thalang, Phuket",98.3059654,,Choeng Thale,773759.0,1323.0
129.0,40512,2,Detached House,Unfurnished,Phuket,,7.794091,195.0,0,2,7900000,"Rawai, Muang Phuket, Phuket",98.322848,,Rawai,232353.0,1192.0
361.0,70108,3,Detached House,Unfurnished,Phuket,,7.999729,298.0,0,3,20892374,"Choeng Thale, Thalang, Phuket",98.309086,,Choeng Thale,614482.0,2062.0
117.0,116239,3,Condo,,Phuket,2014.0,7.8210654,,0,3,13600000,"Kata Kata, Karon, Muang Phuket, Phuket",98.2993432,Freehold,Karon,400000.0,3419.0
25.0,131264,1,Condo,Fully Furnished,Phuket,2021.0,8.034256,,0,,3281609,"Soi Layan 4, Choeng Thale, Thalang, Phuket",98.292068,Freehold,Choeng Thale,96518.0,3861.0
106.0,80283,1,Apartment,Unfurnished,Phuket,,7.8358342,,0,1,8510000,"Karon, Muang Phuket, Phuket",98.2999577,,Karon,250294.0,2361.0
390.0,40250,4,Detached House,Unfurnished,Phuket,,8.029712,600.0,0,4,24150000,"Thep Krasattri, Thalang, Phuket",98.3103542,,Thep Krasattri,710294.0,1184.0
30.0,87500,1,Condo,Fully Furnished,Phuket,2012.0,8.0463515,,0,1,2625000,"Thep Kasattri Thep Kasattri, Karon, Muang Phuket, Phuket",98.3363856,Freehold,Karon,77206.0,2574.0
29.0,98333,1,Detached House,Fully Furnished,Phuket,2022.0,7.891229,60.0,0,1,5900000,"Hasip Pee Road, Patong, Kathu, Phuket",98.308621,Leasehold,Patong,173529.0,2892.0
380.0,33101,3,Detached House,Fully Furnished,Phuket,,8.0217146,719.0,0,3,23800000,"Thep Krasattri, Thalang, Phuket",98.3191074,,Thep Krasattri,700000.0,974.0
472.0,93024,5,Detached House,Fully Furnished,Phuket,,8.022707,555.0,0,4,51628851,"Choeng Thale, Thalang, Phuket",98.2989782,,Choeng Thale,1518496.0,2736.0
155.0,146341,2,Detached House,Unfurnished,Phuket,2020.0,8.136234,82.0,0,2,12000000,"Thepkasattri Road, Mai Khao, Thalang, Phuket",98.337696,Freehold,Mai Khao,352941.0,4304.0
132.0,148097,2,Condo,,Phuket,2014.0,7.8210654,,0,2,19548900,"Kata Kata, Karon, Muang Phuket, Phuket",98.2993432,Freehold,Karon,574968.0,4356.0
57.99999999999999,96379,2,Condo,Fully Furnished,Phuket,2014.0,7.889122,,0,2,5590000,"Wichit Songkhram  Wichit Songkhram, Wichit, Muang Phuket, Phuket",98.365071,Freehold,Wichit,164412.0,2835.0
150.0,15600,2,Detached House,Unfurnished,Phuket,,7.7916582,500.0,0,2,7800000,"Rawai, Muang Phuket, Phuket",98.3283234,,Rawai,229412.0,459.0
24.000000000000004,110416,1,Condo,Unfurnished,Phuket,2019.0,7.896310937532187,,0,,2650000,"Vichitsongkram Road, Kathu, Kathu, Phuket",98.35070775622904,Freehold,Kathu,77941.0,3248.0
150.0,52838,2,Detached House,Fully Furnished,Phuket,,7.7746432,229.0,0,2,12100000,"Rawai, Muang Phuket, Phuket",98.3215201,,Rawai,355882.0,1554.0
162.0,29166,3,Townhouse,Partially Furnished,Phuket,,7.883523,80.0,0,3,4725000,"Talat Yai, Muang Phuket, Phuket",98.398836,,Talat Yai,138971.0,858.0
43.0,100980,1,Apartment,,Phuket,,7.946446,,0,1,4342176,"Kammala, Kathu, Phuket",98.278873,,Kammala,127711.0,2970.0
161.0,34937,3,Detached House,Unfurnished,Phuket,,7.953493,160.0,0,3,5590000,"Ko Kaeo, Muang Phuket, Phuket",98.383145,,Ko Kaeo,164412.0,1028.0
39.0,61923,1,Condo,Fully Furnished,Phuket,2012.0,7.8807914,,0,1,2415000,"Wirat Hong Yok  Wirat Hong Yok, Kammala, Kathu, Phuket",98.3715249,Freehold,Kammala,71029.0,1821.0
106.0,24567,2,Detached House,Unfurnished,Phuket,,8.0217197,162.0,0,2,3980000,"Thep Krasattri, Thalang, Phuket",98.3220615,,Thep Krasattri,117059.0,723.0
228.0,81797,2,Detached House,Unfurnished,Phuket,,7.999729,207.0,0,2,16932026,"Choeng Thale, Thalang, Phuket",98.309086,,Choeng Thale,498001.0,2406.0
142.0,31553,3,Detached House,Fully Furnished,Phuket,,8.002797,412.0,0,3,13000000,"Sri Sunthon, Thalang, Phuket",98.3179379,,Sri Sunthon,382353.0,928.0
549.0,204057,4,Detached House,Fully Furnished,Phuket,,7.9847714,605.0,0,3,123455000,"Pa Khlok, Thalang, Phuket",98.4210194,,Pa Khlok,3631029.0,6002.0
148.0,42128,2,Detached House,Unfurnished,Phuket,,7.7944202,249.0,0,2,10490000,"Rawai, Muang Phuket, Phuket",98.3278162,,Rawai,308529.0,1239.0
78.0,74404,2,Condo,Fully Furnished,Phuket,2012.0,7.939621,,0,2,5803522,"10/33 Kamala, Kammala, Kathu, Phuket",98.292125,,Kammala,170692.0,2188.0
162.0,27764,2,Detached House,Unfurnished,Phuket,,8.0217197,416.0,0,3,11550000,"Thep Krasattri, Thalang, Phuket",98.3220615,,Thep Krasattri,339706.0,817.0
120.0,54166,2,Condo,Fully Furnished,Phuket,2012.0,7.976032,,0,2,6500000,"25/3 Hadsurin, Choeng Thale, Thalang, Phuket",98.282733,Freehold,Choeng Thale,191176.0,1593.0
214.0,44910,3,Detached House,Fully Furnished,Phuket,,7.7927624,334.0,0,3,15000000,"Rawai, Muang Phuket, Phuket",98.3288951,,Rawai,441176.0,1321.0
279.0,143333,3,Detached House,Unfurnished,Phuket,,7.8277802,150.0,0,3,21500000,"Karon, Muang Phuket, Phuket",98.3047758,,Karon,632353.0,4216.0
222.00000000000003,41612,2,Detached House,,Phuket,,7.786206,310.0,0,2,12900000,"Rawai, Muang Phuket, Phuket",98.314785,,Rawai,379412.0,1224.0
345.0,84057,3,Apartment,Fully Furnished,Phuket,2012.0,8.029699,,0,3,29000000,"ป่าตอง Layan, Choeng Thale, Thalang, Phuket",98.294885,Freehold,Choeng Thale,852941.0,2472.0
94.0,105000,1,Condo,,Phuket,2014.0,7.8210654,,0,1,9870000,"Kata Kata, Karon, Muang Phuket, Phuket",98.2993432,Freehold,Karon,290294.0,3088.0
180.0,49500,3,Detached House,Unfurnished,Phuket,,7.8510027102753,200.0,0,3,9900000,"Karon, Muang Phuket, Phuket",98.300180403488,,Karon,291176.0,1456.0
99.0,77509,3,Detached House,Unfurnished,Phuket,,7.773505,227.0,0,2,17594600,"Rawai, Muang Phuket, Phuket",98.314949,,Rawai,517488.0,2280.0
121.0,44687,3,Detached House,Unfurnished,Phuket,,8.016328,320.0,0,3,14300000,"Choeng Thale, Thalang, Phuket",98.309942,,Choeng Thale,420588.0,1314.0
113.0,125521,2,Townhouse,Fully Furnished,Phuket,,7.9807656,129.0,0,2,14183900,"Choeng Thale, Thalang, Phuket",98.2832322,,Choeng Thale,417174.0,3692.0
154.0,61055,2,Detached House,Fully Furnished,Phuket,,7.945886,180.0,0,2,10990000,"Kammala, Kathu, Phuket",98.296352,,Kammala,323235.0,1796.0
81.0,54320,2,Condo,Fully Furnished,Phuket,2012.0,7.939621,,0,2,4400000,"10/33 Kamala, Kammala, Kathu, Phuket",98.292125,,Kammala,129412.0,1598.0
799.9999999999999,16666,5,Detached House,Fully Furnished,Phuket,,7.9856383,1200.0,0,5,20000000,"Choeng Thale, Thalang, Phuket",98.2927895,,Choeng Thale,588235.0,490.0
107.0,119378,2,Townhouse,Fully Furnished,Phuket,,7.9807656,150.0,0,2,12773500,"Choeng Thale, Thalang, Phuket",98.2832322,,Choeng Thale,375691.0,3511.0
45.0,62000,1,Condo,Fully Furnished,Phuket,2021.0,7.879898,,0,1,2790000,"Soi Verakij, Patong, Kathu, Phuket",98.297687,Freehold,Patong,82059.0,1824.0
625.0,36224,4,Detached House,Unfurnished,Phuket,,8.0387143,980.0,0,4,35500000,"Thep Krasattri, Thalang, Phuket",98.3178007,,Thep Krasattri,1044118.0,1065.0
430.0,29833,4,Detached House,,Phuket,,7.9497593,600.0,0,4,17900000,"Kammala, Kathu, Phuket",98.2846511,,Kammala,526471.0,877.0
191.00000000000003,64150,4,Detached House,Unfurnished,Phuket,,7.9860111,159.0,0,3,10200000,"Sri Sunthon, Thalang, Phuket",98.3242978,,Sri Sunthon,300000.0,1887.0
280.0,23357,3,Detached House,Fully Furnished,Phuket,,7.85778,548.0,0,4,12800000,"Wichit, Muang Phuket, Phuket",98.350589,,Wichit,376471.0,687.0
300.0,39534,5,Detached House,,Phuket,,7.92845,430.0,0,5,17000000,"Kammala, Kathu, Phuket",98.275567,,Kammala,500000.0,1163.0
225.0,46622,3,Townhouse,Partially Furnished,Phuket,2012.0,7.964698,90.0,0,3,10490000,"22/1 Thepkrasatti, Ko Kaeo, Muang Phuket, Phuket",98.385007,Freehold,Ko Kaeo,308529.0,1371.0
160.0,30937,2,Apartment,Fully Furnished,Phuket,,7.811208,,0,3,4950000,"Rawai, Muang Phuket, Phuket",98.320282505279,,Rawai,145588.0,910.0
280.0,51265,3,Detached House,Fully Furnished,Phuket,,7.829206,324.0,0,3,16610000,"Chalong, Muang Phuket, Phuket",98.333126,,Chalong,488529.0,1508.0
705.0,24674,11,Detached House,Fully Furnished,Phuket,,7.9460909,1844.0,0,10,45500000,"Ko Kaeo, Muang Phuket, Phuket",98.3898318,,Ko Kaeo,1338235.0,726.0
48.00000000000001,98612,1,Condo,Fully Furnished,Phuket,2012.0,7.9027973,,0,1,4733400,"พระบารมี พระบารมี, Patong, Kathu, Phuket",98.3080182,,Patong,139218.0,2900.0
291.0,58351,4,Detached House,Fully Furnished,Phuket,,8.022707,685.0,0,3,39970723,"Choeng Thale, Thalang, Phuket",98.2989782,,Choeng Thale,1175610.0,1716.0
62.0,56843,1,Condo,Fully Furnished,Phuket,2012.0,7.939621,,0,1,3524310,"10/33 Kamala, Kammala, Kathu, Phuket",98.292125,,Kammala,103656.0,1672.0
265.0,24229,3,Detached House,Fully Furnished,Phuket,,7.984041,908.0,0,3,22000000,"Choeng Thale, Thalang, Phuket",98.296581,,Choeng Thale,647059.0,713.0
330.0,117460,4,Detached House,,Phuket,,8.0634729,630.0,0,4,74000000,"Sa Khu, Thalang, Phuket",98.2831541,,Sa Khu,2176471.0,3455.0
250.0,30000,5,Detached House,Fully Furnished,Phuket,,8.084849,400.0,0,6,12000000,"Sa Khu, Thalang, Phuket",98.305114,,Sa Khu,352941.0,882.0
178.0,66250,2,Detached House,Fully Furnished,Phuket,,7.9461058,160.0,0,2,10600000,"Kammala, Kathu, Phuket",98.2965177,,Kammala,311765.0,1949.0
295.0,30588,5,Detached House,Fully Furnished,Phuket,,7.791618,850.0,0,6,26000000,"Rawai, Muang Phuket, Phuket",98.311079,,Rawai,764706.0,900.0
57.0,71456,1,Condo,Fully Furnished,Phuket,2012.0,7.939621,,0,1,4073044,"10/33 Kamala, Kammala, Kathu, Phuket",98.292125,,Kammala,119795.0,2102.0
416.0,53195,4,Detached House,Fully Furnished,Phuket,,7.863587,485.0,0,3,25800000,"Chalong, Muang Phuket, Phuket",98.3314,,Chalong,758824.0,1565.0
57.0,228800,1,Apartment,Fully Furnished,Phuket,2018.0,7.894849,,0,1,13041600,"33/1 Taweewong Road, Patong, Kathu, Phuket",98.295598,Freehold,Patong,383576.0,6729.0
86.0,43478,2,Detached House,,Phuket,,8.0561743,207.0,0,2,9000000,"Thep Krasattri, Thalang, Phuket",98.3224478,,Thep Krasattri,264706.0,1279.0
240.0,58469,3,Condo,Fully Furnished,Phuket,2012.0,8.101133,,0,3,14032794,"บางเทา Layan, Choeng Thale, Thalang, Phuket",98.324993,Freehold,Choeng Thale,412729.0,1720.0
300.0,67871,3,Detached House,Unfurnished,Phuket,,7.793198,233.00000000000003,0,3,15814000,"Rawai, Muang Phuket, Phuket",98.3142482,,Rawai,465118.0,1996.0
160.0,50916,4,Detached House,Fully Furnished,Phuket,,8.0196992,491.0,0,3,25000000,"Choeng Thale, Thalang, Phuket",98.3118776,,Choeng Thale,735294.0,1498.0
54.0,76666,1,Detached House,,Phuket,,8.015873,90.0,0,1,6900000,"Pa Khlok, Thalang, Phuket",98.391993,,Pa Khlok,202941.0,2255.0
38.0,66302,1,Condo,Fully Furnished,Phuket,2012.0,7.817934,,0,1,2519489,"ปฏัก ปฏัก, Karon, Muang Phuket, Phuket",98.312717,,Karon,74103.0,1950.0
24.000000000000004,114583,1,Condo,Unfurnished,Phuket,2019.0,7.896310937532187,,0,,2750000,"Vichitsongkram Road, Kathu, Kathu, Phuket",98.35070775622904,Freehold,Kathu,80882.0,3370.0
385.0,31493,3,Detached House,Unfurnished,Phuket,,7.784806,715.0,0,3,22517900,"Rawai, Muang Phuket, Phuket",98.314167,,Rawai,662291.0,926.0
227.0,25437,3,Detached House,Fully Furnished,Phuket,,8.015446,868.0,0,3,22080000,"Pa Khlok, Thalang, Phuket",98.392306,,Pa Khlok,649412.0,748.0
230.0,22546,2,Detached House,Fully Furnished,Phuket,,7.8020265,652.0,0,4,14700000,"Rawai, Muang Phuket, Phuket",98.3354886,,Rawai,432353.0,663.0
148.0,42128,2,Detached House,Unfurnished,Phuket,,7.7944202,249.0,0,2,10490000,"Rawai, Muang Phuket, Phuket",98.3278162,,Rawai,308529.0,1239.0
218.0,32275,2,Detached House,Fully Furnished,Phuket,,7.984041,457.00000000000006,0,2,14750000,"Choeng Thale, Thalang, Phuket",98.296581,,Choeng Thale,433824.0,949.0
270.0,38105,3,Detached House,Unfurnished,Phuket,,7.9971034,351.0,0,4,13375000,"Sri Sunthon, Thalang, Phuket",98.3202657,,Sri Sunthon,393382.0,1121.0
157.0,80573,2,Apartment,Unfurnished,Phuket,,7.8358342,,0,2,12650000,"Karon, Muang Phuket, Phuket",98.2999577,,Karon,372059.0,2370.0
109.0,44940,3,Detached House,Fully Furnished,Phuket,,7.808737,153.0,0,2,6875820,"Rawai, Muang Phuket, Phuket",98.331665,,Rawai,202230.0,1322.0
465.0,20810,5,Detached House,Fully Furnished,Phuket,,8.022085,2787.0,0,6,58000000,"Choeng Thale, Thalang, Phuket",98.300836,,Choeng Thale,1705882.0,612.0
86.0,67595,2,Detached House,Unfurnished,Phuket,,7.9959981,92.0,0,3,6218824,"Pa Khlok, Thalang, Phuket",98.4034833,,Pa Khlok,182907.0,1988.0
148.0,134459,3,Condo,Fully Furnished,Phuket,2012.0,7.861106,,0,3,19900000,"เจ้าฟ้านอก Chao fah nok, Wichit, Muang Phuket, Phuket",98.35309,Freehold,Wichit,585294.0,3955.0
600.0,16652,3,Detached House,Fully Furnished,Phuket,,7.783119,1550.0,0,4,25810750,"Rawai, Muang Phuket, Phuket",98.322433,,Rawai,759140.0,490.0
167.0,80246,2,Detached House,Fully Furnished,Phuket,,7.952545,162.0,0,2,13000000,"Kammala, Kathu, Phuket",98.2991886,,Kammala,382353.0,2360.0
200.0,15862,2,Detached House,Fully Furnished,Phuket,,7.799358335903,799.9999999999999,0,3,12690000,"Rawai, Muang Phuket, Phuket",98.323945999146,,Rawai,373235.0,467.0
99.0,111140,3,Detached House,Unfurnished,Phuket,,7.773505,155.0,0,2,17226700,"Rawai, Muang Phuket, Phuket",98.314949,,Rawai,506668.0,3269.0
200.0,15365,2,Detached House,Unfurnished,Phuket,,7.8608310885283,520.0,0,3,7990000,"Chalong, Muang Phuket, Phuket",98.339988291264,,Chalong,235000.0,452.0
120.0,32916,2,Detached House,Fully Furnished,Phuket,,7.803987,240.0,0,2,7900000,"Rawai, Muang Phuket, Phuket",98.336104,,Rawai,232353.0,968.0
28.0,120345,1,Condo,Unfurnished,Phuket,2022.0,7.979949250487842,,0,,3369660,"66/2 Soi Hua Tiao, Choeng Thale, Thalang, Phuket",98.288185097334,Freehold,Choeng Thale,99108.0,3540.0
100.0,19500,2,Detached House,Partially Furnished,Phuket,,8.0903118,200.0,0,2,3900000,"Thep Krasattri, Thalang, Phuket",98.3546866,,Thep Krasattri,114706.0,574.0
390.0,39215,4,Detached House,Unfurnished,Phuket,,8.029712,624.0,0,4,24470160,"Thep Krasattri, Thalang, Phuket",98.3103542,,Thep Krasattri,719711.0,1153.0
244.00000000000003,49859,4,Detached House,Fully Furnished,Phuket,,7.7746432,355.0,0,4,17700000,"Rawai, Muang Phuket, Phuket",98.3215201,,Rawai,520588.0,1466.0
142.0,54929,2,Condo,Fully Furnished,Phuket,2012.0,7.939621,,0,3,7800000,"10/33 Kamala, Kammala, Kathu, Phuket",98.292125,,Kammala,229412.0,1616.0
205.0,38532,3,Detached House,,Phuket,,7.870892,140.0,0,3,5394500,"Talat Yai, Muang Phuket, Phuket",98.396417,,Talat Yai,158662.0,1133.0
118.0,43402,2,Detached House,Fully Furnished,Phuket,,7.8474619,144.0,0,2,6250000,"Chalong, Muang Phuket, Phuket",98.3613556,,Chalong,183824.0,1277.0
181.0,64473,4,Detached House,Unfurnished,Phuket,,7.9860111,152.0,0,3,9800000,"Sri Sunthon, Thalang, Phuket",98.3242978,,Sri Sunthon,288235.0,1896.0
115.0,43478,3,Apartment,Fully Furnished,Phuket,,7.792745,,0,2,5000000,"Rawai, Muang Phuket, Phuket",98.3219335,,Rawai,147059.0,1279.0
485.0,46639,4,Detached House,,Phuket,,7.9998696,561.0,0,3,26164720,"Choeng Thale, Thalang, Phuket",98.3059654,,Choeng Thale,769551.0,1372.0
324.0,46296,3,Condo,Partially Furnished,Phuket,2012.0,7.9801725,,0,3,15000000,"ศรีสุนทร ศรีสุนทร, Kammala, Kathu, Phuket",98.3409028,,Kammala,441176.0,1362.0
225.0,30740,2,Detached House,Unfurnished,Phuket,,7.789763,270.0,0,3,8300000,"Rawai, Muang Phuket, Phuket",98.314493,,Rawai,244118.0,904.0
45.0,62000,1,Condo,Fully Furnished,Phuket,2021.0,7.879898,,0,1,2790000,"Soi Verakij, Patong, Kathu, Phuket",98.297687,Freehold,Patong,82059.0,1824.0
81.0,109728,1,Condo,Fully Furnished,Phuket,2012.0,7.9027973,,0,1,8888000,"พระบารมี พระบารมี, Patong, Kathu, Phuket",98.3080182,,Patong,261412.0,3227.0
335.0,99545,4,Detached House,Fully Furnished,Phuket,,7.9170824,220.0,0,3,21900000,"Patong, Kathu, Phuket",98.2885112,,Patong,644118.0,2928.0
115.0,30467,2,Detached House,Fully Furnished,Phuket,,8.015446,492.0,0,2,14990000,"Pa Khlok, Thalang, Phuket",98.392306,,Pa Khlok,440882.0,896.0
162.0,22962,2,Detached House,Unfurnished,Phuket,,8.0217197,324.0,0,3,7440000,"Thep Krasattri, Thalang, Phuket",98.3220615,,Thep Krasattri,218824.0,675.0
215.0,43546,3,Detached House,Unfurnished,Phuket,,8.020606,308.0,0,3,13412460,"Pa Khlok, Thalang, Phuket",98.395727,,Pa Khlok,394484.0,1281.0
130.0,29259,3,Detached House,Fully Furnished,Phuket,,7.8125455,270.0,0,3,7900000,"Rawai, Muang Phuket, Phuket",98.3317741,,Rawai,232353.0,861.0
87.0,55172,2,Condo,Fully Furnished,Phuket,2012.0,7.902159,,0,2,4800000,"นาใน Haad Patong, Kammala, Kathu, Phuket",98.308177,Freehold,Kammala,141176.0,1623.0
150.0,47342,3,Detached House,,Phuket,,8.008356,207.0,0,3,9800000,"Sri Sunthon, Thalang, Phuket",98.319716,,Sri Sunthon,288235.0,1392.0
32.0,82500,1,Condo,Fully Furnished,Phuket,2012.0,7.976032,,0,,2640000,"25/3 Hadsurin, Choeng Thale, Thalang, Phuket",98.282733,Freehold,Choeng Thale,77647.0,2426.0
81.0,91358,2,Condo,Unfurnished,Phuket,2012.0,7.817934,,0,2,7400000,"ปฏัก ปฏัก, Karon, Muang Phuket, Phuket",98.312717,,Karon,217647.0,2687.0
118.0,43402,2,Detached House,Fully Furnished,Phuket,,7.8474619,144.0,0,2,6250000,"Chalong, Muang Phuket, Phuket",98.3613556,,Chalong,183824.0,1277.0
215.0,39956,3,Detached House,,Phuket,,7.870892,154.0,0,3,6153250,"Talat Yai, Muang Phuket, Phuket",98.396417,,Talat Yai,180978.0,1175.0
385.0,32578,3,Detached House,Unfurnished,Phuket,,7.784806,675.0,0,3,21990300,"Rawai, Muang Phuket, Phuket",98.314167,,Rawai,646774.0,958.0
196.0,27551,3,Townhouse,Fully Furnished,Phuket,,7.952957,120.0,0,2,5400000,"Kammala, Kathu, Phuket",98.290742,,Kammala,158824.0,810.0
218.0,29822,2,Detached House,Fully Furnished,Phuket,,7.984041,508.00000000000006,0,2,15150000,"Choeng Thale, Thalang, Phuket",98.296581,,Choeng Thale,445588.0,877.0
28.0,127678,1,Condo,Fully Furnished,Phuket,2021.0,7.9642,,0,,3575000,"Kammala, Kathu, Phuket",98.285203,Freehold,Kammala,105147.0,3755.0
300.0,115000,4,Detached House,Unfurnished,Phuket,,7.84522,300.0,0,3,34500000,"Karon, Muang Phuket, Phuket",98.3031348,,Karon,1014706.0,3382.0
102.0,245981,2,Apartment,Fully Furnished,Phuket,,7.8853267,,0,2,25090062,"Patong, Kathu, Phuket",98.2847522,,Patong,737943.0,7235.0
150.0,40000,3,Detached House,Unfurnished,Phuket,,7.8592929,300.0,0,3,12000000,"Wichit, Muang Phuket, Phuket",98.356111,,Wichit,352941.0,1176.0
164.0,43981,2,Detached House,,Phuket,,8.008356,216.0,0,2,9500000,"Sri Sunthon, Thalang, Phuket",98.319716,,Sri Sunthon,279412.0,1294.0
46.0,108695,1,Condo,Fully Furnished,Phuket,2012.0,7.861106,,0,1,5000000,"เจ้าฟ้านอก Chao fah nok, Wichit, Muang Phuket, Phuket",98.35309,Freehold,Wichit,147059.0,3197.0
440.0,48510,5,Detached House,Fully Furnished,Phuket,,7.9497593,470.0,0,6,22800000,"Kammala, Kathu, Phuket",98.2846511,,Kammala,670588.0,1427.0
151.0,42482,2,Detached House,Unfurnished,Phuket,,7.7944202,294.0,0,2,12490000,"Rawai, Muang Phuket, Phuket",98.3278162,,Rawai,367353.0,1249.0
150.0,136666,3,Townhouse,,Phuket,,7.8788902,124.0,0,2,20500000,"Patong, Kathu, Phuket",98.2928534,,Patong,602941.0,4020.0
138.0,37142,3,Detached House,Unfurnished,Phuket,,8.0947785,411.0,0,3,15265440,"Thep Krasattri, Thalang, Phuket",98.3630926,,Thep Krasattri,448984.0,1092.0
129.0,77519,1,Apartment,Fully Furnished,Phuket,,7.809566,,0,1,10000000,"Karon, Muang Phuket, Phuket",98.299408,,Karon,294118.0,2280.0
52.0,88461,1,Apartment,Fully Furnished,Phuket,,7.9845802,,0,1,4600000,"Choeng Thale, Thalang, Phuket",98.2811698,,Choeng Thale,135294.0,2602.0
127.0,42476,2,Detached House,Unfurnished,Phuket,,8.0947785,306.0,0,2,12997728,"Thep Krasattri, Thalang, Phuket",98.3630926,,Thep Krasattri,382286.0,1249.0
160.0,16875,2,Townhouse,Unfurnished,Phuket,,7.9133575,144.0,0,2,2700000,"Kathu, Kathu, Phuket",98.3417875,,Kathu,79412.0,496.0
41.0,78048,1,Condo,Fully Furnished,Phuket,2012.0,7.976032,,0,,3200000,"25/3 Hadsurin, Choeng Thale, Thalang, Phuket",98.282733,Freehold,Choeng Thale,94118.0,2296.0
44.0,209090,1,Condo,Fully Furnished,Phuket,2015.0,7.902868011173183,,0,1,9200000,"81 Rattahut Road, Patong, Kathu, Phuket",98.30264167638065,Freehold,Patong,270588.0,6150.0
84.0,17730,1,Detached House,Fully Furnished,Phuket,,7.836095,208.0,0,3,3688000,"Chalong, Muang Phuket, Phuket",98.340578,,Chalong,108471.0,521.0
95.0,114736,1,Condo,,Phuket,2014.0,7.8210654,,0,1,10900000,"Kata Kata, Karon, Muang Phuket, Phuket",98.2993432,Freehold,Karon,320588.0,3375.0
240.0,159107,2,Detached House,Unfurnished,Phuket,,7.9764034,224.0,0,3,35640000,"Choeng Thale, Thalang, Phuket",98.2819472,,Choeng Thale,1048235.0,4680.0
465.0,52000,5,Detached House,Fully Furnished,Phuket,,8.0313676,1000.0,0,5,52000000,"Choeng Thale, Thalang, Phuket",98.3004338,,Choeng Thale,1529412.0,1529.0
57.0,79559,1,Condo,Fully Furnished,Phuket,2012.0,7.939621,,0,1,4534863,"10/33 Kamala, Kammala, Kathu, Phuket",98.292125,,Kammala,133378.0,2340.0
202.00000000000003,61881,3,Condo,Fully Furnished,Phuket,2012.0,8.0348216,,0,4,12500000,"57/4 Kamala, Kammala, Kathu, Phuket",98.3377935,,Kammala,367647.0,1820.0
46.0,126086,1,Condo,Fully Furnished,Phuket,2012.0,7.861106,,0,1,5800000,"เจ้าฟ้านอก Chao fah nok, Wichit, Muang Phuket, Phuket",98.35309,Freehold,Wichit,170588.0,3708.0
500.0,33333,4,Detached House,Fully Furnished,Phuket,,7.988302,750.0,0,4,25000000,"Choeng Thale, Thalang, Phuket",98.297414,,Choeng Thale,735294.0,980.0
155.0,146341,2,Detached House,Unfurnished,Phuket,2020.0,8.136234,82.0,0,2,12000000,"Thepkasattri Road, Mai Khao, Thalang, Phuket",98.337696,Freehold,Mai Khao,352941.0,4304.0
300.0,28333,5,Detached House,Fully Furnished,Phuket,,7.8106307,420.0,0,4,11900000,"Rawai, Muang Phuket, Phuket",98.3262433,,Rawai,350000.0,833.0
114.0,52803,2,Detached House,Fully Furnished,Phuket,,8.019697,214.0,0,2,11300000,"Thep Krasattri, Thalang, Phuket",98.3151961,,Thep Krasattri,332353.0,1553.0
328.0,31250,3,Detached House,Fully Furnished,Phuket,,8.0050766,480.0,0,3,15000000,"Choeng Thale, Thalang, Phuket",98.3084686,,Choeng Thale,441176.0,919.0
110.0,34090,2,Townhouse,Fully Furnished,Phuket,,8.0317117,136.0,0,3,3750000,"Thep Krasattri, Thalang, Phuket",98.339053,,Thep Krasattri,110294.0,1003.0
43.0,193023,1,Condo,Fully Furnished,Phuket,2015.0,7.902868011173183,,0,1,8300000,"81 Rattahut Road, Patong, Kathu, Phuket",98.30264167638065,Freehold,Patong,244118.0,5677.0
280.0,54746,5,Detached House,Unfurnished,Phuket,2014.0,8.0902854,316.0,0,5,17300000,"ถนน เทพกระษัตรี, Kammala, Kathu, Phuket",98.3401364,,Kammala,508824.0,1610.0
167.0,85443,2,Detached House,Fully Furnished,Phuket,,7.952545,158.0,0,2,13500000,"Kammala, Kathu, Phuket",98.2991886,,Kammala,397059.0,2513.0
161.0,37597,3,Detached House,,Phuket,,7.953493,154.0,0,3,5790000,"Ko Kaeo, Muang Phuket, Phuket",98.383145,,Ko Kaeo,170294.0,1106.0
34.0,129694,1,Condo,,Phuket,2019.0,7.947589,,0,,4409600,"63/1 Sirinart Road, Patong, Kathu, Phuket",98.271956,Freehold,Patong,129694.0,3815.0
85.0,34387,2,Detached House,Fully Furnished,Phuket,,8.019697,253.00000000000003,0,2,8700000,"Thep Krasattri, Thalang, Phuket",98.3151961,,Thep Krasattri,255882.0,1011.0
290.0,40020,3,Detached House,Unfurnished,Phuket,,8.029712,450.0,0,3,18009000,"Thep Krasattri, Thalang, Phuket",98.3103542,,Thep Krasattri,529676.0,1177.0
194.0,35855,3,Detached House,Unfurnished,Phuket,,8.0791129,304.0,0,3,10900000,"Sa Khu, Thalang, Phuket",98.3013512,,Sa Khu,320588.0,1055.0
49.99999999999999,56000,1,Apartment,Fully Furnished,Phuket,,7.8945203,,0,,2800000,"Patong, Kathu, Phuket",98.3047224,,Patong,82353.0,1647.0
109.0,46381,3,Detached House,Fully Furnished,Phuket,,7.808737,147.0,0,2,6818040,"Rawai, Muang Phuket, Phuket",98.331665,,Rawai,200531.0,1364.0
240.0,41666,3,Townhouse,,Phuket,,7.944029,102.0,0,3,10000000,"Kammala, Kathu, Phuket",98.291151,,Kammala,294118.0,1225.0
34.0,138235,1,Condo,Unfurnished,Phuket,2019.0,7.83473,,0,1,4700000,"Soi Patak 14, Karon, Muang Phuket, Phuket",98.301049,Freehold,Karon,138235.0,4066.0
350.0,18625,3,Detached House,Fully Furnished,Phuket,,7.7993103637608,799.9999999999999,0,3,14900000,"Rawai, Muang Phuket, Phuket",98.324084451715,,Rawai,438235.0,548.0
54.0,76666,1,Detached House,,Phuket,,8.015873,90.0,0,1,6900000,"Pa Khlok, Thalang, Phuket",98.391993,,Pa Khlok,202941.0,2255.0
86.0,66869,2,Detached House,Unfurnished,Phuket,,7.9959981,93.0,0,3,6218824,"Pa Khlok, Thalang, Phuket",98.4034833,,Pa Khlok,182907.0,1967.0
29.0,98333,1,Detached House,Fully Furnished,Phuket,2022.0,7.891229,60.0,0,1,5900000,"Hasip Pee Road, Patong, Kathu, Phuket",98.308621,Leasehold,Patong,173529.0,2892.0
45.0,116918,1,Apartment,,Phuket,,7.800243,,0,1,5261351,"Rawai, Muang Phuket, Phuket",98.336727,,Rawai,154746.0,3439.0
134.0,58955,3,Townhouse,Unfurnished,Phuket,,7.9421593,94.0,0,3,7900000,"Kammala, Kathu, Phuket",98.2923763,,Kammala,232353.0,1734.0
360.0,38450,4,Detached House,Unfurnished,Phuket,,8.0559426,488.00000000000006,0,4,18764000,"Thep Krasattri, Thalang, Phuket",98.3193737,,Thep Krasattri,551882.0,1131.0
167.0,92281,2,Detached House,Fully Furnished,Phuket,,7.952545,149.0,0,2,13750000,"Kammala, Kathu, Phuket",98.2991886,,Kammala,404412.0,2714.0
25.0,131264,1,Condo,Fully Furnished,Phuket,2021.0,8.034256,,0,,3281609,"Soi Layan 4, Choeng Thale, Thalang, Phuket",98.292068,Freehold,Choeng Thale,96518.0,3861.0
24.000000000000004,112500,1,Condo,Unfurnished,Phuket,2022.0,7.780462,,0,,2700000,"Soi Suanwat, Rawai, Muang Phuket, Phuket",98.316451,Freehold,Rawai,79412.0,3309.0
310.0,57096,3,Apartment,Fully Furnished,Phuket,,7.770841,,0,3,17700000,"Rawai, Muang Phuket, Phuket",98.315238,,Rawai,520588.0,1679.0
428.0,34236,4,Detached House,Unfurnished,Phuket,,7.784806,729.0,0,4,24958700,"Rawai, Muang Phuket, Phuket",98.314167,,Rawai,734079.0,1007.0
59.0,67796,1,Condo,Fully Furnished,Phuket,2012.0,7.902159,,0,1,4000000,"นาใน Haad Patong, Kammala, Kathu, Phuket",98.308177,Freehold,Kammala,117647.0,1994.0
150.0,19375,2,Detached House,Fully Furnished,Phuket,,7.901831,320.0,0,4,6200000,"Kathu, Kathu, Phuket",98.348207,,Kathu,182353.0,570.0
73.0,80136,1,Apartment,Unfurnished,Phuket,,7.8358342,,0,1,5850000,"Karon, Muang Phuket, Phuket",98.2999577,,Karon,172059.0,2357.0
265.0,48187,5,Detached House,,Phuket,,8.0410493,815.0,0,4,39272500,"Choeng Thale, Thalang, Phuket",98.2963637,,Choeng Thale,1155074.0,1417.0
127.0,39372,2,Detached House,Unfurnished,Phuket,,8.0947785,338.0,0,2,13308000,"Thep Krasattri, Thalang, Phuket",98.3630926,,Thep Krasattri,391412.0,1158.0
240.0,30588,5,Detached House,Fully Furnished,Phuket,,7.947571,850.0,0,4,26000000,"Kammala, Kathu, Phuket",98.288717,,Kammala,764706.0,900.0
33.0,99158,1,Apartment,Fully Furnished,Phuket,,7.774218,,0,,3272220,"Rawai, Muang Phuket, Phuket",98.318782,,Rawai,96242.0,2916.0
200.0,34883,3,Detached House,Fully Furnished,Phuket,,7.949588,430.0,0,3,15000000,"Kammala, Kathu, Phuket",98.29269,,Kammala,441176.0,1026.0
29.0,98333,1,Detached House,Fully Furnished,Phuket,2022.0,7.891229,60.0,0,1,5900000,"Hasip Pee Road, Patong, Kathu, Phuket",98.308621,Leasehold,Patong,173529.0,2892.0
83.0,108433,1,Condo,,Phuket,2014.0,7.8210654,,0,1,9000000,"Kata Kata, Karon, Muang Phuket, Phuket",98.2993432,Freehold,Karon,264706.0,3189.0
46.0,214764,1,Apartment,Fully Furnished,Phuket,,7.8853267,,0,1,9879184,"Patong, Kathu, Phuket",98.2847522,,Patong,290564.0,6317.0
44.0,228949,1,Apartment,Fully Furnished,Phuket,,7.8853267,,0,1,10073791,"Patong, Kathu, Phuket",98.2847522,,Patong,296288.0,6734.0
115.0,30644,2,Detached House,Fully Furnished,Phuket,,8.015446,450.0,0,2,13790000,"Pa Khlok, Thalang, Phuket",98.392306,,Pa Khlok,405588.0,901.0
303.0,90810,2,Detached House,Fully Furnished,Phuket,,7.863587,185.0,0,3,16800000,"Chalong, Muang Phuket, Phuket",98.3314,,Chalong,494118.0,2671.0
35.0,96857,1,Condo,Fully Furnished,Phuket,2014.0,7.889122,,0,1,3390000,"Wichit Songkhram  Wichit Songkhram, Wichit, Muang Phuket, Phuket",98.365071,Freehold,Wichit,99706.0,2849.0
166.0,84375,2,Detached House,,Phuket,,8.0634729,320.0,0,2,27000000,"Sa Khu, Thalang, Phuket",98.2831541,,Sa Khu,794118.0,2482.0
65.0,90769,1,Condo,Fully Furnished,Phuket,2020.0,7.946718,,0,1,5900000,"Kammala, Kathu, Phuket",98.268805,Freehold,Kammala,173529.0,2670.0
28.0,122857,1,Condo,Fully Furnished,Phuket,2021.0,7.9642,,0,,3440000,"Kammala, Kathu, Phuket",98.285203,Freehold,Kammala,101176.0,3613.0
106.0,80283,1,Apartment,Unfurnished,Phuket,,7.8358342,,0,1,8510000,"Karon, Muang Phuket, Phuket",98.2999577,,Karon,250294.0,2361.0
99.0,89280,3,Detached House,Unfurnished,Phuket,,7.773505,196.0,0,2,17498900,"Rawai, Muang Phuket, Phuket",98.314949,,Rawai,514674.0,2626.0
100.0,35177,1,Detached House,Fully Furnished,Phuket,,7.788101,253.00000000000003,0,1,8900000,"Rawai, Muang Phuket, Phuket",98.311855,,Rawai,261765.0,1035.0
270.0,22803,3,Detached House,,Phuket,,8.039285,478.0,0,3,10900000,"Pa Khlok, Thalang, Phuket",98.4029648,,Pa Khlok,320588.0,671.0
57.0,98000,1,Condo,Fully Furnished,Phuket,2012.0,7.9027973,,0,1,5586000,"พระบารมี พระบารมี, Patong, Kathu, Phuket",98.3080182,,Patong,164294.0,2882.0
78.0,70861,2,Condo,Fully Furnished,Phuket,2012.0,7.939621,,0,2,5527204,"10/33 Kamala, Kammala, Kathu, Phuket",98.292125,,Kammala,162565.0,2084.0
205.0,38532,3,Detached House,,Phuket,,7.870892,140.0,0,3,5394500,"Talat Yai, Muang Phuket, Phuket",98.396417,,Talat Yai,158662.0,1133.0
166.0,72891,3,Apartment,Fully Furnished,Phuket,,7.770841,,0,3,12100000,"Rawai, Muang Phuket, Phuket",98.315238,,Rawai,355882.0,2144.0
45.0,64444,1,Condo,Fully Furnished,Phuket,2021.0,7.879898,,0,1,2900000,"Soi Verakij, Patong, Kathu, Phuket",98.297687,Freehold,Patong,85294.0,1895.0
300.0,27142,4,Detached House,Fully Furnished,Phuket,,8.0199366,1400.0,0,4,38000000,"Choeng Thale, Thalang, Phuket",98.312653,,Choeng Thale,1117647.0,798.0
28.0,122857,1,Condo,Fully Furnished,Phuket,2021.0,7.9642,,0,,3440000,"Kammala, Kathu, Phuket",98.285203,Freehold,Kammala,101176.0,3613.0
550.0,65094,5,Detached House,Fully Furnished,Phuket,,7.972725,1060.0,0,5,69000000,"Choeng Thale, Thalang, Phuket",98.281885,,Choeng Thale,2029412.0,1915.0
25.0,131264,1,Condo,Fully Furnished,Phuket,2021.0,8.034256,,0,,3281609,"Soi Layan 4, Choeng Thale, Thalang, Phuket",98.292068,Freehold,Choeng Thale,96518.0,3861.0
29.0,98333,1,Detached House,Fully Furnished,Phuket,2022.0,7.891229,60.0,0,1,5900000,"Hasip Pee Road, Patong, Kathu, Phuket",98.308621,Leasehold,Patong,173529.0,2892.0
87.0,105172,2,Condo,Fully Furnished,Phuket,2012.0,7.817934,,0,2,9150000,"ปฏัก ปฏัก, Karon, Muang Phuket, Phuket",98.312717,,Karon,269118.0,3093.0
29.0,131724,1,Condo,Fully Furnished,Phuket,2021.0,7.9642,,0,,3820000,"Kammala, Kathu, Phuket",98.285203,Freehold,Kammala,112353.0,3874.0
100.0,49000,2,Apartment,Fully Furnished,Phuket,2012.0,8.0348216,,0,3,4900000,"57/4 Kamala, Kammala, Kathu, Phuket",98.3377935,,Kammala,144118.0,1441.0
35.0,94285,1,Condo,Fully Furnished,Phuket,2012.0,7.817934,,0,,3300000,"ปฏัก ปฏัก, Karon, Muang Phuket, Phuket",98.312717,,Karon,97059.0,2773.0
285.0,23116,4,Detached House,Fully Furnished,Phuket,,7.8592929,770.0,0,3,17800000,"Wichit, Muang Phuket, Phuket",98.356111,,Wichit,523529.0,680.0
300.0,34883,3,Detached House,Fully Furnished,Phuket,,7.8489556,344.0,0,3,12000000,"Karon, Muang Phuket, Phuket",98.3075393,,Karon,352941.0,1026.0
39.0,134556,1,Condo,Unfurnished,Phuket,2022.0,7.979949250487842,,0,1,5247720,"66/2 Soi Hua Tiao, Choeng Thale, Thalang, Phuket",98.288185097334,Freehold,Choeng Thale,154345.0,3958.0
56.0,252000,1,Apartment,Fully Furnished,Phuket,2018.0,7.894849,,0,1,14112000,"33/1 Taweewong Road, Patong, Kathu, Phuket",98.295598,Freehold,Patong,415059.0,7412.0
35.0,116619,1,Apartment,,Phuket,,7.800243,,0,,4081676,"Rawai, Muang Phuket, Phuket",98.336727,,Rawai,120049.0,3430.0
37.0,139301,1,Condo,Fully Furnished,Phuket,2021.0,8.034256,,0,1,5154172,"Soi Layan 4, Choeng Thale, Thalang, Phuket",98.292068,Freehold,Choeng Thale,151593.0,4097.0
280.0,30769,4,Detached House,Fully Furnished,Phuket,,7.8131798,455.00000000000006,0,3,14000000,"Rawai, Muang Phuket, Phuket",98.328037,,Rawai,411765.0,905.0
25.0,132647,1,Condo,Fully Furnished,Phuket,2021.0,8.034256,,0,,3316184,"Soi Layan 4, Choeng Thale, Thalang, Phuket",98.292068,Freehold,Choeng Thale,97535.0,3901.0
69.0,39855,1,Condo,Fully Furnished,Phuket,2012.0,8.0348216,,0,,2750000,"45/11 Kamala, Kammala, Kathu, Phuket",98.3377935,,Kammala,80882.0,1172.0
360.0,25000,6,Detached House,,Phuket,,7.99331,600.0,0,5,15000000,"Pa Khlok, Thalang, Phuket",98.407085,,Pa Khlok,441176.0,735.0
125.0,51200,3,Townhouse,Fully Furnished,Phuket,,7.9502572,70.0,0,3,6400000,"Kammala, Kathu, Phuket",98.2941105,,Kammala,188235.0,1506.0
1100.0,73076,7,Detached House,Fully Furnished,Phuket,,7.919046,1300.0,0,6,95000000,"Patong, Kathu, Phuket",98.291094,,Patong,2794118.0,2149.0
113.0,105055,2,Townhouse,Fully Furnished,Phuket,,7.9807656,98.0,0,2,11871260,"Choeng Thale, Thalang, Phuket",98.2832322,,Choeng Thale,349155.0,3090.0
46.0,98913,1,Apartment,Fully Furnished,Phuket,,7.9066897,,0,1,4550000,"Patong, Kathu, Phuket",98.3052434,,Patong,133824.0,2909.0
118.0,43727,2,Detached House,Fully Furnished,Phuket,,8.019697,279.0,0,2,12200000,"Thep Krasattri, Thalang, Phuket",98.3151961,,Thep Krasattri,358824.0,1286.0
34.0,141176,1,Condo,Unfurnished,Phuket,2019.0,7.83473,,0,1,4800000,"Soi Patak 14, Karon, Muang Phuket, Phuket",98.301049,Freehold,Karon,141176.0,4152.0
448.0,19642,3,Detached House,Partially Furnished,Phuket,,7.822949,1120.0,0,4,22000000,"Chalong, Muang Phuket, Phuket",98.344169,,Chalong,647059.0,578.0
28.0,120345,1,Condo,Unfurnished,Phuket,2022.0,7.979949250487842,,0,,3369660,"66/2 Soi Hua Tiao, Choeng Thale, Thalang, Phuket",98.288185097334,Freehold,Choeng Thale,99108.0,3540.0
80.0,60000,2,Condo,Fully Furnished,Phuket,2012.0,7.817934,,0,2,4800000,"ปฏัก ปฏัก, Karon, Muang Phuket, Phuket",98.312717,,Karon,141176.0,1765.0
68.0,129694,1,Condo,,Phuket,2019.0,7.947589,,0,2,8819200,"63/1 Sirinart Road, Patong, Kathu, Phuket",98.271956,Freehold,Patong,259388.0,3815.0
157.0,80573,2,Apartment,Unfurnished,Phuket,,7.8358342,,0,2,12650000,"Karon, Muang Phuket, Phuket",98.2999577,,Karon,372059.0,2370.0
400.0,27500,4,Detached House,Fully Furnished,Phuket,,7.834559,600.0,0,4,16500000,"Chalong, Muang Phuket, Phuket",98.330725,,Chalong,485294.0,809.0
129.0,40512,2,Detached House,Unfurnished,Phuket,,7.794091,195.0,0,2,7900000,"Rawai, Muang Phuket, Phuket",98.322848,,Rawai,232353.0,1192.0
24.000000000000004,114583,1,Condo,Unfurnished,Phuket,2019.0,7.896310937532187,,0,,2750000,"Vichitsongkram Road, Kathu, Kathu, Phuket",98.35070775622904,Freehold,Kathu,80882.0,3370.0
71.0,59452,1,Detached House,Unfurnished,Phuket,,8.0735844,84.0,0,2,4994000,"Thep Krasattri, Thalang, Phuket",98.3460048,,Thep Krasattri,146882.0,1749.0
200.0,43333,3,Detached House,,Phuket,,8.018355,300.0,0,3,13000000,"Choeng Thale, Thalang, Phuket",98.310285,,Choeng Thale,382353.0,1274.0
360.0,32236,2,Detached House,,Phuket,,7.8085443,380.0,0,2,12250000,"Rawai, Muang Phuket, Phuket",98.3304864,,Rawai,360294.0,948.0
600.0,36250,6,Detached House,Fully Furnished,Phuket,,7.9855079,1599.9999999999998,0,5,58000000,"Sri Sunthon, Thalang, Phuket",98.3276949,,Sri Sunthon,1705882.0,1066.0
210.0,56923,3,Detached House,Fully Furnished,Phuket,,7.7746432,260.0,0,3,14800000,"Rawai, Muang Phuket, Phuket",98.3215201,,Rawai,435294.0,1674.0
105.0,38095,2,Apartment,Fully Furnished,Phuket,,7.936815,,0,3,4000000,"Kammala, Kathu, Phuket",98.295789,,Kammala,117647.0,1120.0
44.0,232520,1,Apartment,Fully Furnished,Phuket,,7.8853267,,0,1,10230883,"Patong, Kathu, Phuket",98.2847522,,Patong,300908.0,6839.0
189.0,238095,3,Condo,,Phuket,2014.0,7.8210654,,0,3,45000000,"Kata Kata, Karon, Muang Phuket, Phuket",98.2993432,Freehold,Karon,1323529.0,7003.0
24.000000000000004,114583,1,Condo,Unfurnished,Phuket,2019.0,7.896310937532187,,0,,2750000,"Vichitsongkram Road, Kathu, Kathu, Phuket",98.35070775622904,Freehold,Kathu,80882.0,3370.0
99.0,169696,2,Condo,,Phuket,2014.0,7.8210654,,0,2,16800000,"Kata Kata, Karon, Muang Phuket, Phuket",98.2993432,Freehold,Karon,494118.0,4991.0
215.0,40642,3,Detached House,,Phuket,,7.870892,140.0,0,3,5690000,"Talat Yai, Muang Phuket, Phuket",98.396417,,Talat Yai,167353.0,1195.0
356.0,27976,4,Detached House,Fully Furnished,Phuket,,7.936506,839.9999999999999,0,4,23500000,"Kathu, Kathu, Phuket",98.341283,,Kathu,691176.0,823.0
161.0,35937,3,Detached House,Unfurnished,Phuket,,7.953493,160.0,0,3,5750000,"Ko Kaeo, Muang Phuket, Phuket",98.383145,,Ko Kaeo,169118.0,1057.0
99.0,95286,3,Detached House,Unfurnished,Phuket,,7.773505,171.0,0,2,16294000,"Rawai, Muang Phuket, Phuket",98.314949,,Rawai,479235.0,2803.0
300.0,42777,5,Detached House,Fully Furnished,Phuket,,8.0313676,900.0,0,3,38500000,"Choeng Thale, Thalang, Phuket",98.3004338,,Choeng Thale,1132353.0,1258.0
200.0,14875,2,Detached House,Fully Furnished,Phuket,,7.9542624,400.0,0,3,5950000,"Ko Kaeo, Muang Phuket, Phuket",98.3888633,,Ko Kaeo,175000.0,438.0
35.0,127726,1,Apartment,,Phuket,,7.800243,,0,,4470424,"Rawai, Muang Phuket, Phuket",98.336727,,Rawai,131483.0,3757.0
345.0,84057,3,Apartment,Fully Furnished,Phuket,2012.0,8.029699,,0,3,29000000,"ป่าตอง Layan, Choeng Thale, Thalang, Phuket",98.294885,Freehold,Choeng Thale,852941.0,2472.0
338.0,60571,4,Detached House,Unfurnished,Phuket,,8.0054511,262.0,0,3,15869775,"Sri Sunthon, Thalang, Phuket",98.3206322,,Sri Sunthon,466758.0,1782.0
100.0,55000,1,Apartment,Fully Furnished,Phuket,,7.9823123,,0,2,5500000,"Choeng Thale, Thalang, Phuket",98.285272,,Choeng Thale,161765.0,1618.0
34.0,124705,1,Condo,,Phuket,2019.0,7.947589,,0,,4240000,"63/1 Sirinart Road, Patong, Kathu, Phuket",98.271956,Freehold,Patong,124706.0,3668.0
106.0,24720,2,Detached House,Unfurnished,Phuket,,8.0217197,161.0,0,2,3980000,"Thep Krasattri, Thalang, Phuket",98.3220615,,Thep Krasattri,117059.0,727.0
280.0,43046,4,Detached House,Partially Furnished,Phuket,,7.8144089903406,604.0,0,4,26000000,"Wichit, Muang Phuket, Phuket",98.398684111426,,Wichit,764706.0,1266.0
280.0,50281,3,Detached House,Fully Furnished,Phuket,,7.829206,338.0,0,3,16995000,"Chalong, Muang Phuket, Phuket",98.333126,,Chalong,499853.0,1479.0
29.0,98333,1,Detached House,Fully Furnished,Phuket,2022.0,7.891229,60.0,0,1,5900000,"Hasip Pee Road, Patong, Kathu, Phuket",98.308621,Leasehold,Patong,173529.0,2892.0
280.0,51265,3,Detached House,Fully Furnished,Phuket,,7.829206,324.0,0,3,16610000,"Chalong, Muang Phuket, Phuket",98.333126,,Chalong,488529.0,1508.0
380.0,162161,4,Apartment,Unfurnished,Phuket,,8.0547691,,0,4,61621532,"Sa Khu, Thalang, Phuket",98.2787287,,Sa Khu,1812398.0,4769.0
257.0,25000,4,Detached House,Fully Furnished,Phuket,,7.982906,360.0,0,4,9000000,"Sri Sunthon, Thalang, Phuket",98.331607,,Sri Sunthon,264706.0,735.0
250.0,48707,3,Detached House,Fully Furnished,Phuket,,8.0009026,503.0,0,3,24500000,"Sri Sunthon, Thalang, Phuket",98.3171232,,Sri Sunthon,720588.0,1433.0
112.0,47528,5,Detached House,Fully Furnished,Phuket,,7.801321,263.0,0,5,12500000,"Rawai, Muang Phuket, Phuket",98.320082,,Rawai,367647.0,1398.0
134.0,123134,2,Condo,Fully Furnished,Phuket,2022.0,7.979949250487842,,0,2,16500000,"66/2 Soi Hua Tiao, Choeng Thale, Thalang, Phuket",98.288185097334,Freehold,Choeng Thale,485294.0,3622.0
118.0,43402,2,Detached House,Fully Furnished,Phuket,,7.8474619,144.0,0,2,6250000,"Chalong, Muang Phuket, Phuket",98.3613556,,Chalong,183824.0,1277.0
36.0,106444,1,Condo,,Phuket,2021.0,7.769664,,0,1,3832000,"Thai Highway-4030 Road, Rawai, Muang Phuket, Phuket",98.308717,Freehold,Rawai,112706.0,3131.0
255.0,63013,4,Detached House,Unfurnished,Phuket,,8.0020954,219.0,0,3,13800000,"Sri Sunthon, Thalang, Phuket",98.3227525,,Sri Sunthon,405882.0,1853.0
123.0,37323,3,Detached House,,Phuket,,8.039576,426.00000000000006,0,4,15900000,"Choeng Thale, Thalang, Phuket",98.294876,,Choeng Thale,467647.0,1098.0
86.0,87209,1,Apartment,Fully Furnished,Phuket,,7.831799,,0,2,7500000,"Karon, Muang Phuket, Phuket",98.300513,,Karon,220588.0,2565.0
95.0,47368,2,Condo,Fully Furnished,Phuket,2012.0,7.993178,,0,2,4500000,"139/7 Cape Yamu, Choeng Thale, Thalang, Phuket",98.40396,Freehold,Choeng Thale,132353.0,1393.0
105.0,35238,2,Apartment,Fully Furnished,Phuket,,7.936815,,0,3,3700000,"Kammala, Kathu, Phuket",98.295789,,Kammala,108824.0,1036.0
34.0,70588,1,Apartment,Fully Furnished,Phuket,,7.7983336,,0,1,2400000,"Rawai, Muang Phuket, Phuket",98.3257699,,Rawai,70588.0,2076.0
361.0,67759,3,Detached House,Unfurnished,Phuket,,7.999729,311.0,0,3,21073214,"Choeng Thale, Thalang, Phuket",98.309086,,Choeng Thale,619800.0,1993.0
99.0,98183,3,Detached House,Unfurnished,Phuket,,7.773505,167.0,0,2,16396700,"Rawai, Muang Phuket, Phuket",98.314949,,Rawai,482256.0,2888.0
100.0,38000,1,Apartment,Fully Furnished,Phuket,,7.9823123,,0,2,3800000,"Choeng Thale, Thalang, Phuket",98.285272,,Choeng Thale,111765.0,1118.0
370.0,39310,4,Detached House,,Phuket,,7.9998696,522.0,0,3,20519840,"Choeng Thale, Thalang, Phuket",98.3059654,,Choeng Thale,603525.0,1156.0
240.0,63571,2,Detached House,Fully Furnished,Phuket,,7.9170824,280.0,0,2,17800000,"Patong, Kathu, Phuket",98.2885112,,Patong,523529.0,1870.0
180.0,33333,2,Townhouse,Fully Furnished,Phuket,,7.953891,96.0,0,2,6000000,"Kammala, Kathu, Phuket",98.28845,,Kammala,176471.0,980.0
244.00000000000003,42263,2,Detached House,Unfurnished,Phuket,,8.0559426,296.0,0,3,12510000,"Thep Krasattri, Thalang, Phuket",98.3193737,,Thep Krasattri,367941.0,1243.0
28.0,120345,1,Condo,Unfurnished,Phuket,2022.0,7.979949250487842,,0,,3369660,"66/2 Soi Hua Tiao, Choeng Thale, Thalang, Phuket",98.288185097334,Freehold,Choeng Thale,99108.0,3540.0
511.0,49617,3,Detached House,Fully Furnished,Phuket,,8.004113,708.0,0,3,35129000,"Sri Sunthon, Thalang, Phuket",98.3230667,,Sri Sunthon,1033206.0,1459.0
78.0,77333,2,Condo,Fully Furnished,Phuket,2012.0,7.939621,,0,2,6032007,"10/33 Kamala, Kammala, Kathu, Phuket",98.292125,,Kammala,177412.0,2274.0
43.0,100980,1,Apartment,,Phuket,,7.946446,,0,1,4342176,"Kammala, Kathu, Phuket",98.278873,,Kammala,127711.0,2970.0
28.0,120345,1,Condo,Unfurnished,Phuket,2022.0,7.979949250487842,,0,,3369660,"66/2 Soi Hua Tiao, Choeng Thale, Thalang, Phuket",98.288185097334,Freehold,Choeng Thale,99108.0,3540.0
35.0,86944,1,Apartment,Fully Furnished,Phuket,,7.774218,,0,,3043040,"Rawai, Muang Phuket, Phuket",98.318782,,Rawai,89501.0,2557.0
142.0,110000,2,Condo,,Phuket,2014.0,7.8210654,,0,2,15620000,"Kata Kata, Karon, Muang Phuket, Phuket",98.2993432,Freehold,Karon,459412.0,3235.0
134.0,164179,2,Apartment,Fully Furnished,Phuket,,7.984286,,0,2,22000000,"Choeng Thale, Thalang, Phuket",98.282863,,Choeng Thale,647059.0,4829.0
34.0,129694,1,Condo,,Phuket,2019.0,7.947589,,0,,4409600,"63/1 Sirinart Road, Patong, Kathu, Phuket",98.271956,Freehold,Patong,129694.0,3815.0
228.0,78335,2,Detached House,Unfurnished,Phuket,,7.999729,218.0,0,2,17077226,"Choeng Thale, Thalang, Phuket",98.309086,,Choeng Thale,502271.0,2304.0
86.0,43478,2,Detached House,,Phuket,,8.0561743,207.0,0,2,9000000,"Thep Krasattri, Thalang, Phuket",98.3224478,,Thep Krasattri,264706.0,1279.0
428.0,35854,4,Detached House,Unfurnished,Phuket,,7.784806,675.0,0,4,24201800,"Rawai, Muang Phuket, Phuket",98.314167,,Rawai,711818.0,1055.0
216.0,20481,2,Detached House,Partially Furnished,Phuket,,7.999209,581.0,0,2,11900000,"Choeng Thale, Thalang, Phuket",98.310651,,Choeng Thale,350000.0,602.0
202.00000000000003,49060,2,Detached House,Fully Furnished,Phuket,,8.00219,276.0,0,3,13540800,"Soi Pasak 4/1, Choeng Thale, Thalang, Phuket",98.314755,,Choeng Thale,398259.0,1443.0
68.0,36617,2,Townhouse,Partially Furnished,Phuket,,7.857626,72.0,0,3,2490000,"Wichit, Muang Phuket, Phuket",98.362273,,Wichit,73235.0,1077.0
202.00000000000003,48052,2,Detached House,Fully Furnished,Phuket,,8.00219,283.0,0,3,13598900,"Soi Pasak 4/1, Choeng Thale, Thalang, Phuket",98.314755,,Choeng Thale,399968.0,1413.0
35.0,127726,1,Apartment,,Phuket,,7.800243,,0,,4470424,"Rawai, Muang Phuket, Phuket",98.336727,,Rawai,131483.0,3757.0
56.0,103571,1,Condo,Fully Furnished,Phuket,2012.0,7.817934,,0,1,5800000,"ปฏัก ปฏัก, Karon, Muang Phuket, Phuket",98.312717,,Karon,170588.0,3046.0
92.0,21875,2,Detached House,Fully Furnished,Phuket,,7.7787442973584,320.0,0,2,7000000,"Rawai, Muang Phuket, Phuket",98.325198999227,,Rawai,205882.0,643.0
237.0,30971,3,Detached House,Fully Furnished,Phuket,,7.8131798,381.0,0,3,11800000,"Rawai, Muang Phuket, Phuket",98.328037,,Rawai,347059.0,911.0
255.0,63020,4,Detached House,Unfurnished,Phuket,,8.0020954,192.00000000000003,0,3,12100000,"Sri Sunthon, Thalang, Phuket",98.3227525,,Sri Sunthon,355882.0,1854.0
160.0,52500,3,Detached House,Fully Furnished,Phuket,,7.803891,200.0,0,3,10500000,"Rawai, Muang Phuket, Phuket",98.330029,,Rawai,308824.0,1544.0
107.0,97168,2,Townhouse,Fully Furnished,Phuket,,7.9807656,110.0,0,2,10396980,"Choeng Thale, Thalang, Phuket",98.2832322,,Choeng Thale,305794.0,2858.0
127.0,38093,2,Detached House,Unfurnished,Phuket,,8.0947785,353.0,0,2,13447008,"Thep Krasattri, Thalang, Phuket",98.3630926,,Thep Krasattri,395500.0,1120.0
148.0,62851,2,Condo,Fully Furnished,Phuket,2012.0,7.939621,,0,2,9301950,"10/33 Kamala, Kammala, Kathu, Phuket",98.292125,,Kammala,273587.0,1849.0
130.0,40096,2,Detached House,Unfurnished,Phuket,,8.0947785,358.0,0,2,14354640,"Thep Krasattri, Thalang, Phuket",98.3630926,,Thep Krasattri,422195.0,1179.0
104.0,70192,3,Townhouse,Fully Furnished,Phuket,,7.881726,144.0,0,3,7300000,"Patong, Kathu, Phuket",98.298999,,Patong,214706.0,2064.0
220.0,26052,3,Detached House,Fully Furnished,Phuket,,7.8965361850331,380.0,0,3,9900000,"Kathu, Kathu, Phuket",98.336467386067,,Kathu,291176.0,766.0
237.0,28501,3,Detached House,Fully Furnished,Phuket,,7.8131798,407.0,0,3,11600000,"Rawai, Muang Phuket, Phuket",98.328037,,Rawai,341176.0,838.0
106.0,24567,2,Detached House,Unfurnished,Phuket,,8.0217197,162.0,0,2,3980000,"Thep Krasattri, Thalang, Phuket",98.3220615,,Thep Krasattri,117059.0,723.0
156.0,63461,2,Condo,Fully Furnished,Phuket,2012.0,7.85394,,0,2,9900000,"127/21 Patak, Chalong, Muang Phuket, Phuket",98.295645,Freehold,Chalong,291176.0,1866.0
42.0,90476,1,Condo,Fully Furnished,Phuket,2014.0,7.992271,,0,2,3800000,"Thep Kasattri Thep Kasattri, Choeng Thale, Thalang, Phuket",98.30626,Freehold,Choeng Thale,111765.0,2661.0
109.0,49282,3,Detached House,Fully Furnished,Phuket,,7.808737,136.0,0,2,6702480,"Rawai, Muang Phuket, Phuket",98.331665,,Rawai,197132.0,1449.0
83.0,40000,1,Detached House,Fully Furnished,Phuket,,8.015603,120.0,0,1,4800000,"Choeng Thale, Thalang, Phuket",98.307712,,Choeng Thale,141176.0,1176.0
236.0,23809,2,Detached House,Fully Furnished,Phuket,,7.953478,525.0,0,3,12500000,"Kammala, Kathu, Phuket",98.289627,,Kammala,367647.0,700.0
128.0,39984,1,Detached House,Fully Furnished,Phuket,,7.788101,216.0,0,1,8636700,"Rawai, Muang Phuket, Phuket",98.311855,,Rawai,254021.0,1176.0
107.0,100000,1,Condo,,Phuket,2014.0,7.8210654,,0,1,10700000,"Kata Kata, Karon, Muang Phuket, Phuket",98.2993432,Freehold,Karon,314706.0,2941.0
112.0,34939,2,Detached House,,Phuket,,7.786358,332.0,0,2,11600000,"Rawai, Muang Phuket, Phuket",98.308305,,Rawai,341176.0,1028.0
146.0,95890,1,Condo,,Phuket,2014.0,7.8210654,,0,1,14000000,"Kata Kata, Karon, Muang Phuket, Phuket",98.2993432,Freehold,Karon,411765.0,2820.0
46.0,76086,1,Apartment,Fully Furnished,Phuket,,7.9066897,,0,1,3500000,"Patong, Kathu, Phuket",98.3052434,,Patong,102941.0,2238.0
300.0,28530,5,Detached House,Unfurnished,Phuket,,7.945824,1048.0,0,5,29900000,"Kammala, Kathu, Phuket",98.291527,,Kammala,879412.0,839.0
290.0,40020,3,Detached House,Unfurnished,Phuket,,8.029712,450.0,0,3,18009000,"Thep Krasattri, Thalang, Phuket",98.3103542,,Thep Krasattri,529676.0,1177.0
530.0,43333,6,Detached House,Fully Furnished,Phuket,,7.864407,900.0,0,6,39000000,"Chalong, Muang Phuket, Phuket",98.33117,,Chalong,1147059.0,1274.0
255.0,65027,4,Detached House,Unfurnished,Phuket,,8.0020954,183.0,0,3,11900000,"Sri Sunthon, Thalang, Phuket",98.3227525,,Sri Sunthon,350000.0,1913.0
102.0,32945,2,Detached House,Fully Furnished,Phuket,,7.812653,258.0,0,3,8500000,"Rawai, Muang Phuket, Phuket",98.331261,,Rawai,250000.0,969.0
120.0,228000,2,Apartment,Fully Furnished,Phuket,2018.0,7.894849,,0,2,27360000,"33/1 Taweewong Road, Patong, Kathu, Phuket",98.295598,Freehold,Patong,804706.0,6706.0
380.0,240000,4,Detached House,Fully Furnished,Phuket,2012.0,7.939621,250.0,0,4,60000000,"10/33 Kamala, Kammala, Kathu, Phuket",98.292125,,Kammala,1764706.0,7059.0
113.0,169026,2,Condo,,Phuket,2014.0,7.8210654,,0,2,19100000,"Kata Kata, Karon, Muang Phuket, Phuket",98.2993432,Freehold,Karon,561765.0,4971.0
148.0,62978,2,Condo,Fully Furnished,Phuket,2012.0,7.939621,,0,2,9320850,"10/33 Kamala, Kammala, Kathu, Phuket",98.292125,,Kammala,274143.0,1852.0
416.0,55483,4,Detached House,Fully Furnished,Phuket,,7.863587,465.0,0,3,25800000,"Chalong, Muang Phuket, Phuket",98.3314,,Chalong,758824.0,1632.0
240.0,75757,3,Detached House,Fully Furnished,Phuket,,7.9132116898875,198.0,0,4,15000000,"Kathu, Kathu, Phuket",98.327511138211,,Kathu,441176.0,2228.0
39.0,131193,1,Condo,Unfurnished,Phuket,2022.0,7.979949250487842,,0,1,5116527,"66/2 Soi Hua Tiao, Choeng Thale, Thalang, Phuket",98.288185097334,Freehold,Choeng Thale,150486.0,3859.0
600.0,60833,5,Townhouse,Unfurnished,Phuket,,7.9004504,96.0,0,5,36500000,"Patong, Kathu, Phuket",98.2996559,,Patong,1073529.0,1789.0
142.0,11461,2,Detached House,Unfurnished,Phuket,,8.051846,1300.0,0,4,14900000,"Pa Khlok, Thalang, Phuket",98.399747,,Pa Khlok,438235.0,337.0
34.0,135294,1,Condo,Unfurnished,Phuket,2019.0,7.83473,,0,1,4600000,"Soi Patak 14, Karon, Muang Phuket, Phuket",98.301049,Freehold,Karon,135294.0,3979.0
78.0,79528,2,Condo,Fully Furnished,Phuket,2012.0,7.939621,,0,2,6203258,"10/33 Kamala, Kammala, Kathu, Phuket",98.292125,,Kammala,182449.0,2339.0
42.0,106442,1,Condo,,Phuket,2021.0,7.769664,,0,1,4470600,"Thai Highway-4030 Road, Rawai, Muang Phuket, Phuket",98.308717,Freehold,Rawai,131488.0,3131.0
44.0,227647,1,Apartment,Fully Furnished,Phuket,,7.8853267,,0,1,10016491,"Patong, Kathu, Phuket",98.2847522,,Patong,294603.0,6696.0
100.0,79000,2,Condo,Fully Furnished,Phuket,2012.0,8.0348216,,0,2,7900000,"45/11 Kamala, Kammala, Kathu, Phuket",98.3377935,,Kammala,232353.0,2324.0
280.0,50284,3,Detached House,Fully Furnished,Phuket,,7.829206,338.0,0,3,16996100,"Chalong, Muang Phuket, Phuket",98.333126,,Chalong,499885.0,1479.0
1280.0,75000,5,Detached House,Fully Furnished,Phuket,,7.963273,900.0,0,4,67500000,"Sri Sunthon, Thalang, Phuket",98.347374,,Sri Sunthon,1985294.0,2206.0
820.0,32637,6,Detached House,Fully Furnished,Phuket,,8.068937,1532.0,0,5,50000000,"Pa Khlok, Thalang, Phuket",98.38319,,Pa Khlok,1470588.0,960.0
86.0,67595,2,Detached House,Unfurnished,Phuket,,7.9959981,92.0,0,3,6218824,"Pa Khlok, Thalang, Phuket",98.4034833,,Pa Khlok,182907.0,1988.0
92.0,97010,2,Apartment,Fully Furnished,Phuket,,7.949585,,0,2,8925000,"Kammala, Kathu, Phuket",98.2762462,,Kammala,262500.0,2853.0
110.0,23469,2,Detached House,Fully Furnished,Phuket,,8.00311,245.0,0,2,5750000,"Choeng Thale, Thalang, Phuket",98.316262,,Choeng Thale,169118.0,690.0
250.0,27127,4,Detached House,Fully Furnished,Phuket,,7.980486,940.0,0,3,25500000,"Choeng Thale, Thalang, Phuket",98.284565,,Choeng Thale,750000.0,798.0
102.0,176470,2,Apartment,Fully Furnished,Phuket,,7.984286,,0,2,18000000,"Choeng Thale, Thalang, Phuket",98.282863,,Choeng Thale,529412.0,5190.0
150.0,153333,3,Condo,Fully Furnished,Phuket,2014.0,7.824568,,0,3,23000000,"29/17-18 หมู่ 5, Karon, Muang Phuket, Phuket",98.303996,,Karon,676471.0,4510.0
148.0,42128,2,Detached House,Unfurnished,Phuket,,7.7944202,249.0,0,2,10490000,"Rawai, Muang Phuket, Phuket",98.3278162,,Rawai,308529.0,1239.0
181.0,19658,3,Detached House,Fully Furnished,Phuket,,8.005086,234.0,0,3,4600000,"Choeng Thale, Thalang, Phuket",98.316137,,Choeng Thale,135294.0,578.0
92.0,234063,2,Apartment,Fully Furnished,Phuket,,7.8853267,,0,2,21533867,"Patong, Kathu, Phuket",98.2847522,,Patong,633349.0,6884.0
209.0,33957,2,Detached House,Fully Furnished,Phuket,,7.7855567,427.0,0,3,14500000,"Rawai, Muang Phuket, Phuket",98.3132386,,Rawai,426471.0,999.0
485.0,44773,4,Detached House,Unfurnished,Phuket,,7.784806,676.0,0,4,30267000,"Rawai, Muang Phuket, Phuket",98.314167,,Rawai,890206.0,1317.0
40.0,62500,1,Apartment,Fully Furnished,Phuket,,7.8945203,,0,,2500000,"Patong, Kathu, Phuket",98.3047224,,Patong,73529.0,1838.0
57.0,228800,1,Apartment,Fully Furnished,Phuket,2018.0,7.894849,,0,1,13041600,"33/1 Taweewong Road, Patong, Kathu, Phuket",98.295598,Freehold,Patong,383576.0,6729.0
24.000000000000004,110416,1,Condo,Unfurnished,Phuket,2019.0,7.896310937532187,,0,,2650000,"Vichitsongkram Road, Kathu, Kathu, Phuket",98.35070775622904,Freehold,Kathu,77941.0,3248.0
157.0,61643,2,Detached House,Fully Furnished,Phuket,,7.789211,219.0,0,3,13500000,"Rawai, Muang Phuket, Phuket",98.314278,,Rawai,397059.0,1813.0
300.0,25815,4,Detached House,Fully Furnished,Phuket,,8.1295803,736.0,0,4,19000000,"Mai Khao, Thalang, Phuket",98.307707,,Mai Khao,558824.0,759.0
220.0,13986,4,Detached House,Unfurnished,Phuket,2020.0,8.136234,1430.0,0,3,20000000,"Thepkasattri Road, Mai Khao, Thalang, Phuket",98.337696,Freehold,Mai Khao,588235.0,411.0
210.0,44822,2,Detached House,Unfurnished,Phuket,,8.020606,289.0,0,2,12953610,"Pa Khlok, Thalang, Phuket",98.395727,,Pa Khlok,380989.0,1318.0
47.0,212480,1,Apartment,Fully Furnished,Phuket,,7.8853267,,0,1,9986567,"Patong, Kathu, Phuket",98.2847522,,Patong,293723.0,6249.0
155.0,146341,2,Detached House,Unfurnished,Phuket,2020.0,8.136234,82.0,0,2,12000000,"Thepkasattri Road, Mai Khao, Thalang, Phuket",98.337696,Freehold,Mai Khao,352941.0,4304.0
300.0,67161,3,Detached House,Unfurnished,Phuket,,7.793198,236.0,0,3,15850000,"Rawai, Muang Phuket, Phuket",98.3142482,,Rawai,466176.0,1975.0
122.0,39634,2,Detached House,Fully Furnished,Phuket,,7.920667,164.0,0,2,6500000,"Kathu, Kathu, Phuket",98.333899,,Kathu,191176.0,1166.0
155.0,146341,2,Detached House,Unfurnished,Phuket,2020.0,8.136234,82.0,0,2,12000000,"Thepkasattri Road, Mai Khao, Thalang, Phuket",98.337696,Freehold,Mai Khao,352941.0,4304.0
423.0,60454,3,Detached House,Fully Furnished,Phuket,,8.0313676,660.0,0,3,39900000,"Choeng Thale, Thalang, Phuket",98.3004338,,Choeng Thale,1173529.0,1778.0
81.0,172839,2,Condo,Fully Furnished,Phuket,2014.0,7.901286,,0,2,14000000,"ถนน มนตรี, Talat Yai, Muang Phuket, Phuket",98.378577,,Talat Yai,411765.0,5084.0
308.0,50000,2,Detached House,Fully Furnished,Phuket,,8.0038498,190.0,0,2,9500000,"Sri Sunthon, Thalang, Phuket",98.3193474,,Sri Sunthon,279412.0,1471.0
137.0,40322,4,Detached House,Unfurnished,Phuket,,7.841159,186.0,0,3,7500000,"Chalong, Muang Phuket, Phuket",98.3627409,,Chalong,220588.0,1186.0
350.0,26913,3,Detached House,Fully Furnished,Phuket,,7.9238877786371,1672.0,0,5,45000000,"Kathu, Kathu, Phuket",98.333243846497,,Kathu,1323529.0,792.0
179.0,86592,2,Apartment,Fully Furnished,Phuket,2012.0,8.029699,,0,2,15500000,"ป่าตอง Layan, Choeng Thale, Thalang, Phuket",98.294885,Freehold,Choeng Thale,455882.0,2547.0
500.0,28235,7,Detached House,Fully Furnished,Phuket,,7.92845,850.0,0,5,24000000,"Kammala, Kathu, Phuket",98.275567,,Kammala,705882.0,830.0
191.00000000000003,52439,2,Detached House,,Phuket,,7.786206,246.0,0,2,12900000,"Rawai, Muang Phuket, Phuket",98.314785,,Rawai,379412.0,1542.0
370.0,56407,4,Detached House,,Phuket,,7.9998696,345.0,0,3,19460480,"Choeng Thale, Thalang, Phuket",98.3059654,,Choeng Thale,572367.0,1659.0
222.00000000000003,44838,2,Detached House,,Phuket,,7.786206,310.0,0,2,13900000,"Rawai, Muang Phuket, Phuket",98.314785,,Rawai,408824.0,1319.0
250.0,19166,2,Detached House,Fully Furnished,Phuket,,7.8539229075353,600.0,0,4,11500000,"Chalong, Muang Phuket, Phuket",98.335100169977,,Chalong,338235.0,564.0
1241.0,91420,4,Detached House,Fully Furnished,Phuket,,7.976437,1964.0,0,4,179550000,"Choeng Thale, Thalang, Phuket",98.284909,,Choeng Thale,5280882.0,2689.0
163.0,80674,2,Apartment,Unfurnished,Phuket,,7.8358342,,0,2,13150000,"Karon, Muang Phuket, Phuket",98.2999577,,Karon,386765.0,2373.0
186.0,50638,4,Detached House,Fully Furnished,Phuket,,7.949265,235.0,0,3,11900000,"Kammala, Kathu, Phuket",98.298516,,Kammala,350000.0,1489.0
215.0,40642,3,Detached House,,Phuket,,7.870892,140.0,0,3,5690000,"Talat Yai, Muang Phuket, Phuket",98.396417,,Talat Yai,167353.0,1195.0
218.0,31218,2,Detached House,Fully Furnished,Phuket,,7.984041,509.0,0,2,15890000,"Choeng Thale, Thalang, Phuket",98.296581,,Choeng Thale,467353.0,918.0
380.0,41126,4,Detached House,Fully Furnished,Phuket,,7.963273,586.0,0,3,24100000,"Sri Sunthon, Thalang, Phuket",98.347374,,Sri Sunthon,708824.0,1210.0
579.0,60000,5,Detached House,Fully Furnished,Phuket,,8.0313676,1000.0,0,4,60000000,"Choeng Thale, Thalang, Phuket",98.3004338,,Choeng Thale,1764706.0,1765.0
24.000000000000004,114583,1,Condo,Unfurnished,Phuket,2019.0,7.896310937532187,,0,,2750000,"Vichitsongkram Road, Kathu, Kathu, Phuket",98.35070775622904,Freehold,Kathu,80882.0,3370.0
114.0,55940,2,Detached House,Fully Furnished,Phuket,,8.019697,202.00000000000003,0,2,11300000,"Thep Krasattri, Thalang, Phuket",98.3151961,,Thep Krasattri,332353.0,1645.0
70.0,80142,1,Apartment,Unfurnished,Phuket,,7.8358342,,0,1,5610000,"Karon, Muang Phuket, Phuket",98.2999577,,Karon,165000.0,2357.0
179.0,77044,3,Detached House,Unfurnished,Phuket,,8.0947785,195.0,0,2,15023760,"Thep Krasattri, Thalang, Phuket",98.3630926,,Thep Krasattri,441875.0,2266.0
184.0,33333,3,Detached House,Fully Furnished,Phuket,,7.919372,147.0,0,3,4900000,"Kathu, Kathu, Phuket",98.337933,,Kathu,144118.0,980.0
114.0,47286,2,Detached House,Fully Furnished,Phuket,,8.019697,258.0,0,2,12200000,"Thep Krasattri, Thalang, Phuket",98.3151961,,Thep Krasattri,358824.0,1391.0
62.0,58724,1,Condo,Fully Furnished,Phuket,2012.0,7.939621,,0,1,3640890,"10/33 Kamala, Kammala, Kathu, Phuket",98.292125,,Kammala,107085.0,1727.0
24.000000000000004,112500,1,Condo,Unfurnished,Phuket,2022.0,7.780462,,0,,2700000,"Soi Suanwat, Rawai, Muang Phuket, Phuket",98.316451,Freehold,Rawai,79412.0,3309.0
34.0,70588,1,Apartment,Fully Furnished,Phuket,,7.7983336,,0,1,2400000,"Rawai, Muang Phuket, Phuket",98.3257699,,Rawai,70588.0,2076.0
57.0,73149,1,Condo,Fully Furnished,Phuket,2012.0,7.939621,,0,1,4169523,"10/33 Kamala, Kammala, Kathu, Phuket",98.292125,,Kammala,122633.0,2151.0
36.0,97101,1,Apartment,Fully Furnished,Phuket,,7.774218,,0,,3495660,"Rawai, Muang Phuket, Phuket",98.318782,,Rawai,102814.0,2856.0
127.0,83464,2,Apartment,Unfurnished,Phuket,,7.8358342,,0,2,10600000,"Karon, Muang Phuket, Phuket",98.2999577,,Karon,311765.0,2455.0
155.0,146341,2,Detached House,Unfurnished,Phuket,2020.0,8.136234,82.0,0,2,12000000,"Thepkasattri Road, Mai Khao, Thalang, Phuket",98.337696,Freehold,Mai Khao,352941.0,4304.0
275.0,51575,2,Detached House,Fully Furnished,Phuket,,7.991564,349.0,0,2,18000000,"Choeng Thale, Thalang, Phuket",98.296494,,Choeng Thale,529412.0,1517.0
244.00000000000003,42263,2,Detached House,Unfurnished,Phuket,,8.0559426,296.0,0,3,12510000,"Thep Krasattri, Thalang, Phuket",98.3193737,,Thep Krasattri,367941.0,1243.0
303.0,89513,2,Detached House,Fully Furnished,Phuket,,7.863587,185.0,0,3,16560000,"Chalong, Muang Phuket, Phuket",98.3314,,Chalong,487059.0,2633.0
72.0,66666,1,Apartment,Fully Furnished,Phuket,,7.8358342,,0,1,4800000,"Karon, Muang Phuket, Phuket",98.2999577,,Karon,141176.0,1961.0
24.000000000000004,114583,1,Condo,Unfurnished,Phuket,2019.0,7.896310937532187,,0,,2750000,"Vichitsongkram Road, Kathu, Kathu, Phuket",98.35070775622904,Freehold,Kathu,80882.0,3370.0
191.00000000000003,68897,4,Detached House,,Phuket,,7.9860111,160.0,0,3,11023676,"Sri Sunthon, Thalang, Phuket",98.3242978,,Sri Sunthon,324226.0,2026.0
300.0,23100,4,Detached House,Fully Furnished,Phuket,,7.990965,1000.0,0,4,23100000,"Choeng Thale, Thalang, Phuket",98.31272,,Choeng Thale,679412.0,679.0
34.0,138235,1,Condo,Unfurnished,Phuket,2019.0,7.83473,,0,1,4700000,"Soi Patak 14, Karon, Muang Phuket, Phuket",98.301049,Freehold,Karon,138235.0,4066.0
113.0,118293,2,Townhouse,Fully Furnished,Phuket,,7.9807656,151.0,0,2,13367200,"Choeng Thale, Thalang, Phuket",98.2832322,,Choeng Thale,393153.0,3479.0
205.0,38532,3,Detached House,,Phuket,,7.870892,140.0,0,3,5394500,"Talat Yai, Muang Phuket, Phuket",98.396417,,Talat Yai,158662.0,1133.0
220.0,72727,3,Apartment,Fully Furnished,Phuket,,8.021761,,0,3,16000000,"Choeng Thale, Thalang, Phuket",98.2987212,,Choeng Thale,470588.0,2139.0
68.0,129694,1,Condo,,Phuket,2019.0,7.947589,,0,2,8819200,"63/1 Sirinart Road, Patong, Kathu, Phuket",98.271956,Freehold,Patong,259388.0,3815.0
179.0,86592,2,Apartment,Fully Furnished,Phuket,2012.0,8.029699,,0,2,15500000,"ป่าตอง Layan, Choeng Thale, Thalang, Phuket",98.294885,Freehold,Choeng Thale,455882.0,2547.0
86.0,43478,2,Detached House,,Phuket,,8.0561743,207.0,0,2,9000000,"Thep Krasattri, Thalang, Phuket",98.3224478,,Thep Krasattri,264706.0,1279.0
24.000000000000004,114583,1,Condo,Unfurnished,Phuket,2019.0,7.896310937532187,,0,,2750000,"Vichitsongkram Road, Kathu, Kathu, Phuket",98.35070775622904,Freehold,Kathu,80882.0,3370.0
118.0,43402,2,Detached House,Fully Furnished,Phuket,,7.8474619,144.0,0,2,6250000,"Chalong, Muang Phuket, Phuket",98.3613556,,Chalong,183824.0,1277.0
112.0,36507,2,Detached House,,Phuket,,7.786358,315.0,0,2,11500000,"Rawai, Muang Phuket, Phuket",98.308305,,Rawai,338235.0,1074.0
118.0,43727,2,Detached House,Fully Furnished,Phuket,,8.019697,279.0,0,2,12200000,"Thep Krasattri, Thalang, Phuket",98.3151961,,Thep Krasattri,358824.0,1286.0
40.0,90000,1,Condo,Fully Furnished,Phuket,2012.0,7.817934,,0,1,3600000,"ปฏัก ปฏัก, Karon, Muang Phuket, Phuket",98.312717,,Karon,105882.0,2647.0
75.0,30800,1,Townhouse,Fully Furnished,Phuket,,7.857626,84.0,0,2,2310000,"Wichit, Muang Phuket, Phuket",98.362273,,Wichit,67941.0,906.0
458.0,141022,4,Detached House,Fully Furnished,Phuket,,7.9847714,808.0000000000001,0,3,113946000,"Pa Khlok, Thalang, Phuket",98.4210194,,Pa Khlok,3351353.0,4148.0
385.0,32578,3,Detached House,Unfurnished,Phuket,,7.784806,675.0,0,3,21990300,"Rawai, Muang Phuket, Phuket",98.314167,,Rawai,646774.0,958.0
68.0,129694,1,Condo,,Phuket,2019.0,7.947589,,0,2,8819200,"63/1 Sirinart Road, Patong, Kathu, Phuket",98.271956,Freehold,Patong,259388.0,3815.0
71.0,59452,1,Detached House,Unfurnished,Phuket,,8.0735844,84.0,0,2,4994000,"Thep Krasattri, Thalang, Phuket",98.3460048,,Thep Krasattri,146882.0,1749.0
29.0,98333,1,Detached House,Fully Furnished,Phuket,2022.0,7.891229,60.0,0,1,5900000,"Hasip Pee Road, Patong, Kathu, Phuket",98.308621,Leasehold,Patong,173529.0,2892.0
86.0,43478,2,Detached House,,Phuket,,8.0561743,207.0,0,2,9000000,"Thep Krasattri, Thalang, Phuket",98.3224478,,Thep Krasattri,264706.0,1279.0
24.000000000000004,114583,1,Condo,Unfurnished,Phuket,2019.0,7.896310937532187,,0,,2750000,"Vichitsongkram Road, Kathu, Kathu, Phuket",98.35070775622904,Freehold,Kathu,80882.0,3370.0
75.0,104000,2,Condo,Fully Furnished,Phuket,2012.0,7.817934,,0,2,7800000,"ปฏัก ปฏัก, Karon, Muang Phuket, Phuket",98.312717,,Karon,229412.0,3059.0
81.0,63000,2,Condo,Fully Furnished,Phuket,2012.0,7.939621,,0,2,5103000,"10/33 Kamala, Kammala, Kathu, Phuket",98.292125,,Kammala,150088.0,1853.0
179.0,78012,3,Detached House,Unfurnished,Phuket,,8.0947785,192.00000000000003,0,2,14978400,"Thep Krasattri, Thalang, Phuket",98.3630926,,Thep Krasattri,440541.0,2294.0
144.0,18369,2,Detached House,Partially Furnished,Phuket,,8.0661101,184.0,0,2,3380000,"Thep Krasattri, Thalang, Phuket",98.337731,,Thep Krasattri,99412.0,540.0
360.0,38192,4,Detached House,Unfurnished,Phuket,,8.0559426,493.0,0,4,18829000,"Thep Krasattri, Thalang, Phuket",98.3193737,,Thep Krasattri,553794.0,1123.0
250.0,43333,3,Detached House,,Phuket,,8.018355,450.0,0,3,19500000,"Choeng Thale, Thalang, Phuket",98.310285,,Choeng Thale,573529.0,1274.0
106.0,24845,2,Detached House,Unfurnished,Phuket,,8.0217197,324.0,0,4,8050000,"Thep Krasattri, Thalang, Phuket",98.3220615,,Thep Krasattri,236765.0,731.0
35.0,131057,1,Apartment,,Phuket,,7.800243,,0,,4587026,"Rawai, Muang Phuket, Phuket",98.336727,,Rawai,134913.0,3855.0
171.0,39535,4,Detached House,,Phuket,,8.0410493,812.9999999999999,0,4,32142500,"Choeng Thale, Thalang, Phuket",98.2963637,,Choeng Thale,945368.0,1163.0
216.0,45212,3,Detached House,Fully Furnished,Phuket,,7.879042,188.0,0,3,8500000,"Patong, Kathu, Phuket",98.294942,,Patong,250000.0,1330.0
565.0,241666,8,Detached House,Fully Furnished,Phuket,,7.812228,600.0,0,8,145000000,"Karon, Muang Phuket, Phuket",98.297055,,Karon,4264706.0,7108.0
34.0,93629,1,Apartment,Fully Furnished,Phuket,,7.774218,,0,,3183390,"Rawai, Muang Phuket, Phuket",98.318782,,Rawai,93629.0,2754.0
300.0,115000,4,Detached House,Unfurnished,Phuket,,7.84522,300.0,0,3,34500000,"Karon, Muang Phuket, Phuket",98.3031348,,Karon,1014706.0,3382.0
210.0,50086,2,Detached House,Unfurnished,Phuket,,8.020606,251.0,0,2,12571670,"Pa Khlok, Thalang, Phuket",98.395727,,Pa Khlok,369755.0,1473.0
57.0,71897,1,Condo,Fully Furnished,Phuket,2012.0,7.939621,,0,1,4098173,"10/33 Kamala, Kammala, Kathu, Phuket",98.292125,,Kammala,120534.0,2115.0
236.0,22857,2,Detached House,Fully Furnished,Phuket,,7.953478,525.0,0,3,12000000,"Kammala, Kathu, Phuket",98.289627,,Kammala,352941.0,672.0
73.0,80136,1,Apartment,Unfurnished,Phuket,,7.8358342,,0,1,5850000,"Karon, Muang Phuket, Phuket",98.2999577,,Karon,172059.0,2357.0
150.0,156666,3,Townhouse,Fully Furnished,Phuket,,7.8788902,137.0,0,2,23500000,"Patong, Kathu, Phuket",98.2928534,,Patong,691176.0,4608.0
722.0,43250,6,Detached House,Fully Furnished,Phuket,,7.9476619,4000.0,0,5,173000000,"Kammala, Kathu, Phuket",98.2752809,,Kammala,5088235.0,1272.0
155.0,146341,2,Detached House,Unfurnished,Phuket,2020.0,8.136234,82.0,0,2,12000000,"Thepkasattri Road, Mai Khao, Thalang, Phuket",98.337696,Freehold,Mai Khao,352941.0,4304.0
428.0,30812,4,Detached House,Unfurnished,Phuket,,7.784806,837.0,0,4,25789900,"Rawai, Muang Phuket, Phuket",98.314167,,Rawai,758526.0,906.0
87.0,120689,1,Condo,,Phuket,2014.0,7.8210654,,0,1,10500000,"Kata Kata, Karon, Muang Phuket, Phuket",98.2993432,Freehold,Karon,308824.0,3550.0
248.0,121027,2,Detached House,Fully Furnished,Phuket,,7.9847714,508.00000000000006,0,2,61482000,"Pa Khlok, Thalang, Phuket",98.4210194,,Pa Khlok,1808294.0,3560.0
148.0,157894,2,Detached House,Unfurnished,Phuket,2020.0,8.136234,95.0,0,2,15000000,"Thepkasattri Road, Mai Khao, Thalang, Phuket",98.337696,Freehold,Mai Khao,441176.0,4644.0
222.00000000000003,44983,2,Detached House,,Phuket,,7.786206,309.0,0,2,13900000,"Rawai, Muang Phuket, Phuket",98.314785,,Rawai,408824.0,1323.0
45.0,102443,1,Apartment,,Phuket,,7.800243,,0,1,4609945,"Rawai, Muang Phuket, Phuket",98.336727,,Rawai,135587.0,3013.0
86.0,70930,2,Condo,Fully Furnished,Phuket,2012.0,7.8871892,,0,2,6100000,"ป่าตอง Haad Patong, Patong, Kathu, Phuket",98.302693,,Patong,179412.0,2086.0
116.0,29302,2,Detached House,Fully Furnished,Phuket,,8.00311,215.0,0,2,6300000,"Choeng Thale, Thalang, Phuket",98.316262,,Choeng Thale,185294.0,862.0
228.0,81159,2,Detached House,Unfurnished,Phuket,,7.999729,209.0,0,2,16962386,"Choeng Thale, Thalang, Phuket",98.309086,,Choeng Thale,498894.0,2387.0
256.0,51119,4,Detached House,Fully Furnished,Phuket,,7.818231,526.0,0,3,26888888,"Karon, Muang Phuket, Phuket",98.313382,,Karon,790850.0,1504.0
170.0,20833,3,Detached House,Fully Furnished,Phuket,,7.83775,312.0,0,3,6500000,"Chalong, Muang Phuket, Phuket",98.333194,,Chalong,191176.0,613.0
31.0,127535,1,Condo,Fully Furnished,Phuket,2013.0,7.90159,,0,1,3953600,"Soi Hongyok Utis Yaowarat Road, Talat Yai, Muang Phuket, Phuket",98.378572,Freehold,Talat Yai,116282.0,3751.0
28.0,111725,1,Condo,Fully Furnished,Phuket,2013.0,7.90159,,0,,3128300,"Soi Hongyok Utis Yaowarat Road, Talat Yai, Muang Phuket, Phuket",98.378572,Freehold,Talat Yai,92009.0,3286.0
655.0,179069,4,Detached House,Fully Furnished,Phuket,,7.863587,258.0,0,4,46200000,"Chalong, Muang Phuket, Phuket",98.3314,,Chalong,1358824.0,5267.0
86.0,43478,2,Detached House,,Phuket,,8.0561743,207.0,0,2,9000000,"Thep Krasattri, Thalang, Phuket",98.3224478,,Thep Krasattri,264706.0,1279.0
24.000000000000004,112500,1,Condo,Unfurnished,Phuket,2022.0,7.780462,,0,,2700000,"Soi Suanwat, Rawai, Muang Phuket, Phuket",98.316451,Freehold,Rawai,79412.0,3309.0
68.0,129694,1,Condo,,Phuket,2019.0,7.947589,,0,2,8819200,"63/1 Sirinart Road, Patong, Kathu, Phuket",98.271956,Freehold,Patong,259388.0,3815.0
96.0,121126,2,Condo,Fully Furnished,Phuket,2012.0,7.9027973,,0,2,11628100,"พระบารมี พระบารมี, Patong, Kathu, Phuket",98.3080182,,Patong,342003.0,3563.0
117.0,123931,3,Condo,,Phuket,2014.0,7.8210654,,0,3,14500000,"Kata Kata, Karon, Muang Phuket, Phuket",98.2993432,Freehold,Karon,426471.0,3645.0
78.0,70303,2,Condo,Fully Furnished,Phuket,2012.0,7.939621,,0,2,5483643,"10/33 Kamala, Kammala, Kathu, Phuket",98.292125,,Kammala,161284.0,2068.0
1280.0,97637,6,Detached House,Fully Furnished,Phuket,,7.963273,762.0,0,5,74400000,"Sri Sunthon, Thalang, Phuket",98.347374,,Sri Sunthon,2188235.0,2872.0
29.0,98333,1,Detached House,Fully Furnished,Phuket,2022.0,7.891229,60.0,0,1,5900000,"Hasip Pee Road, Patong, Kathu, Phuket",98.308621,Leasehold,Patong,173529.0,2892.0
1000.0,80835,12,Detached House,Fully Furnished,Phuket,,7.976437,2969.0,0,10,240000000,"Choeng Thale, Thalang, Phuket",98.284909,,Choeng Thale,7058824.0,2378.0
44.0,125000,1,Condo,Unfurnished,Phuket,2012.0,7.861106,,0,1,5500000,"เจ้าฟ้านอก Chao fah nok, Wichit, Muang Phuket, Phuket",98.35309,Freehold,Wichit,161765.0,3676.0
255.0,45566,2,Detached House,Fully Furnished,Phuket,,7.991564,406.0,0,2,18500000,"Choeng Thale, Thalang, Phuket",98.296494,,Choeng Thale,544118.0,1340.0
57.0,76660,1,Condo,Fully Furnished,Phuket,2012.0,7.939621,,0,1,4369660,"10/33 Kamala, Kammala, Kathu, Phuket",98.292125,,Kammala,128519.0,2255.0
200.0,30357,3,Detached House,Fully Furnished,Phuket,,7.8594245,280.0,0,3,8500000,"Chalong, Muang Phuket, Phuket",98.3440686,,Chalong,250000.0,893.0
144.0,156250,2,Condo,Fully Furnished,Phuket,2014.0,7.824568,,0,2,22500000,"29/17-18 หมู่ 5, Karon, Muang Phuket, Phuket",98.303996,,Karon,661765.0,4596.0
115.0,100000,1,Condo,,Phuket,2014.0,7.8210654,,0,1,11500000,"Kata Kata, Karon, Muang Phuket, Phuket",98.2993432,Freehold,Karon,338235.0,2941.0
106.0,24567,2,Detached House,Unfurnished,Phuket,,8.0217197,162.0,0,2,3980000,"Thep Krasattri, Thalang, Phuket",98.3220615,,Thep Krasattri,117059.0,723.0
162.0,33506,2,Detached House,Unfurnished,Phuket,,8.0217197,385.0,0,3,12900000,"Thep Krasattri, Thalang, Phuket",98.3220615,,Thep Krasattri,379412.0,985.0
611.0,39434,5,Detached House,Fully Furnished,Phuket,,8.022707,1267.0,0,4,49963404,"Choeng Thale, Thalang, Phuket",98.2989782,,Choeng Thale,1469512.0,1160.0
48.00000000000001,96600,1,Condo,Fully Furnished,Phuket,2012.0,7.9027973,,0,1,4636800,"พระบารมี พระบารมี, Patong, Kathu, Phuket",98.3080182,,Patong,136376.0,2841.0
240.0,165000,2,Detached House,Unfurnished,Phuket,,7.9764034,224.0,0,3,36960000,"Choeng Thale, Thalang, Phuket",98.2819472,,Choeng Thale,1087059.0,4853.0
255.0,63297,4,Detached House,Unfurnished,Phuket,,8.0020954,188.0,0,3,11900000,"Sri Sunthon, Thalang, Phuket",98.3227525,,Sri Sunthon,350000.0,1862.0
161.0,36562,3,Detached House,Unfurnished,Phuket,,7.953493,160.0,0,3,5850000,"Ko Kaeo, Muang Phuket, Phuket",98.383145,,Ko Kaeo,172059.0,1075.0
171.0,44390,2,Detached House,,Phuket,,8.0410493,500.0,0,3,22195000,"Choeng Thale, Thalang, Phuket",98.2963637,,Choeng Thale,652794.0,1306.0
106.0,34153,3,Detached House,Fully Furnished,Phuket,,8.019697,325.0,0,3,11100000,"Thep Krasattri, Thalang, Phuket",98.3151961,,Thep Krasattri,326471.0,1004.0
723.0,136463,6,Detached House,Fully Furnished,Phuket,,7.9476619,1672.0,0,5,228166212,"Kammala, Kathu, Phuket",98.2752809,,Kammala,6710771.0,4014.0
135.0,80740,2,Apartment,Unfurnished,Phuket,,7.8358342,,0,2,10900000,"Karon, Muang Phuket, Phuket",98.2999577,,Karon,320588.0,2375.0
85.0,39750,3,Detached House,Fully Furnished,Phuket,,8.0067775,400.0,0,3,15900000,"Sri Sunthon, Thalang, Phuket",98.3179422,,Sri Sunthon,467647.0,1169.0
99.0,191919,2,Condo,Fully Furnished,Phuket,2015.0,8.154175769124732,,0,2,19000000,"8 Moo 3, Mai Khao, Thalang, Phuket",98.2978065925904,Freehold,Mai Khao,558824.0,5645.0
310.0,54838,3,Apartment,Fully Furnished,Phuket,,7.770841,,0,3,17000000,"Rawai, Muang Phuket, Phuket",98.315238,,Rawai,500000.0,1613.0
412.0,45833,6,Detached House,Fully Furnished,Phuket,,7.99331,1200.0,0,6,55000000,"Pa Khlok, Thalang, Phuket",98.407085,,Pa Khlok,1617647.0,1348.0
83.0,118072,1,Condo,,Phuket,2014.0,7.8210654,,0,1,9800000,"Kata Kata, Karon, Muang Phuket, Phuket",98.2993432,Freehold,Karon,288235.0,3473.0
86.0,66869,2,Detached House,Unfurnished,Phuket,,7.9959981,93.0,0,3,6218824,"Pa Khlok, Thalang, Phuket",98.4034833,,Pa Khlok,182907.0,1967.0
99.0,121023,3,Detached House,Unfurnished,Phuket,,7.773505,142.0,0,2,17185300,"Rawai, Muang Phuket, Phuket",98.314949,,Rawai,505450.0,3560.0
280.0,31250,2,Detached House,Fully Furnished,Phuket,,7.897518,400.0,0,2,12500000,"Kathu, Kathu, Phuket",98.336456,,Kathu,367647.0,919.0
459.0,45046,3,Detached House,Fully Furnished,Phuket,,7.948023,388.0,0,2,17478000,"Kammala, Kathu, Phuket",98.285463,,Kammala,514059.0,1325.0
35.0,127725,1,Apartment,,Phuket,,7.800243,,0,,4470407,"Rawai, Muang Phuket, Phuket",98.336727,,Rawai,131483.0,3757.0
48.00000000000001,98612,1,Condo,Fully Furnished,Phuket,2012.0,7.9027973,,0,1,4733400,"พระบารมี พระบารมี, Patong, Kathu, Phuket",98.3080182,,Patong,139218.0,2900.0
179.0,64399,3,Detached House,Unfurnished,Phuket,,8.0947785,242.0,0,2,15584760,"Thep Krasattri, Thalang, Phuket",98.3630926,,Thep Krasattri,458375.0,1894.0
48.00000000000001,107775,1,Condo,Fully Furnished,Phuket,2012.0,7.9027973,,0,,5173200,"พระบารมี พระบารมี, Patong, Kathu, Phuket",98.3080182,,Patong,152153.0,3170.0
53.00000000000001,75000,1,Condo,Fully Furnished,Phuket,2012.0,7.976032,,0,,3975000,"25/3 Hadsurin, Choeng Thale, Thalang, Phuket",98.282733,Freehold,Choeng Thale,116912.0,2206.0
80.0,86250,5,Townhouse,Unfurnished,Phuket,,7.828,60.0,0,4,6900000,"Wichit, Muang Phuket, Phuket",98.401753,,Wichit,202941.0,2537.0
83.0,110843,1,Condo,,Phuket,2014.0,7.8210654,,0,1,9200000,"Kata Kata, Karon, Muang Phuket, Phuket",98.2993432,Freehold,Karon,270588.0,3260.0
102.0,240090,2,Apartment,Fully Furnished,Phuket,,7.8853267,,0,2,24489231,"Patong, Kathu, Phuket",98.2847522,,Patong,720272.0,7061.0
132.0,57954,2,Apartment,Fully Furnished,Phuket,,8.066434,,0,2,7650000,"Pa Khlok, Thalang, Phuket",98.433488,,Pa Khlok,225000.0,1705.0
449.0,110244,4,Townhouse,Fully Furnished,Phuket,,7.8039568,349.0,0,3,49500000,"Karon, Muang Phuket, Phuket",98.2996836,,Karon,1455882.0,3242.0
160.0,51875,2,Apartment,Fully Furnished,Phuket,,8.066434,,0,2,8300000,"Pa Khlok, Thalang, Phuket",98.433488,,Pa Khlok,244118.0,1526.0
240.0,24000,4,Detached House,Fully Furnished,Phuket,,8.0502187382772,750.0,0,4,18000000,"Pa Khlok, Thalang, Phuket",98.463247540131,,Pa Khlok,529412.0,706.0
84.0,157142,2,Condo,,Phuket,2014.0,7.8210654,,0,2,13200000,"Kata Kata, Karon, Muang Phuket, Phuket",98.2993432,Freehold,Karon,388235.0,4622.0
45.0,116918,1,Apartment,,Phuket,,7.800243,,0,1,5261351,"Rawai, Muang Phuket, Phuket",98.336727,,Rawai,154746.0,3439.0
45.0,62000,1,Condo,Fully Furnished,Phuket,2021.0,7.879898,,0,1,2790000,"Soi Verakij, Patong, Kathu, Phuket",98.297687,Freehold,Patong,82059.0,1824.0
113.0,125521,2,Townhouse,Fully Furnished,Phuket,,7.9807656,129.0,0,2,14183900,"Choeng Thale, Thalang, Phuket",98.2832322,,Choeng Thale,417174.0,3692.0
1100.0,22500,7,Detached House,Fully Furnished,Phuket,,7.7952744,2000.0,0,6,45000000,"Rawai, Muang Phuket, Phuket",98.3298164,,Rawai,1323529.0,662.0
338.0,61760,4,Detached House,Unfurnished,Phuket,,8.0054511,335.0,0,3,20689625,"Sri Sunthon, Thalang, Phuket",98.3206322,,Sri Sunthon,608518.0,1816.0
166.0,76428,3,Detached House,Fully Furnished,Phuket,,7.894494,140.0,0,3,10700000,"Patong, Kathu, Phuket",98.300739,,Patong,314706.0,2248.0
162.0,33503,2,Detached House,Unfurnished,Phuket,,8.0217197,411.0,0,3,13770000,"Thep Krasattri, Thalang, Phuket",98.3220615,,Thep Krasattri,405000.0,985.0
134.0,200000,3,Condo,Fully Furnished,Phuket,2015.0,8.154175769124732,,0,2,26800000,"8 Moo 3, Mai Khao, Thalang, Phuket",98.2978065925904,Freehold,Mai Khao,788235.0,5882.0
34.0,138235,1,Condo,Unfurnished,Phuket,2019.0,7.83473,,0,1,4700000,"Soi Patak 14, Karon, Muang Phuket, Phuket",98.301049,Freehold,Karon,138235.0,4066.0
92.0,240090,2,Apartment,Fully Furnished,Phuket,,7.8853267,,0,2,22088304,"Patong, Kathu, Phuket",98.2847522,,Patong,649656.0,7061.0
45.0,100216,1,Apartment,,Phuket,,7.800243,,0,1,4509729,"Rawai, Muang Phuket, Phuket",98.336727,,Rawai,132639.0,2948.0
420.0,20643,5,Detached House,Partially Furnished,Phuket,,7.830949,528.0,0,4,10900000,"Chalong, Muang Phuket, Phuket",98.324616,,Chalong,320588.0,607.0
56.0,71768,1,Condo,Fully Furnished,Phuket,2012.0,7.939621,,0,1,4019008,"10/33 Kamala, Kammala, Kathu, Phuket",98.292125,,Kammala,118206.0,2111.0
240.0,78750,3,Apartment,Fully Furnished,Phuket,,7.9314359,,0,3,18900000,"Kammala, Kathu, Phuket",98.2773594,,Kammala,555882.0,2316.0
268.0,42045,2,Detached House,Fully Furnished,Phuket,,7.991564,440.0,0,2,18500000,"Choeng Thale, Thalang, Phuket",98.296494,,Choeng Thale,544118.0,1237.0
799.9999999999999,29680,6,Detached House,Fully Furnished,Phuket,,7.923996,5000.0,0,6,148400000,"Kammala, Kathu, Phuket",98.269027,,Kammala,4364706.0,873.0
29.0,131379,1,Condo,Fully Furnished,Phuket,2021.0,7.9642,,0,,3810000,"Kammala, Kathu, Phuket",98.285203,Freehold,Kammala,112059.0,3864.0
169.0,57988,3,Apartment,Fully Furnished,Phuket,,7.9845802,,0,3,9800000,"Choeng Thale, Thalang, Phuket",98.2811698,,Choeng Thale,288235.0,1706.0
1280.0,96322,6,Detached House,Fully Furnished,Phuket,,7.963273,775.0,0,5,74650000,"Sri Sunthon, Thalang, Phuket",98.347374,,Sri Sunthon,2195588.0,2833.0
34.0,86470,1,Condo,Fully Furnished,Phuket,2014.0,7.909715,,0,1,2940000,"155 Chalerm Phrakiat Rama 9 Road, Ratsada, Muang Phuket, Phuket",98.3689,Freehold,Ratsada,86471.0,2543.0
127.0,39654,2,Detached House,Unfurnished,Phuket,,8.0947785,364.0,0,2,14434080,"Thep Krasattri, Thalang, Phuket",98.3630926,,Thep Krasattri,424532.0,1166.0
560.0,37426,4,Detached House,Unfurnished,Phuket,,7.919599,855.0,0,5,32000000,"Ratsada, Muang Phuket, Phuket",98.399415,,Ratsada,941176.0,1101.0
70.0,85714,1,Apartment,Fully Furnished,Phuket,,7.877447,,0,1,6000000,"Patong, Kathu, Phuket",98.298738,,Patong,176471.0,2521.0
403.0,44474,4,Detached House,,Phuket,,7.995925,371.0,0,3,16500000,"Choeng Thale, Thalang, Phuket",98.320541,,Choeng Thale,485294.0,1308.0
192.00000000000003,49479,2,Condo,Fully Furnished,Phuket,2012.0,8.0348216,,0,3,9500000,"45/11 Kamala, Kammala, Kathu, Phuket",98.3377935,,Kammala,279412.0,1455.0
653.0,23154,10,Detached House,Fully Furnished,Phuket,,8.0122526,2764.0,0,10,64000000,"Sri Sunthon, Thalang, Phuket",98.3328617,,Sri Sunthon,1882353.0,681.0
280.0,17250,3,Detached House,Fully Furnished,Phuket,,7.8133102,400.0,0,4,6900000,"Rawai, Muang Phuket, Phuket",98.3257838,,Rawai,202941.0,507.0
35.0,95411,1,Apartment,Fully Furnished,Phuket,,7.774218,,0,,3339410,"Rawai, Muang Phuket, Phuket",98.318782,,Rawai,98218.0,2806.0
205.0,38532,3,Detached House,,Phuket,,7.870892,140.0,0,3,5394500,"Talat Yai, Muang Phuket, Phuket",98.396417,,Talat Yai,158662.0,1133.0
134.0,29104,2,Detached House,Partially Furnished,Phuket,,7.8473284,134.0,0,4,3900000,"Wichit, Muang Phuket, Phuket",98.3823088,,Wichit,114706.0,856.0
86.0,43478,2,Detached House,,Phuket,,8.0561743,207.0,0,2,9000000,"Thep Krasattri, Thalang, Phuket",98.3224478,,Thep Krasattri,264706.0,1279.0
179.0,74441,3,Detached House,Unfurnished,Phuket,,8.0947785,203.0,0,2,15111720,"Thep Krasattri, Thalang, Phuket",98.3630926,,Thep Krasattri,444462.0,2189.0
28.0,120345,1,Condo,Unfurnished,Phuket,2022.0,7.979949250487842,,0,,3369660,"66/2 Soi Hua Tiao, Choeng Thale, Thalang, Phuket",98.288185097334,Freehold,Choeng Thale,99108.0,3540.0
115.0,30635,2,Detached House,Fully Furnished,Phuket,,8.015446,488.00000000000006,0,2,14950000,"Pa Khlok, Thalang, Phuket",98.392306,,Pa Khlok,439706.0,901.0
570.0,52884,4,Detached House,,Phuket,,8.0134489,1040.0,0,4,55000000,"Choeng Thale, Thalang, Phuket",98.3023832,,Choeng Thale,1617647.0,1555.0
82.0,100292,1,Condo,Fully Furnished,Phuket,2012.0,7.9027973,,0,1,8224000,"พระบารมี พระบารมี, Patong, Kathu, Phuket",98.3080182,,Patong,241882.0,2950.0
162.0,33549,2,Detached House,Unfurnished,Phuket,,8.0217197,386.0,0,3,12950000,"Thep Krasattri, Thalang, Phuket",98.3220615,,Thep Krasattri,380882.0,987.0
28.0,111870,1,Condo,Unfurnished,Phuket,2022.0,7.979949250487842,,0,,3132360,"66/2 Soi Hua Tiao, Choeng Thale, Thalang, Phuket",98.288185097334,Freehold,Choeng Thale,92128.0,3290.0
91.0,119780,1,Condo,,Phuket,2014.0,7.8210654,,0,1,10900000,"Kata Kata, Karon, Muang Phuket, Phuket",98.2993432,Freehold,Karon,320588.0,3523.0
330.0,148484,7,Townhouse,,Phuket,,7.8240512,96.0,0,6,49000000,"Karon, Muang Phuket, Phuket",98.2979071,,Karon,1441176.0,4367.0
320.0,23692,5,Detached House,Fully Furnished,Phuket,,7.843804,612.0,0,4,14500000,"Chalong, Muang Phuket, Phuket",98.341744,,Chalong,426471.0,697.0
310.0,27234,3,Detached House,Fully Furnished,Phuket,,7.9497593,716.0,0,3,19500000,"Kammala, Kathu, Phuket",98.2846511,,Kammala,573529.0,801.0
48.00000000000001,105656,1,Condo,Fully Furnished,Phuket,2012.0,7.9027973,,0,1,5071500,"พระบารมี พระบารมี, Patong, Kathu, Phuket",98.3080182,,Patong,149162.0,3108.0
189.0,90116,2,Detached House,Unfurnished,Phuket,,7.8277802,172.0,0,2,15500000,"Karon, Muang Phuket, Phuket",98.3047758,,Karon,455882.0,2650.0
31.0,167741,1,Condo,Fully Furnished,Phuket,2015.0,7.902868011173183,,0,,5200000,"81 Rattahut Road, Patong, Kathu, Phuket",98.30264167638065,Freehold,Patong,152941.0,4934.0
46.0,98913,1,Apartment,Fully Furnished,Phuket,,7.9066897,,0,1,4550000,"Patong, Kathu, Phuket",98.3052434,,Patong,133824.0,2909.0
106.0,24567,2,Detached House,Unfurnished,Phuket,,8.0217197,162.0,0,2,3980000,"Thep Krasattri, Thalang, Phuket",98.3220615,,Thep Krasattri,117059.0,723.0
162.0,27636,2,Detached House,Unfurnished,Phuket,,8.0217197,495.0,0,3,13680000,"Thep Krasattri, Thalang, Phuket",98.3220615,,Thep Krasattri,402353.0,813.0
86.0,43478,2,Detached House,,Phuket,,8.0561743,207.0,0,2,9000000,"Thep Krasattri, Thalang, Phuket",98.3224478,,Thep Krasattri,264706.0,1279.0
550.0,23750,4,Detached House,Fully Furnished,Phuket,,8.0204605,1599.9999999999998,0,3,38000000,"Choeng Thale, Thalang, Phuket",98.312888,,Choeng Thale,1117647.0,699.0
36.0,125000,1,Condo,,Phuket,2021.0,7.769664,,0,1,4500000,"Thai Highway-4030 Road, Rawai, Muang Phuket, Phuket",98.308717,Freehold,Rawai,132353.0,3676.0
39.0,128950,1,Condo,Unfurnished,Phuket,2022.0,7.979949250487842,,0,1,5029065,"66/2 Soi Hua Tiao, Choeng Thale, Thalang, Phuket",98.288185097334,Freehold,Choeng Thale,147914.0,3793.0
140.0,17045,1,Detached House,Fully Furnished,Phuket,,7.9946071,176.0,0,2,3000000,"Pa Khlok, Thalang, Phuket",98.3944377,,Pa Khlok,88235.0,501.0
35.0,105513,1,Apartment,,Phuket,,7.800243,,0,,3692962,"Rawai, Muang Phuket, Phuket",98.336727,,Rawai,108617.0,3103.0
280.0,49818,3,Detached House,Fully Furnished,Phuket,,7.829206,345.0,0,3,17187500,"Chalong, Muang Phuket, Phuket",98.333126,,Chalong,505515.0,1465.0
90.0,27272,2,Detached House,Fully Furnished,Phuket,,7.825149,220.0,0,3,6000000,"Chalong, Muang Phuket, Phuket",98.336447,,Chalong,176471.0,802.0
310.0,51612,3,Condo,,Phuket,2012.0,8.101133,,0,3,16000000,"บางเทา Layan, Choeng Thale, Thalang, Phuket",98.324993,Freehold,Choeng Thale,470588.0,1518.0
38.0,109210,1,Apartment,Fully Furnished,Phuket,,7.9062503,,0,1,4150000,"Patong, Kathu, Phuket",98.3036522,,Patong,122059.0,3212.0
35.0,105512,1,Apartment,,Phuket,,7.800243,,0,,3692945,"Rawai, Muang Phuket, Phuket",98.336727,,Rawai,108616.0,3103.0
170.0,94444,4,Detached House,Fully Furnished,Phuket,2014.0,8.0902854,90.0,0,2,8500000,"ถนน เทพกระษัตรี, Kammala, Kathu, Phuket",98.3401364,,Kammala,250000.0,2778.0
118.0,43402,2,Detached House,Fully Furnished,Phuket,,7.8474619,144.0,0,2,6250000,"Chalong, Muang Phuket, Phuket",98.3613556,,Chalong,183824.0,1277.0
34.0,88235,1,Condo,Fully Furnished,Phuket,2014.0,7.909715,,0,1,3000000,"155 Chalerm Phrakiat Rama 9 Road, Ratsada, Muang Phuket, Phuket",98.3689,Freehold,Ratsada,88235.0,2595.0
53.00000000000001,75000,1,Condo,Fully Furnished,Phuket,2012.0,7.976032,,0,,3975000,"25/3 Hadsurin, Choeng Thale, Thalang, Phuket",98.282733,Freehold,Choeng Thale,116912.0,2206.0
45.0,128054,1,Apartment,,Phuket,,7.800243,,0,1,5762432,"Rawai, Muang Phuket, Phuket",98.336727,,Rawai,169483.0,3766.0
428.0,35067,4,Detached House,Unfurnished,Phuket,,7.784806,675.0,0,4,23670300,"Rawai, Muang Phuket, Phuket",98.314167,,Rawai,696185.0,1031.0
60.0,96000,1,Apartment,Fully Furnished,Phuket,,7.877447,,0,,5760000,"Patong, Kathu, Phuket",98.298738,,Patong,169412.0,2824.0
300.0,115000,4,Detached House,Unfurnished,Phuket,,7.84522,300.0,0,3,34500000,"Karon, Muang Phuket, Phuket",98.3031348,,Karon,1014706.0,3382.0
182.0,23109,2,Detached House,,Phuket,,7.9512038,476.0,0,3,11000000,"Kammala, Kathu, Phuket",98.2970826,,Kammala,323529.0,680.0
29.0,98333,1,Detached House,Fully Furnished,Phuket,2022.0,7.891229,60.0,0,1,5900000,"Hasip Pee Road, Patong, Kathu, Phuket",98.308621,Leasehold,Patong,173529.0,2892.0
181.0,64052,4,Detached House,Unfurnished,Phuket,,7.9860111,153.0,0,3,9800000,"Sri Sunthon, Thalang, Phuket",98.3242978,,Sri Sunthon,288235.0,1884.0
68.0,129694,1,Condo,,Phuket,2019.0,7.947589,,0,2,8819200,"63/1 Sirinart Road, Patong, Kathu, Phuket",98.271956,Freehold,Patong,259388.0,3815.0
310.0,57096,3,Apartment,Fully Furnished,Phuket,,7.770841,,0,3,17700000,"Rawai, Muang Phuket, Phuket",98.315238,,Rawai,520588.0,1679.0
131.0,101145,2,Condo,Fully Furnished,Phuket,2012.0,7.800743,,0,2,13250000,"14/5 Wiset, Rawai, Muang Phuket, Phuket",98.337407,Freehold,Rawai,389706.0,2975.0
88.0,72727,1,Condo,Fully Furnished,Phuket,2012.0,7.9434097,,0,1,6400000,"กมลา กมลา, Kammala, Kathu, Phuket",98.2889264,,Kammala,188235.0,2139.0
79.0,44000,2,Detached House,Partially Furnished,Phuket,,7.8129443,200.0,0,2,8800000,"Rawai, Muang Phuket, Phuket",98.3303945,,Rawai,258824.0,1294.0
68.0,129694,1,Condo,,Phuket,2019.0,7.947589,,0,2,8819200,"63/1 Sirinart Road, Patong, Kathu, Phuket",98.271956,Freehold,Patong,259388.0,3815.0
65.0,75384,1,Townhouse,Fully Furnished,Phuket,,7.988302,100.0,0,1,4900000,"Choeng Thale, Thalang, Phuket",98.297414,,Choeng Thale,144118.0,2217.0
120.0,100000,1,Condo,,Phuket,2014.0,7.8210654,,0,1,12000000,"Kata Kata, Karon, Muang Phuket, Phuket",98.2993432,Freehold,Karon,352941.0,2941.0
28.0,119637,1,Condo,Fully Furnished,Phuket,2013.0,7.90159,,0,,3349850,"Soi Hongyok Utis Yaowarat Road, Talat Yai, Muang Phuket, Phuket",98.378572,Freehold,Talat Yai,98525.0,3519.0
161.0,35937,3,Detached House,Unfurnished,Phuket,,7.953493,160.0,0,3,5750000,"Ko Kaeo, Muang Phuket, Phuket",98.383145,,Ko Kaeo,169118.0,1057.0
180.0,63888,2,Condo,Fully Furnished,Phuket,2012.0,8.0348216,,0,2,11500000,"45/11 Kamala, Kammala, Kathu, Phuket",98.3377935,,Kammala,338235.0,1879.0
104.0,42211,3,Townhouse,Fully Furnished,Phuket,,7.871352,26.0,0,2,4390000,"Wichit, Muang Phuket, Phuket",98.367859,,Wichit,129118.0,1242.0
37.0,140785,1,Condo,Fully Furnished,Phuket,2021.0,8.034256,,0,1,5209079,"Soi Layan 4, Choeng Thale, Thalang, Phuket",98.292068,Freehold,Choeng Thale,153208.0,4141.0
350.0,92857,4,Detached House,Fully Furnished,Phuket,,7.9170824,280.0,0,4,26000000,"Patong, Kathu, Phuket",98.2885112,,Patong,764706.0,2731.0
338.0,59039,4,Detached House,Unfurnished,Phuket,,8.0054511,271.0,0,3,15999800,"Sri Sunthon, Thalang, Phuket",98.3206322,,Sri Sunthon,470582.0,1736.0
330.0,48684,5,Detached House,Fully Furnished,Phuket,,7.923988,380.0,0,4,18500000,"Kathu, Kathu, Phuket",98.338001,,Kathu,544118.0,1432.0
34.0,138235,1,Condo,Unfurnished,Phuket,2019.0,7.83473,,0,1,4700000,"Soi Patak 14, Karon, Muang Phuket, Phuket",98.301049,Freehold,Karon,138235.0,4066.0
28.0,121400,1,Condo,Fully Furnished,Phuket,2013.0,7.90159,,0,,3399200,"Soi Hongyok Utis Yaowarat Road, Talat Yai, Muang Phuket, Phuket",98.378572,Freehold,Talat Yai,99976.0,3571.0
80.0,47500,1,Condo,Fully Furnished,Phuket,2012.0,8.0348216,,0,1,3800000,"45/11 Kamala, Kammala, Kathu, Phuket",98.3377935,,Kammala,111765.0,1397.0
26.0,129082,1,Condo,Fully Furnished,Phuket,2013.0,7.90159,,0,,3356150,"Soi Hongyok Utis Yaowarat Road, Talat Yai, Muang Phuket, Phuket",98.378572,Freehold,Talat Yai,98710.0,3797.0
102.0,251105,2,Apartment,Fully Furnished,Phuket,,7.8853267,,0,2,25612710,"Patong, Kathu, Phuket",98.2847522,,Patong,753315.0,7385.0
338.0,59257,4,Detached House,Unfurnished,Phuket,,8.0054511,270.0,0,3,15999600,"Sri Sunthon, Thalang, Phuket",98.3206322,,Sri Sunthon,470576.0,1743.0
106.0,24720,2,Detached House,Unfurnished,Phuket,,8.0217197,161.0,0,2,3980000,"Thep Krasattri, Thalang, Phuket",98.3220615,,Thep Krasattri,117059.0,727.0
215.0,44325,3,Detached House,Unfurnished,Phuket,,8.020606,301.0,0,3,13342120,"Pa Khlok, Thalang, Phuket",98.395727,,Pa Khlok,392415.0,1304.0
65.0,90769,1,Condo,Fully Furnished,Phuket,2020.0,7.946718,,0,1,5900000,"Kammala, Kathu, Phuket",98.268805,Freehold,Kammala,173529.0,2670.0
24.000000000000004,114583,1,Condo,Unfurnished,Phuket,2019.0,7.896310937532187,,0,,2750000,"Vichitsongkram Road, Kathu, Kathu, Phuket",98.35070775622904,Freehold,Kathu,80882.0,3370.0
265.0,53058,5,Detached House,,Phuket,,8.0410493,712.0,0,4,37777500,"Choeng Thale, Thalang, Phuket",98.2963637,,Choeng Thale,1111103.0,1561.0
150.0,65333,2,Condo,Fully Furnished,Phuket,2012.0,7.976032,,0,2,9800000,"25/3 Hadsurin, Choeng Thale, Thalang, Phuket",98.282733,Freehold,Choeng Thale,288235.0,1922.0
138.0,29852,3,Detached House,Unfurnished,Phuket,,8.0947785,579.0,0,3,17284800,"Thep Krasattri, Thalang, Phuket",98.3630926,,Thep Krasattri,508376.0,878.0
38.0,119736,1,Apartment,Fully Furnished,Phuket,,7.9062503,,0,1,4550000,"Patong, Kathu, Phuket",98.3036522,,Patong,133824.0,3522.0
316.0,47142,2,Detached House,Fully Furnished,Phuket,,8.0038498,210.0,0,2,9900000,"Sri Sunthon, Thalang, Phuket",98.3193474,,Sri Sunthon,291176.0,1387.0
148.0,157894,2,Detached House,Unfurnished,Phuket,2020.0,8.136234,95.0,0,2,15000000,"Thepkasattri Road, Mai Khao, Thalang, Phuket",98.337696,Freehold,Mai Khao,441176.0,4644.0
150.0,21333,2,Townhouse,Unfurnished,Phuket,,7.8938656,116.0,0,3,3200000,"Wichit, Muang Phuket, Phuket",98.3610996,,Wichit,94118.0,627.0
280.0,51265,3,Detached House,Fully Furnished,Phuket,,7.829206,324.0,0,3,16610000,"Chalong, Muang Phuket, Phuket",98.333126,,Chalong,488529.0,1508.0
171.0,45248,3,Detached House,Fully Furnished,Phuket,,8.019697,442.0,0,3,20000000,"Thep Krasattri, Thalang, Phuket",98.3151961,,Thep Krasattri,588235.0,1331.0
65.0,90769,1,Condo,Fully Furnished,Phuket,2020.0,7.946718,,0,1,5900000,"Kammala, Kathu, Phuket",98.268805,Freehold,Kammala,173529.0,2670.0
148.0,157894,2,Detached House,Unfurnished,Phuket,2020.0,8.136234,95.0,0,2,15000000,"Thepkasattri Road, Mai Khao, Thalang, Phuket",98.337696,Freehold,Mai Khao,441176.0,4644.0
275.0,44811,4,Detached House,Fully Furnished,Phuket,,8.003166,424.00000000000006,0,4,19000000,"Sri Sunthon, Thalang, Phuket",98.321086,,Sri Sunthon,558824.0,1318.0
158.0,61855,2,Detached House,Fully Furnished,Phuket,,7.792611,194.0,0,2,12000000,"Rawai, Muang Phuket, Phuket",98.321269,,Rawai,352941.0,1819.0
250.0,58641,3,Detached House,Fully Furnished,Phuket,,8.022983,324.0,0,3,19000000,"Pa Khlok, Thalang, Phuket",98.401217,,Pa Khlok,558824.0,1725.0
33.0,69696,1,Apartment,Fully Furnished,Phuket,,7.7983336,,0,1,2300000,"Rawai, Muang Phuket, Phuket",98.3257699,,Rawai,67647.0,2050.0
785.0,67663,6,Detached House,Fully Furnished,Phuket,,7.9285685,3680.0,0,4,249000000,"Kammala, Kathu, Phuket",98.2622874,,Kammala,7323529.0,1990.0
90.0,161111,2,Condo,,Phuket,2014.0,7.8210654,,0,2,14500000,"Kata Kata, Karon, Muang Phuket, Phuket",98.2993432,Freehold,Karon,426471.0,4739.0
200.0,43548,3,Detached House,,Phuket,,8.018355,310.0,0,3,13500000,"Choeng Thale, Thalang, Phuket",98.310285,,Choeng Thale,397059.0,1281.0
170.0,41929,2,Detached House,Fully Furnished,Phuket,,7.829206,324.0,0,2,13585000,"Chalong, Muang Phuket, Phuket",98.333126,,Chalong,399559.0,1233.0
338.0,60110,4,Detached House,Unfurnished,Phuket,,8.0054511,265.0,0,3,15929275,"Sri Sunthon, Thalang, Phuket",98.3206322,,Sri Sunthon,468508.0,1768.0
361.0,58210,6,Detached House,Unfurnished,Phuket,,8.0244356,1206.0,0,5,70201750,"Choeng Thale, Thalang, Phuket",98.3055757,,Choeng Thale,2064757.0,1712.0
81.0,63015,2,Condo,Fully Furnished,Phuket,2012.0,7.939621,,0,2,5104260,"10/33 Kamala, Kammala, Kathu, Phuket",98.292125,,Kammala,150125.0,1853.0
157.0,80573,2,Apartment,Unfurnished,Phuket,,7.8358342,,0,2,12650000,"Karon, Muang Phuket, Phuket",98.2999577,,Karon,372059.0,2370.0
86.0,62790,2,Condo,Fully Furnished,Phuket,2012.0,7.902159,,0,2,5400000,"นาใน Haad Patong, Kammala, Kathu, Phuket",98.308177,Freehold,Kammala,158824.0,1847.0
200.0,21843,2,Detached House,,Phuket,,8.0217197,320.0,0,2,6990000,"Thep Krasattri, Thalang, Phuket",98.3220615,,Thep Krasattri,205588.0,642.0
262.0,64885,2,Condo,Fully Furnished,Phuket,2012.0,7.976032,,0,3,17000000,"25/3 Hadsurin, Choeng Thale, Thalang, Phuket",98.282733,Freehold,Choeng Thale,500000.0,1908.0
271.0,29585,4,Detached House,,Phuket,,8.0180232,676.0,0,3,20000000,"Thep Krasattri, Thalang, Phuket",98.3221388,,Thep Krasattri,588235.0,870.0
400.0,41818,6,Detached House,Fully Furnished,Phuket,,7.8472483,1650.0,0,5,69000000,"Karon, Muang Phuket, Phuket",98.3010453,,Karon,2029412.0,1230.0
127.0,81102,2,Apartment,Unfurnished,Phuket,,7.8358342,,0,2,10300000,"Karon, Muang Phuket, Phuket",98.2999577,,Karon,302941.0,2385.0
34.0,124705,1,Condo,,Phuket,2019.0,7.947589,,0,,4240000,"63/1 Sirinart Road, Patong, Kathu, Phuket",98.271956,Freehold,Patong,124706.0,3668.0
39.0,105807,1,Condo,Fully Furnished,Phuket,2012.0,7.9027973,,0,,4126500,"พระบารมี พระบารมี, Patong, Kathu, Phuket",98.3080182,,Patong,121368.0,3112.0
38.0,94736,1,Apartment,Fully Furnished,Phuket,,7.9062503,,0,,3600000,"Patong, Kathu, Phuket",98.3036522,,Patong,105882.0,2786.0
44.0,75000,2,Condo,,Phuket,2012.0,7.906472,,0,2,3300000,"นาใน Bypass, Kammala, Kathu, Phuket",98.350007,Freehold,Kammala,97059.0,2206.0
360.0,29166,6,Detached House,Unfurnished,Phuket,,8.030369,1200.0,0,5,35000000,"Choeng Thale, Thalang, Phuket",98.299897,,Choeng Thale,1029412.0,858.0
488.00000000000006,26292,2,Detached House,Fully Furnished,Phuket,,8.0119835,1702.0,0,2,44750000,"Choeng Thale, Thalang, Phuket",98.2950011,,Choeng Thale,1316176.0,773.0
46.0,98913,1,Apartment,Fully Furnished,Phuket,,7.9066897,,0,1,4550000,"Patong, Kathu, Phuket",98.3052434,,Patong,133824.0,2909.0
189.0,44155,3,Detached House,Fully Furnished,Phuket,,8.019697,462.0,0,3,20400000,"Thep Krasattri, Thalang, Phuket",98.3151961,,Thep Krasattri,600000.0,1299.0
25.0,131264,1,Condo,Fully Furnished,Phuket,2021.0,8.034256,,0,,3281609,"Soi Layan 4, Choeng Thale, Thalang, Phuket",98.292068,Freehold,Choeng Thale,96518.0,3861.0
1280.0,96488,6,Detached House,Fully Furnished,Phuket,,7.963273,712.0,0,5,68700000,"Sri Sunthon, Thalang, Phuket",98.347374,,Sri Sunthon,2020588.0,2838.0
47.0,219242,1,Apartment,Fully Furnished,Phuket,,7.8853267,,0,1,10304379,"Patong, Kathu, Phuket",98.2847522,,Patong,303070.0,6448.0
430.0,64814,7,Detached House,Fully Furnished,Phuket,,7.796264,540.0,0,7,35000000,"Rawai, Muang Phuket, Phuket",98.33049,,Rawai,1029412.0,1906.0
65.0,90769,1,Condo,Fully Furnished,Phuket,2020.0,7.946718,,0,1,5900000,"Kammala, Kathu, Phuket",98.268805,Freehold,Kammala,173529.0,2670.0
90.0,73333,1,Condo,Fully Furnished,Phuket,2012.0,7.817934,,0,2,6600000,"ปฏัก ปฏัก, Karon, Muang Phuket, Phuket",98.312717,,Karon,194118.0,2157.0
126.0,23809,2,Apartment,Partially Furnished,Phuket,,7.9823123,,0,2,3000000,"Choeng Thale, Thalang, Phuket",98.285272,,Choeng Thale,88235.0,700.0
135.0,80740,2,Apartment,Unfurnished,Phuket,,7.8358342,,0,2,10900000,"Karon, Muang Phuket, Phuket",98.2999577,,Karon,320588.0,2375.0
161.0,42857,3,Detached House,Fully Furnished,Phuket,,7.953493,154.0,0,3,6600000,"Ko Kaeo, Muang Phuket, Phuket",98.383145,,Ko Kaeo,194118.0,1260.0
107.0,121226,2,Condo,Fully Furnished,Phuket,2012.0,7.9027973,,0,2,12971200,"พระบารมี พระบารมี, Patong, Kathu, Phuket",98.3080182,,Patong,381506.0,3565.0
269.0,32246,3,Detached House,Partially Furnished,Phuket,,7.8594245,928.0,0,3,29925000,"Chalong, Muang Phuket, Phuket",98.3440686,,Chalong,880147.0,948.0
106.0,24720,2,Detached House,Unfurnished,Phuket,,8.0217197,161.0,0,2,3980000,"Thep Krasattri, Thalang, Phuket",98.3220615,,Thep Krasattri,117059.0,727.0
228.0,162000,2,Condo,Fully Furnished,Phuket,2014.0,7.824568,,0,3,36936000,"29/17-18 หมู่ 5, Karon, Muang Phuket, Phuket",98.303996,,Karon,1086353.0,4765.0
418.0,39234,3,Detached House,Unfurnished,Phuket,,8.0387143,627.0,0,3,24600000,"Thep Krasattri, Thalang, Phuket",98.3178007,,Thep Krasattri,723529.0,1154.0
120.0,27406,2,Detached House,Fully Furnished,Phuket,,7.810608,347.0,0,2,9510000,"Rawai, Muang Phuket, Phuket",98.328624,,Rawai,279706.0,806.0
150.0,89626,2,Condo,Fully Furnished,Phuket,2012.0,7.976032,,0,2,13444000,"25/3 Hadsurin, Choeng Thale, Thalang, Phuket",98.282733,Freehold,Choeng Thale,395412.0,2636.0
48.00000000000001,95600,1,Condo,Fully Furnished,Phuket,2012.0,7.9027973,,0,,4588800,"พระบารมี พระบารมี, Patong, Kathu, Phuket",98.3080182,,Patong,134965.0,2812.0
43.0,81395,1,Apartment,Unfurnished,Phuket,,7.8358342,,0,1,3500000,"Karon, Muang Phuket, Phuket",98.2999577,,Karon,102941.0,2394.0
200.0,16000,4,Detached House,Fully Furnished,Phuket,,7.9772548,500.0,0,3,8000000,"Sri Sunthon, Thalang, Phuket",98.3352253,,Sri Sunthon,235294.0,471.0
25.0,132247,1,Condo,Fully Furnished,Phuket,2021.0,8.034256,,0,,3306177,"Soi Layan 4, Choeng Thale, Thalang, Phuket",98.292068,Freehold,Choeng Thale,97240.0,3890.0
70.0,93714,1,Apartment,Fully Furnished,Phuket,,7.877447,,0,1,6560000,"Patong, Kathu, Phuket",98.298738,,Patong,192941.0,2756.0
200.0,43548,3,Detached House,,Phuket,,8.018355,310.0,0,3,13500000,"Choeng Thale, Thalang, Phuket",98.310285,,Choeng Thale,397059.0,1281.0
279.0,143333,3,Detached House,Unfurnished,Phuket,,7.8277802,150.0,0,3,21500000,"Karon, Muang Phuket, Phuket",98.3047758,,Karon,632353.0,4216.0
107.0,94218,2,Townhouse,Fully Furnished,Phuket,,7.9807656,105.0,0,2,10081330,"Choeng Thale, Thalang, Phuket",98.2832322,,Choeng Thale,296510.0,2771.0
198.0,60606,3,Townhouse,Fully Furnished,Phuket,,7.941227,171.0,0,2,12000000,"Kammala, Kathu, Phuket",98.280562,,Kammala,352941.0,1783.0
28.0,103925,1,Condo,Fully Furnished,Phuket,2013.0,7.90159,,0,,2909900,"Soi Hongyok Utis Yaowarat Road, Talat Yai, Muang Phuket, Phuket",98.378572,Freehold,Talat Yai,85585.0,3057.0
34.0,129694,1,Condo,,Phuket,2019.0,7.947589,,0,,4409600,"63/1 Sirinart Road, Patong, Kathu, Phuket",98.271956,Freehold,Patong,129694.0,3815.0
338.0,61313,4,Detached House,Unfurnished,Phuket,,8.0054511,258.0,0,3,15818775,"Sri Sunthon, Thalang, Phuket",98.3206322,,Sri Sunthon,465258.0,1803.0
184.0,40304,3,Detached House,Fully Furnished,Phuket,,8.019697,526.0,0,3,21200000,"Thep Krasattri, Thalang, Phuket",98.3151961,,Thep Krasattri,623529.0,1185.0
45.0,64444,1,Condo,Fully Furnished,Phuket,2021.0,7.879898,,0,1,2900000,"Soi Verakij, Patong, Kathu, Phuket",98.297687,Freehold,Patong,85294.0,1895.0
450.0,58467,5,Detached House,Fully Furnished,Phuket,,7.961097,248.0,0,4,14500000,"Ko Kaeo, Muang Phuket, Phuket",98.380195,,Ko Kaeo,426471.0,1720.0
142.0,54929,2,Condo,Fully Furnished,Phuket,2012.0,7.939621,,0,3,7800000,"10/33 Kamala, Kammala, Kathu, Phuket",98.292125,,Kammala,229412.0,1616.0
37.0,140950,1,Condo,Fully Furnished,Phuket,2021.0,8.034256,,0,1,5215185,"Soi Layan 4, Choeng Thale, Thalang, Phuket",98.292068,Freehold,Choeng Thale,153388.0,4146.0
218.0,34050,2,Detached House,Fully Furnished,Phuket,,7.984041,437.0,0,2,14880000,"Choeng Thale, Thalang, Phuket",98.296581,,Choeng Thale,437647.0,1001.0
91.0,80219,1,Condo,Fully Furnished,Phuket,2012.0,7.817934,,0,2,7300000,"ปฏัก ปฏัก, Karon, Muang Phuket, Phuket",98.312717,,Karon,214706.0,2359.0
180.0,33333,2,Townhouse,Unfurnished,Phuket,,7.953891,96.0,0,2,6000000,"Kammala, Kathu, Phuket",98.28845,,Kammala,176471.0,980.0
250.0,30909,3,Detached House,Fully Furnished,Phuket,,7.988302,550.0,0,3,17000000,"Choeng Thale, Thalang, Phuket",98.297414,,Choeng Thale,500000.0,909.0
120.0,112500,2,Condo,,Phuket,2012.0,7.861106,,0,3,13500000,"เจ้าฟ้านอก Chao fah nok, Wichit, Muang Phuket, Phuket",98.35309,Freehold,Wichit,397059.0,3309.0
113.0,88495,2,Apartment,Fully Furnished,Phuket,,8.0073853,,0,2,10000000,"Choeng Thale, Thalang, Phuket",98.2980526,,Choeng Thale,294118.0,2603.0
134.0,58955,3,Townhouse,Unfurnished,Phuket,,7.9421593,94.0,0,3,7900000,"Kammala, Kathu, Phuket",98.2923763,,Kammala,232353.0,1734.0
246.0,82857,3,Detached House,,Phuket,,8.0634729,350.0,0,3,29000000,"Sa Khu, Thalang, Phuket",98.2831541,,Sa Khu,852941.0,2437.0
132.0,122448,2,Detached House,Fully Furnished,Phuket,,7.798164,98.0,0,2,12000000,"Rawai, Muang Phuket, Phuket",98.33609,,Rawai,352941.0,3601.0
215.0,41530,3,Detached House,Unfurnished,Phuket,,8.0947785,370.0,0,3,15366400,"Thep Krasattri, Thalang, Phuket",98.3630926,,Thep Krasattri,451953.0,1221.0
37.0,141563,1,Condo,Fully Furnished,Phuket,2021.0,8.034256,,0,1,5237841,"Soi Layan 4, Choeng Thale, Thalang, Phuket",98.292068,Freehold,Choeng Thale,154054.0,4164.0
48.00000000000001,129583,1,Condo,Fully Furnished,Phuket,2012.0,7.817934,,0,1,6220000,"ปฏัก ปฏัก, Karon, Muang Phuket, Phuket",98.312717,,Karon,182941.0,3811.0
35.0,127725,1,Apartment,,Phuket,,7.800243,,0,,4470407,"Rawai, Muang Phuket, Phuket",98.336727,,Rawai,131483.0,3757.0
71.0,105633,2,Condo,Unfurnished,Phuket,2012.0,7.861106,,0,2,7500000,"เจ้าฟ้านอก Chao fah nok, Wichit, Muang Phuket, Phuket",98.35309,Freehold,Wichit,220588.0,3107.0
369.0,34340,3,Detached House,Unfurnished,Phuket,,7.836655,2184.0,0,3,75000000,"Wichit, Muang Phuket, Phuket",98.4095017,,Wichit,2205882.0,1010.0
450.0,128000,6,Detached House,Fully Furnished,Phuket,2012.0,7.939621,250.0,0,4,32000000,"10/33 Kamala, Kammala, Kathu, Phuket",98.292125,,Kammala,941176.0,3765.0
1599.9999999999998,239783,10,Detached House,Fully Furnished,Phuket,,7.973001,1040.0,0,10,249375000,"Choeng Thale, Thalang, Phuket",98.279502,,Choeng Thale,7334559.0,7052.0
28.0,120200,1,Condo,Fully Furnished,Phuket,2013.0,7.90159,,0,,3365600,"Soi Hongyok Utis Yaowarat Road, Talat Yai, Muang Phuket, Phuket",98.378572,Freehold,Talat Yai,98988.0,3535.0
34.0,94285,1,Apartment,Fully Furnished,Phuket,,7.774218,,0,,3205710,"Rawai, Muang Phuket, Phuket",98.318782,,Rawai,94286.0,2773.0
57.0,105000,1,Condo,Fully Furnished,Phuket,2012.0,7.9027973,,0,1,5985000,"พระบารมี พระบารมี, Patong, Kathu, Phuket",98.3080182,,Patong,176029.0,3088.0
361.0,64206,6,Detached House,Unfurnished,Phuket,,8.0244356,1052.0,0,5,67545250,"Choeng Thale, Thalang, Phuket",98.3055757,,Choeng Thale,1986625.0,1888.0
106.0,24720,2,Detached House,Unfurnished,Phuket,,8.0217197,161.0,0,2,3980000,"Thep Krasattri, Thalang, Phuket",98.3220615,,Thep Krasattri,117059.0,727.0
360.0,39811,4,Detached House,Unfurnished,Phuket,,8.0559426,463.0,0,4,18432500,"Thep Krasattri, Thalang, Phuket",98.3193737,,Thep Krasattri,542132.0,1171.0
112.0,46109,2,Detached House,Fully Furnished,Phuket,,7.801321,284.0,0,2,13095000,"Rawai, Muang Phuket, Phuket",98.320082,,Rawai,385147.0,1356.0
495.0,78787,6,Detached House,Fully Furnished,Phuket,,7.9170824,660.0,0,5,52000000,"Patong, Kathu, Phuket",98.2885112,,Patong,1529412.0,2317.0
296.0,38223,2,Detached House,Fully Furnished,Phuket,,7.991564,484.0,0,2,18500000,"Choeng Thale, Thalang, Phuket",98.296494,,Choeng Thale,544118.0,1124.0
34.0,70588,1,Apartment,Fully Furnished,Phuket,,7.7983336,,0,1,2400000,"Rawai, Muang Phuket, Phuket",98.3257699,,Rawai,70588.0,2076.0
34.0,138235,1,Condo,Unfurnished,Phuket,2019.0,7.83473,,0,1,4700000,"Soi Patak 14, Karon, Muang Phuket, Phuket",98.301049,Freehold,Karon,138235.0,4066.0
672.0,79221,6,Detached House,Unfurnished,Phuket,,7.9476619,1435.0,0,4,113682700,"Kammala, Kathu, Phuket",98.2752809,,Kammala,3343609.0,2330.0
217.0,63742,3,Detached House,Unfurnished,Phuket,,7.773505,436.0,0,3,27791700,"Rawai, Muang Phuket, Phuket",98.314949,,Rawai,817403.0,1875.0
1599.9999999999998,112500,5,Detached House,Fully Furnished,Phuket,,8.0075567,799.9999999999999,0,4,90000000,"Pa Khlok, Thalang, Phuket",98.3921814,,Pa Khlok,2647059.0,3309.0
60.0,276000,1,Apartment,Fully Furnished,Phuket,2018.0,7.894849,,0,1,16560000,"33/1 Taweewong Road, Patong, Kathu, Phuket",98.295598,Freehold,Patong,487059.0,8118.0
120.0,153333,2,Condo,,Phuket,2014.0,7.8210654,,0,2,18400000,"Kata Kata, Karon, Muang Phuket, Phuket",98.2993432,Freehold,Karon,541176.0,4510.0
68.0,129694,1,Condo,,Phuket,2019.0,7.947589,,0,2,8819200,"63/1 Sirinart Road, Patong, Kathu, Phuket",98.271956,Freehold,Patong,259388.0,3815.0
142.0,36407,3,Detached House,Fully Furnished,Phuket,,8.0029318,412.0,0,3,15000000,"Sri Sunthon, Thalang, Phuket",98.3177847,,Sri Sunthon,441176.0,1071.0
45.0,64444,1,Condo,Fully Furnished,Phuket,2021.0,7.879898,,0,1,2900000,"Soi Verakij, Patong, Kathu, Phuket",98.297687,Freehold,Patong,85294.0,1895.0
42.0,107142,1,Condo,Fully Furnished,Phuket,2012.0,7.8871892,,0,1,4500000,"ป่าตอง Haad Patong, Patong, Kathu, Phuket",98.302693,,Patong,132353.0,3151.0
300.0,33186,3,Detached House,Partially Furnished,Phuket,,8.0008406,521.0,0,3,17290000,"Sri Sunthon, Thalang, Phuket",98.3234128,,Sri Sunthon,508529.0,976.0
122.0,21363,2,Detached House,Fully Furnished,Phuket,,7.792697,220.0,0,2,4700000,"Rawai, Muang Phuket, Phuket",98.329659,,Rawai,138235.0,628.0
41.0,217053,1,Apartment,Fully Furnished,Phuket,2018.0,7.894849,,0,,8899200,"33/1 Taweewong Road, Patong, Kathu, Phuket",98.295598,Freehold,Patong,261741.0,6384.0
134.0,58955,3,Townhouse,Unfurnished,Phuket,,7.9421593,82.0,0,3,7900000,"Kammala, Kathu, Phuket",98.2923763,,Kammala,232353.0,1734.0
162.0,22962,2,Detached House,Unfurnished,Phuket,,8.0217197,324.0,0,3,7440000,"Thep Krasattri, Thalang, Phuket",98.3220615,,Thep Krasattri,218824.0,675.0
34.0,129694,1,Condo,,Phuket,2019.0,7.947589,,0,,4409600,"63/1 Sirinart Road, Patong, Kathu, Phuket",98.271956,Freehold,Patong,129694.0,3815.0
210.0,15422,3,Detached House,Fully Furnished,Phuket,,8.0170281,616.0,0,3,9500000,"Choeng Thale, Thalang, Phuket",98.3103955,,Choeng Thale,279412.0,454.0
100.0,16333,2,Detached House,Partially Furnished,Phuket,,8.0903118,300.0,0,2,4900000,"Thep Krasattri, Thalang, Phuket",98.3546866,,Thep Krasattri,144118.0,480.0
240.0,165000,2,Detached House,Unfurnished,Phuket,,7.9764034,224.0,0,3,36960000,"Choeng Thale, Thalang, Phuket",98.2819472,,Choeng Thale,1087059.0,4853.0
95.0,114736,1,Condo,,Phuket,2014.0,7.8210654,,0,1,10900000,"Kata Kata, Karon, Muang Phuket, Phuket",98.2993432,Freehold,Karon,320588.0,3375.0
37.0,141266,1,Condo,Fully Furnished,Phuket,2021.0,8.034256,,0,1,5226859,"Soi Layan 4, Choeng Thale, Thalang, Phuket",98.292068,Freehold,Choeng Thale,153731.0,4155.0
115.0,38649,2,Detached House,Fully Furnished,Phuket,,8.015446,348.0,0,2,13450000,"Pa Khlok, Thalang, Phuket",98.392306,,Pa Khlok,395588.0,1137.0
65.0,90769,1,Condo,Fully Furnished,Phuket,2020.0,7.946718,,0,1,5900000,"Kammala, Kathu, Phuket",98.268805,Freehold,Kammala,173529.0,2670.0
330.0,98571,4,Detached House,,Phuket,,8.0634729,700.0,0,4,69000000,"Sa Khu, Thalang, Phuket",98.2831541,,Sa Khu,2029412.0,2899.0
54.0,124074,1,Townhouse,Fully Furnished,Phuket,,7.988302,96.0,0,1,6700000,"Choeng Thale, Thalang, Phuket",98.297414,,Choeng Thale,197059.0,3649.0
190.0,21250,2,Detached House,Partially Furnished,Phuket,,7.833024,400.0,0,4,8500000,"Chalong, Muang Phuket, Phuket",98.348272,,Chalong,250000.0,625.0
215.0,46663,3,Detached House,Unfurnished,Phuket,,8.020606,282.0,0,3,13159090,"Pa Khlok, Thalang, Phuket",98.395727,,Pa Khlok,387032.0,1372.0
47.0,156382,1,Apartment,Fully Furnished,Phuket,,7.925098,,0,,7350000,"Kammala, Kathu, Phuket",98.275969,,Kammala,216176.0,4599.0
61.00000000000001,81147,1,Apartment,Unfurnished,Phuket,,7.8358342,,0,1,4950000,"Karon, Muang Phuket, Phuket",98.2999577,,Karon,145588.0,2387.0
79.0,44000,2,Detached House,Partially Furnished,Phuket,,7.8129443,200.0,0,2,8800000,"Rawai, Muang Phuket, Phuket",98.3303945,,Rawai,258824.0,1294.0
345.0,39233,2,Detached House,Fully Furnished,Phuket,,7.991564,548.0,0,2,21500000,"Choeng Thale, Thalang, Phuket",98.296494,,Choeng Thale,632353.0,1154.0
40.0,131218,1,Condo,Unfurnished,Phuket,2022.0,7.979949250487842,,0,1,5248737,"66/2 Soi Hua Tiao, Choeng Thale, Thalang, Phuket",98.288185097334,Freehold,Choeng Thale,154375.0,3859.0
85.0,34901,2,Detached House,Fully Furnished,Phuket,,8.019697,255.0,0,2,8900000,"Thep Krasattri, Thalang, Phuket",98.3151961,,Thep Krasattri,261765.0,1026.0
110.0,89000,2,Condo,Fully Furnished,Phuket,2012.0,7.976032,,0,2,9790000,"25/3 Hadsurin, Choeng Thale, Thalang, Phuket",98.282733,Freehold,Choeng Thale,287941.0,2618.0
70.0,121428,2,Condo,Fully Furnished,Phuket,2012.0,7.861106,,0,2,8500000,"เจ้าฟ้านอก Chao fah nok, Wichit, Muang Phuket, Phuket",98.35309,Freehold,Wichit,250000.0,3571.0
261.0,146788,4,Detached House,Fully Furnished,Phuket,,7.82039,218.0,0,4,32000000,"Karon, Muang Phuket, Phuket",98.310602,,Karon,941176.0,4317.0
300.0,115000,4,Detached House,Unfurnished,Phuket,,7.84522,300.0,0,3,34500000,"Karon, Muang Phuket, Phuket",98.3031348,,Karon,1014706.0,3382.0
130.0,33653,2,Detached House,Fully Furnished,Phuket,,7.8125455,260.0,0,3,8750000,"Rawai, Muang Phuket, Phuket",98.3317741,,Rawai,257353.0,990.0
91.0,82417,1,Condo,Fully Furnished,Phuket,2012.0,7.817934,,0,2,7500000,"ปฏัก ปฏัก, Karon, Muang Phuket, Phuket",98.312717,,Karon,220588.0,2424.0
35.0,105512,1,Apartment,,Phuket,,7.800243,,0,,3692945,"Rawai, Muang Phuket, Phuket",98.336727,,Rawai,108616.0,3103.0
202.00000000000003,47412,3,Detached House,Fully Furnished,Phuket,,8.00219,303.0,0,3,14366000,"Soi Pasak 4/1, Choeng Thale, Thalang, Phuket",98.314755,,Choeng Thale,422529.0,1394.0
400.0,82000,4,Detached House,Fully Furnished,Phuket,2012.0,7.939621,250.0,0,3,20500000,"10/33 Kamala, Kammala, Kathu, Phuket",98.292125,,Kammala,602941.0,2412.0
328.0,60365,5,Detached House,Fully Furnished,Phuket,,7.7968629,328.0,0,4,19800000,"Rawai, Muang Phuket, Phuket",98.3276782,,Rawai,582353.0,1775.0
78.0,75000,1,Condo,Fully Furnished,Phuket,2012.0,7.976032,,0,1,5850000,"25/3 Hadsurin, Choeng Thale, Thalang, Phuket",98.282733,Freehold,Choeng Thale,172059.0,2206.0
300.0,115000,4,Detached House,Unfurnished,Phuket,,7.84522,300.0,0,3,34500000,"Karon, Muang Phuket, Phuket",98.3031348,,Karon,1014706.0,3382.0
205.0,38532,3,Detached House,,Phuket,,7.870892,140.0,0,3,5394500,"Talat Yai, Muang Phuket, Phuket",98.396417,,Talat Yai,158662.0,1133.0
600.0,53547,4,Detached House,Fully Furnished,Phuket,,7.829206,633.0,0,4,33895400,"Chalong, Muang Phuket, Phuket",98.333126,,Chalong,996924.0,1575.0
310.0,64678,4,Detached House,Fully Furnished,Phuket,,7.7856691,327.0,0,4,21150000,"Rawai, Muang Phuket, Phuket",98.3215611,,Rawai,622059.0,1902.0
248.0,120552,2,Detached House,Fully Furnished,Phuket,,7.9847714,510.0,0,2,61482000,"Pa Khlok, Thalang, Phuket",98.4210194,,Pa Khlok,1808294.0,3546.0
46.0,98913,1,Apartment,Fully Furnished,Phuket,,7.9066897,,0,1,4550000,"Patong, Kathu, Phuket",98.3052434,,Patong,133824.0,2909.0
46.0,98913,1,Apartment,Fully Furnished,Phuket,,7.9066897,,0,1,4550000,"Patong, Kathu, Phuket",98.3052434,,Patong,133824.0,2909.0
112.0,84269,5,Detached House,Fully Furnished,Phuket,,7.801321,267.0,0,5,22500000,"Rawai, Muang Phuket, Phuket",98.320082,,Rawai,661765.0,2478.0
300.0,23100,4,Detached House,Fully Furnished,Phuket,,7.990965,1000.0,0,4,23100000,"Choeng Thale, Thalang, Phuket",98.31272,,Choeng Thale,679412.0,679.0
361.0,65380,3,Detached House,Unfurnished,Phuket,,7.999729,325.0,0,3,21248774,"Choeng Thale, Thalang, Phuket",98.309086,,Choeng Thale,624964.0,1923.0
1280.0,84033,6,Detached House,Fully Furnished,Phuket,,7.963273,833.0,0,5,70000000,"Sri Sunthon, Thalang, Phuket",98.347374,,Sri Sunthon,2058824.0,2472.0
150.0,140000,3,Townhouse,,Phuket,,7.8788902,135.0,0,2,21000000,"Patong, Kathu, Phuket",98.2928534,,Patong,617647.0,4118.0
46.0,98913,1,Apartment,Fully Furnished,Phuket,,7.9066897,,0,1,4550000,"Patong, Kathu, Phuket",98.3052434,,Patong,133824.0,2909.0
190.0,121000,2,Condo,Fully Furnished,Phuket,2012.0,7.800743,,0,2,22990000,"14/5 Wiset, Rawai, Muang Phuket, Phuket",98.337407,Freehold,Rawai,676176.0,3559.0
122.0,163934,2,Condo,Fully Furnished,Phuket,2022.0,7.979949250487842,,0,2,20000000,"66/2 Soi Hua Tiao, Choeng Thale, Thalang, Phuket",98.288185097334,Freehold,Choeng Thale,588235.0,4822.0
450.0,50314,4,Detached House,Fully Furnished,Phuket,,7.9432182070087,636.0,0,4,32000000,"Kammala, Kathu, Phuket",98.292666792371,,Kammala,941176.0,1480.0
265.0,34081,3,Detached House,Fully Furnished,Phuket,,7.984041,588.0,0,3,20040000,"Choeng Thale, Thalang, Phuket",98.296581,,Choeng Thale,589412.0,1002.0
37.0,138986,1,Condo,Fully Furnished,Phuket,2021.0,8.034256,,0,1,5142498,"Soi Layan 4, Choeng Thale, Thalang, Phuket",98.292068,Freehold,Choeng Thale,151250.0,4088.0
34.0,93656,1,Apartment,Fully Furnished,Phuket,,7.774218,,0,,3184320,"Rawai, Muang Phuket, Phuket",98.318782,,Rawai,93656.0,2755.0
28.0,136875,1,Condo,Fully Furnished,Phuket,2013.0,7.90159,,0,1,3832500,"Soi Hongyok Utis Yaowarat Road, Talat Yai, Muang Phuket, Phuket",98.378572,Freehold,Talat Yai,112721.0,4026.0
250.0,26125,3,Detached House,Fully Furnished,Phuket,,7.990965,799.9999999999999,0,3,20900000,"Choeng Thale, Thalang, Phuket",98.31272,,Choeng Thale,614706.0,768.0
440.0,27619,3,Detached House,Unfurnished,Phuket,,8.094955,420.0,0,3,11600000,"Thep Krasattri, Thalang, Phuket",98.358217,,Thep Krasattri,341176.0,812.0
120.0,54166,2,Condo,Fully Furnished,Phuket,2012.0,7.976032,,0,2,6500000,"25/3 Hadsurin, Choeng Thale, Thalang, Phuket",98.282733,Freehold,Choeng Thale,191176.0,1593.0
200.0,35161,3,Detached House,Fully Furnished,Phuket,,7.938882,620.0,0,3,21800000,"Kammala, Kathu, Phuket",98.280446,,Kammala,641176.0,1034.0
319.0,72100,2,Condo,Fully Furnished,Phuket,2012.0,7.800743,,0,2,23000000,"14/5 Wiset, Rawai, Muang Phuket, Phuket",98.337407,Freehold,Rawai,676471.0,2121.0
65.0,90769,1,Condo,Fully Furnished,Phuket,2020.0,7.946718,,0,1,5900000,"Kammala, Kathu, Phuket",98.268805,Freehold,Kammala,173529.0,2670.0
160.0,34023,2,Detached House,Fully Furnished,Phuket,,7.953478,338.0,0,3,11500000,"Kammala, Kathu, Phuket",98.289627,,Kammala,338235.0,1001.0
138.0,61594,2,Condo,Partially Furnished,Phuket,2012.0,7.9434097,,0,2,8500000,"กมลา กมลา, Kammala, Kathu, Phuket",98.2889264,,Kammala,250000.0,1812.0
458.0,17241,3,Detached House,Fully Furnished,Phuket,2015.0,7.779959,1160.0,0,3,20000000,"ซอยสวนวัด ตำบลราไวย์ อำเภอเมือง ภูเก็ต, Rawai, Muang Phuket, Phuket",98.314715,Freehold,Rawai,588235.0,507.0
138.0,22250,3,Detached House,Fully Furnished,Phuket,,8.0913904,400.0,0,2,8900000,"Thep Krasattri, Thalang, Phuket",98.3604381,,Thep Krasattri,261765.0,654.0
34.0,124705,1,Condo,,Phuket,2019.0,7.947589,,0,,4240000,"63/1 Sirinart Road, Patong, Kathu, Phuket",98.271956,Freehold,Patong,124706.0,3668.0
300.0,65950,3,Detached House,Unfurnished,Phuket,,7.793198,241.0,0,3,15894000,"Rawai, Muang Phuket, Phuket",98.3142482,,Rawai,467471.0,1940.0
181.0,63653,4,Detached House,,Phuket,,7.9860111,166.0,0,3,10566498,"Sri Sunthon, Thalang, Phuket",98.3242978,,Sri Sunthon,310779.0,1872.0
261.0,163218,4,Condo,Fully Furnished,Phuket,2014.0,7.824568,,0,4,42600000,"29/17-18 หมู่ 5, Karon, Muang Phuket, Phuket",98.303996,,Karon,1252941.0,4801.0
217.0,70806,3,Detached House,Unfurnished,Phuket,,7.773505,383.0,0,3,27118800,"Rawai, Muang Phuket, Phuket",98.314949,,Rawai,797612.0,2083.0
360.0,39595,4,Detached House,Unfurnished,Phuket,,8.0559426,467.0,0,4,18491000,"Thep Krasattri, Thalang, Phuket",98.3193737,,Thep Krasattri,543853.0,1165.0
328.0,60365,5,Detached House,Fully Furnished,Phuket,,7.7968629,328.0,0,4,19800000,"Rawai, Muang Phuket, Phuket",98.3276782,,Rawai,582353.0,1775.0
71.0,59452,1,Detached House,Unfurnished,Phuket,,8.0735844,84.0,0,2,4994000,"Thep Krasattri, Thalang, Phuket",98.3460048,,Thep Krasattri,146882.0,1749.0
224.0,46026,2,Detached House,,Phuket,,7.786206,302.0,0,2,13900000,"Rawai, Muang Phuket, Phuket",98.314785,,Rawai,408824.0,1354.0
28.0,111870,1,Condo,Unfurnished,Phuket,2022.0,7.979949250487842,,0,,3132360,"66/2 Soi Hua Tiao, Choeng Thale, Thalang, Phuket",98.288185097334,Freehold,Choeng Thale,92128.0,3290.0
30.0,68000,1,Condo,Fully Furnished,Phuket,2012.0,8.0463515,,0,1,2040000,"Thep Kasattri Thep Kasattri, Karon, Muang Phuket, Phuket",98.3363856,Freehold,Karon,60000.0,2000.0
34.0,102941,1,Apartment,Fully Furnished,Phuket,2012.0,7.817934,,0,1,3500000,"ปฏัก ปฏัก, Karon, Muang Phuket, Phuket",98.312717,,Karon,102941.0,3028.0
300.0,115000,4,Detached House,Unfurnished,Phuket,,7.84522,300.0,0,3,34500000,"Karon, Muang Phuket, Phuket",98.3031348,,Karon,1014706.0,3382.0
320.0,27678,4,Detached House,Fully Furnished,Phuket,,7.938882,560.0,0,4,15500000,"Kammala, Kathu, Phuket",98.280446,,Kammala,455882.0,814.0
106.0,34352,3,Detached House,Fully Furnished,Phuket,,8.019697,301.0,0,3,10340000,"Thep Krasattri, Thalang, Phuket",98.3151961,,Thep Krasattri,304118.0,1010.0
402.0,41737,3,Detached House,Fully Furnished,Phuket,,7.836095,400.0,0,3,16695000,"Chalong, Muang Phuket, Phuket",98.340578,,Chalong,491029.0,1228.0
155.0,146341,2,Detached House,Unfurnished,Phuket,2020.0,8.136234,82.0,0,2,12000000,"Thepkasattri Road, Mai Khao, Thalang, Phuket",98.337696,Freehold,Mai Khao,352941.0,4304.0
223.00000000000003,25000,3,Detached House,Fully Furnished,Phuket,,8.0151271,740.0,0,3,18500000,"Choeng Thale, Thalang, Phuket",98.3120063,,Choeng Thale,544118.0,735.0
25.0,131264,1,Condo,Fully Furnished,Phuket,2021.0,8.034256,,0,,3281609,"Soi Layan 4, Choeng Thale, Thalang, Phuket",98.292068,Freehold,Choeng Thale,96518.0,3861.0
85.0,55329,2,Detached House,,Phuket,,8.039576,197.0,0,2,10900000,"Choeng Thale, Thalang, Phuket",98.294876,,Choeng Thale,320588.0,1627.0
330.0,31111,4,Detached House,Fully Furnished,Phuket,,8.0161309,900.0,0,4,28000000,"Choeng Thale, Thalang, Phuket",98.313062,,Choeng Thale,823529.0,915.0
272.0,34042,2,Detached House,Fully Furnished,Phuket,,7.788101,512.0,0,2,17429850,"Rawai, Muang Phuket, Phuket",98.311855,,Rawai,512643.0,1001.0
272.0,36350,2,Detached House,Fully Furnished,Phuket,,7.788101,478.0,0,2,17375450,"Rawai, Muang Phuket, Phuket",98.311855,,Rawai,511043.0,1069.0
83.0,66867,2,Condo,Fully Furnished,Phuket,2012.0,7.817934,,0,2,5550000,"ปฏัก ปฏัก, Karon, Muang Phuket, Phuket",98.312717,,Karon,163235.0,1967.0
278.0,55286,5,Detached House,,Phuket,,7.9877691,910.0,0,4,50310750,"Choeng Thale, Thalang, Phuket",98.2983739,,Choeng Thale,1479728.0,1626.0
315.0,49253,2,Detached House,Fully Furnished,Phuket,,8.0038498,201.0,0,2,9900000,"Sri Sunthon, Thalang, Phuket",98.3193474,,Sri Sunthon,291176.0,1449.0
56.0,252000,1,Apartment,Fully Furnished,Phuket,2018.0,7.894849,,0,1,14112000,"33/1 Taweewong Road, Patong, Kathu, Phuket",98.295598,Freehold,Patong,415059.0,7412.0
390.0,39215,4,Detached House,Unfurnished,Phuket,,8.029712,624.0,0,4,24470160,"Thep Krasattri, Thalang, Phuket",98.3103542,,Thep Krasattri,719711.0,1153.0
839.9999999999999,182368,5,Detached House,Fully Furnished,Phuket,,7.9667929,1140.0,0,5,207900000,"Ko Kaeo, Muang Phuket, Phuket",98.3907539,,Ko Kaeo,6114706.0,5364.0
279.0,42116,2,Detached House,Fully Furnished,Phuket,,7.991564,463.0,0,2,19500000,"Choeng Thale, Thalang, Phuket",98.296494,,Choeng Thale,573529.0,1239.0
250.0,23476,3,Detached House,Fully Furnished,Phuket,,7.863421,673.0,0,3,15800000,"Chalong, Muang Phuket, Phuket",98.342706,,Chalong,464706.0,690.0
102.0,38235,2,Apartment,Fully Furnished,Phuket,,7.776354,,0,2,3900000,"Rawai, Muang Phuket, Phuket",98.323111,,Rawai,114706.0,1125.0
340.0,67857,6,Detached House,Fully Furnished,Phuket,2014.0,8.0902854,280.0,0,4,19000000,"ถนน เทพกระษัตรี, Kammala, Kathu, Phuket",98.3401364,,Kammala,558824.0,1996.0
641.0,60269,5,Detached House,Fully Furnished,Phuket,,7.963273,667.0,0,4,40200000,"Sri Sunthon, Thalang, Phuket",98.347374,,Sri Sunthon,1182353.0,1773.0
192.00000000000003,23809,2,Detached House,Fully Furnished,Phuket,,7.953478,588.0,0,3,14000000,"Kammala, Kathu, Phuket",98.289627,,Kammala,411765.0,700.0
328.0,62369,4,Detached House,Unfurnished,Phuket,,8.0244356,914.0,0,4,57005500,"Choeng Thale, Thalang, Phuket",98.3055757,,Choeng Thale,1676632.0,1834.0
310.0,59677,3,Apartment,Fully Furnished,Phuket,,7.770841,,0,3,18500000,"Rawai, Muang Phuket, Phuket",98.315238,,Rawai,544118.0,1755.0
560.0,19375,4,Detached House,,Phuket,,7.7919358780418,1599.9999999999998,0,3,31000000,"Rawai, Muang Phuket, Phuket",98.310524518494,,Rawai,911765.0,570.0
39.0,105807,1,Condo,Fully Furnished,Phuket,2012.0,7.9027973,,0,,4126500,"พระบารมี พระบารมี, Patong, Kathu, Phuket",98.3080182,,Patong,121368.0,3112.0
400.0,99750,4,Detached House,Fully Furnished,Phuket,,7.973001,600.0,0,3,59850000,"Choeng Thale, Thalang, Phuket",98.279502,,Choeng Thale,1760294.0,2934.0
725.0,16250,5,Detached House,Fully Furnished,Phuket,,7.7915177779201,1599.9999999999998,0,5,26000000,"Rawai, Muang Phuket, Phuket",98.31104660603,,Rawai,764706.0,478.0
34.0,100000,1,Apartment,Fully Furnished,Phuket,2012.0,7.817934,,0,1,3400000,"ปฏัก ปฏัก, Karon, Muang Phuket, Phuket",98.312717,,Karon,100000.0,2941.0
244.00000000000003,42263,2,Detached House,Unfurnished,Phuket,,8.0559426,296.0,0,3,12510000,"Thep Krasattri, Thalang, Phuket",98.3193737,,Thep Krasattri,367941.0,1243.0
54.0,101115,1,Apartment,,Phuket,,7.800243,,0,1,5460210,"Rawai, Muang Phuket, Phuket",98.336727,,Rawai,160594.0,2974.0
118.0,43402,2,Detached House,Fully Furnished,Phuket,,7.8474619,144.0,0,2,6250000,"Chalong, Muang Phuket, Phuket",98.3613556,,Chalong,183824.0,1277.0
300.0,40943,3,Detached House,Partially Furnished,Phuket,,8.0008406,371.0,0,3,15190000,"Sri Sunthon, Thalang, Phuket",98.3234128,,Sri Sunthon,446765.0,1204.0
35.0,127726,1,Apartment,,Phuket,,7.800243,,0,,4470424,"Rawai, Muang Phuket, Phuket",98.336727,,Rawai,131483.0,3757.0
26.0,119713,1,Condo,Fully Furnished,Phuket,2013.0,7.90159,,0,,3112550,"Soi Hongyok Utis Yaowarat Road, Talat Yai, Muang Phuket, Phuket",98.378572,Freehold,Talat Yai,91546.0,3521.0
24.000000000000004,112500,1,Condo,Unfurnished,Phuket,2022.0,7.780462,,0,,2700000,"Soi Suanwat, Rawai, Muang Phuket, Phuket",98.316451,Freehold,Rawai,79412.0,3309.0
485.0,44135,4,Detached House,Unfurnished,Phuket,,7.784806,640.0,0,4,28247000,"Rawai, Muang Phuket, Phuket",98.314167,,Rawai,830794.0,1298.0
102.0,196078,2,Apartment,Fully Furnished,Phuket,,7.984286,,0,2,20000000,"Choeng Thale, Thalang, Phuket",98.282863,,Choeng Thale,588235.0,5767.0
118.0,43402,2,Detached House,Fully Furnished,Phuket,,7.8474619,144.0,0,2,6250000,"Chalong, Muang Phuket, Phuket",98.3613556,,Chalong,183824.0,1277.0
178.0,42995,2,Detached House,,Phuket,,7.786206,207.0,0,2,8900000,"Rawai, Muang Phuket, Phuket",98.314785,,Rawai,261765.0,1265.0
209.0,30769,3,Detached House,Partially Furnished,Phuket,,7.9003814,273.0,0,2,8400000,"Kathu, Kathu, Phuket",98.3285594,,Kathu,247059.0,905.0
329.0,213043,5,Detached House,Fully Furnished,Phuket,,7.909644,460.0,0,3,98000000,"Patong, Kathu, Phuket",98.29623,,Patong,2882353.0,6266.0
240.0,61111,3,Detached House,,Phuket,,7.9389938957244,360.0,0,3,22000000,"Ko Kaeo, Muang Phuket, Phuket",98.39473540668,,Ko Kaeo,647059.0,1797.0
328.0,60365,5,Detached House,Fully Furnished,Phuket,,7.7968629,328.0,0,4,19800000,"Rawai, Muang Phuket, Phuket",98.3276782,,Rawai,582353.0,1775.0
97.0,102835,3,Condo,Fully Furnished,Phuket,2015.0,8.154175769124732,,0,2,9975000,"8 Moo 3, Mai Khao, Thalang, Phuket",98.2978065925904,Freehold,Mai Khao,293382.0,3025.0
856.0,25406,2,Detached House,Fully Furnished,Phuket,,7.802477,1968.0,0,2,50000000,"Wichit, Muang Phuket, Phuket",98.41068,,Wichit,1470588.0,747.0
620.0,38269,4,Detached House,Fully Furnished,Phuket,,7.836095,520.0,0,4,19900000,"Chalong, Muang Phuket, Phuket",98.340578,,Chalong,585294.0,1126.0
120.0,54166,2,Condo,Fully Furnished,Phuket,2012.0,7.976032,,0,2,6500000,"25/3 Hadsurin, Choeng Thale, Thalang, Phuket",98.282733,Freehold,Choeng Thale,191176.0,1593.0
268.0,43750,2,Detached House,Fully Furnished,Phuket,,7.991564,400.0,0,2,17500000,"Choeng Thale, Thalang, Phuket",98.296494,,Choeng Thale,514706.0,1287.0
218.0,32703,2,Detached House,Fully Furnished,Phuket,,7.984041,455.00000000000006,0,2,14880000,"Choeng Thale, Thalang, Phuket",98.296581,,Choeng Thale,437647.0,962.0
33.0,75454,1,Condo,Fully Furnished,Phuket,2014.0,7.992271,,0,1,2490000,"Thep Kasattri Thep Kasattri, Choeng Thale, Thalang, Phuket",98.30626,Freehold,Choeng Thale,73235.0,2219.0
115.0,31495,2,Detached House,Fully Furnished,Phuket,,8.015446,468.0,0,2,14740000,"Pa Khlok, Thalang, Phuket",98.392306,,Pa Khlok,433529.0,926.0
290.0,40020,3,Detached House,Unfurnished,Phuket,,8.029712,450.0,0,3,18009000,"Thep Krasattri, Thalang, Phuket",98.3103542,,Thep Krasattri,529676.0,1177.0
68.0,129694,1,Condo,,Phuket,2019.0,7.947589,,0,2,8819200,"63/1 Sirinart Road, Patong, Kathu, Phuket",98.271956,Freehold,Patong,259388.0,3815.0
138.0,39627,3,Detached House,Unfurnished,Phuket,,8.0947785,374.0,0,3,14820600,"Thep Krasattri, Thalang, Phuket",98.3630926,,Thep Krasattri,435900.0,1166.0
118.0,43727,2,Detached House,Fully Furnished,Phuket,,8.019697,279.0,0,2,12200000,"Thep Krasattri, Thalang, Phuket",98.3151961,,Thep Krasattri,358824.0,1286.0
25.0,132247,1,Condo,Fully Furnished,Phuket,2021.0,8.034256,,0,,3306177,"Soi Layan 4, Choeng Thale, Thalang, Phuket",98.292068,Freehold,Choeng Thale,97240.0,3890.0
67.0,62857,1,Detached House,Fully Furnished,Phuket,,7.945886,140.0,0,1,8800000,"Kammala, Kathu, Phuket",98.296352,,Kammala,258824.0,1849.0
54.0,76666,1,Detached House,,Phuket,,8.015873,90.0,0,1,6900000,"Pa Khlok, Thalang, Phuket",98.391993,,Pa Khlok,202941.0,2255.0
100.0,23097,2,Detached House,,Phuket,,7.949955,368.0,0,2,8500000,"Kammala, Kathu, Phuket",98.286383,,Kammala,250000.0,679.0
106.0,80283,1,Apartment,Unfurnished,Phuket,,7.8358342,,0,1,8510000,"Karon, Muang Phuket, Phuket",98.2999577,,Karon,250294.0,2361.0
28.0,120537,1,Condo,Fully Furnished,Phuket,2013.0,7.90159,,0,,3375050,"Soi Hongyok Utis Yaowarat Road, Talat Yai, Muang Phuket, Phuket",98.378572,Freehold,Talat Yai,99266.0,3545.0
80.0,125000,1,Condo,Fully Furnished,Phuket,2012.0,7.9027973,,0,1,10000000,"พระบารมี พระบารมี, Patong, Kathu, Phuket",98.3080182,,Patong,294118.0,3676.0
737.0,35137,9,Detached House,Fully Furnished,Phuket,,7.785547,1349.0,0,9,47400000,"Rawai, Muang Phuket, Phuket",98.308502,,Rawai,1394118.0,1033.0
53.00000000000001,75000,1,Condo,Fully Furnished,Phuket,2012.0,7.976032,,0,,3975000,"25/3 Hadsurin, Choeng Thale, Thalang, Phuket",98.282733,Freehold,Choeng Thale,116912.0,2206.0
34.0,139705,1,Condo,Unfurnished,Phuket,2019.0,7.83473,,0,1,4750000,"Soi Patak 14, Karon, Muang Phuket, Phuket",98.301049,Freehold,Karon,139706.0,4109.0
248.0,131371,2,Detached House,Fully Furnished,Phuket,,7.9847714,468.0,0,2,61482000,"Pa Khlok, Thalang, Phuket",98.4210194,,Pa Khlok,1808294.0,3864.0
205.0,38532,3,Detached House,,Phuket,,7.870892,140.0,0,3,5394500,"Talat Yai, Muang Phuket, Phuket",98.396417,,Talat Yai,158662.0,1133.0
202.00000000000003,58910,3,Apartment,Fully Furnished,Phuket,,8.021761,,0,3,11900000,"Choeng Thale, Thalang, Phuket",98.2987212,,Choeng Thale,350000.0,1733.0
405.0,28666,3,Detached House,Unfurnished,Phuket,,7.784208,750.0,0,4,21500000,"Rawai, Muang Phuket, Phuket",98.334431,,Rawai,632353.0,843.0
66.0,83333,1,Apartment,Fully Furnished,Phuket,,7.9314359,,0,1,5500000,"Kammala, Kathu, Phuket",98.2773594,,Kammala,161765.0,2451.0
400.0,114285,5,Detached House,Unfurnished,Phuket,,7.8862561,350.0,0,4,40000000,"Talat Nua, Muang Phuket, Phuket",98.3765322,,Talat Nua,1176471.0,3361.0
57.0,228800,1,Apartment,Fully Furnished,Phuket,2018.0,7.894849,,0,1,13041600,"33/1 Taweewong Road, Patong, Kathu, Phuket",98.295598,Freehold,Patong,383576.0,6729.0
64.0,62500,1,Condo,Fully Furnished,Phuket,2012.0,7.976032,,0,1,4000000,"25/3 Hadsurin, Choeng Thale, Thalang, Phuket",98.282733,Freehold,Choeng Thale,117647.0,1838.0
250.0,46000,3,Townhouse,Unfurnished,Phuket,,7.906951,320.0,0,3,11500000,"Patong, Kathu, Phuket",98.302034,,Patong,338235.0,1353.0
516.0,50821,5,Detached House,Fully Furnished,Phuket,,8.022707,970.0,0,4,49297225,"Choeng Thale, Thalang, Phuket",98.2989782,,Choeng Thale,1449918.0,1495.0
114.0,55392,2,Detached House,Fully Furnished,Phuket,,8.019697,204.0,0,2,11300000,"Thep Krasattri, Thalang, Phuket",98.3151961,,Thep Krasattri,332353.0,1629.0
28.0,126071,1,Condo,Fully Furnished,Phuket,2021.0,7.9642,,0,,3530000,"Kammala, Kathu, Phuket",98.285203,Freehold,Kammala,103824.0,3708.0
162.0,25452,2,Detached House,Unfurnished,Phuket,,8.0217197,387.0,0,3,9850000,"Thep Krasattri, Thalang, Phuket",98.3220615,,Thep Krasattri,289706.0,749.0
550.0,33976,6,Detached House,Fully Furnished,Phuket,,7.974028,1089.0,0,5,37000000,"Choeng Thale, Thalang, Phuket",98.294139,,Choeng Thale,1088235.0,999.0
240.0,159107,2,Detached House,Unfurnished,Phuket,,7.9764034,224.0,0,3,35640000,"Choeng Thale, Thalang, Phuket",98.2819472,,Choeng Thale,1048235.0,4680.0
79.0,44000,2,Detached House,Partially Furnished,Phuket,,7.8129443,200.0,0,2,8800000,"Rawai, Muang Phuket, Phuket",98.3303945,,Rawai,258824.0,1294.0
34.0,124705,1,Condo,,Phuket,2019.0,7.947589,,0,,4240000,"63/1 Sirinart Road, Patong, Kathu, Phuket",98.271956,Freehold,Patong,124706.0,3668.0
400.0,20833,4,Detached House,,Phuket,,7.953478,1200.0,0,5,25000000,"Kammala, Kathu, Phuket",98.289627,,Kammala,735294.0,613.0
38.0,82894,1,Condo,Fully Furnished,Phuket,2012.0,7.817934,,0,1,3150000,"ปฏัก ปฏัก, Karon, Muang Phuket, Phuket",98.312717,,Karon,92647.0,2438.0
458.0,148857,4,Detached House,Fully Furnished,Phuket,,7.9847714,808.9999999999999,0,3,120426000,"Pa Khlok, Thalang, Phuket",98.4210194,,Pa Khlok,3541941.0,4378.0
255.0,63297,4,Detached House,Unfurnished,Phuket,,8.0020954,188.0,0,3,11900000,"Sri Sunthon, Thalang, Phuket",98.3227525,,Sri Sunthon,350000.0,1862.0
630.0,29875,4,Detached House,Fully Furnished,Phuket,,8.0036097,799.9999999999999,0,4,23900000,"Sri Sunthon, Thalang, Phuket",98.3197569,,Sri Sunthon,702941.0,879.0
244.00000000000003,42263,2,Detached House,Unfurnished,Phuket,,8.0559426,296.0,0,3,12510000,"Thep Krasattri, Thalang, Phuket",98.3193737,,Thep Krasattri,367941.0,1243.0
29.0,131724,1,Condo,Fully Furnished,Phuket,2021.0,7.9642,,0,,3820000,"Kammala, Kathu, Phuket",98.285203,Freehold,Kammala,112353.0,3874.0
459.0,44980,4,Detached House,Fully Furnished,Phuket,,7.948023,451.0,0,3,20286000,"Kammala, Kathu, Phuket",98.285463,,Kammala,596647.0,1323.0
200.0,26024,3,Detached House,Fully Furnished,Phuket,,7.850557,244.00000000000003,0,2,6350000,"Chalong, Muang Phuket, Phuket",98.356949,,Chalong,186765.0,765.0
184.0,20312,4,Detached House,Fully Furnished,Phuket,,7.7787443,640.0,0,4,13000000,"Rawai, Muang Phuket, Phuket",98.325199,,Rawai,382353.0,597.0
171.0,44104,3,Detached House,Fully Furnished,Phuket,,8.019697,458.0,0,3,20200000,"Thep Krasattri, Thalang, Phuket",98.3151961,,Thep Krasattri,594118.0,1297.0
68.0,124705,1,Condo,,Phuket,2019.0,7.947589,,0,2,8480000,"63/1 Sirinart Road, Patong, Kathu, Phuket",98.271956,Freehold,Patong,249412.0,3668.0
48.00000000000001,97591,1,Condo,Fully Furnished,Phuket,2012.0,7.9027973,,0,,4684400,"พระบารมี พระบารมี, Patong, Kathu, Phuket",98.3080182,,Patong,137776.0,2870.0
137.0,41176,4,Detached House,Unfurnished,Phuket,,7.841159,187.0,0,3,7700000,"Chalong, Muang Phuket, Phuket",98.3627409,,Chalong,226471.0,1211.0
177.0,135593,2,Apartment,Fully Furnished,Phuket,,7.809566,,0,2,24000000,"Karon, Muang Phuket, Phuket",98.299408,,Karon,705882.0,3988.0
34.0,124705,1,Condo,,Phuket,2019.0,7.947589,,0,,4240000,"63/1 Sirinart Road, Patong, Kathu, Phuket",98.271956,Freehold,Patong,124706.0,3668.0
140.0,46590,3,Detached House,Fully Furnished,Phuket,,8.00219,440.0,0,3,20500000,"Soi Pasak 4/1, Choeng Thale, Thalang, Phuket",98.314755,,Choeng Thale,602941.0,1370.0
360.0,24484,6,Detached House,Unfurnished,Phuket,,7.903481,776.0,0,6,19000000,"Ratsada, Muang Phuket, Phuket",98.405308,,Ratsada,558824.0,720.0
45.0,64444,1,Condo,Fully Furnished,Phuket,2021.0,7.879898,,0,1,2900000,"Soi Verakij, Patong, Kathu, Phuket",98.297687,Freehold,Patong,85294.0,1895.0
150.0,47849,2,Detached House,Fully Furnished,Phuket,,7.988302,186.0,0,2,8900000,"Choeng Thale, Thalang, Phuket",98.297414,,Choeng Thale,261765.0,1407.0
26.0,118784,1,Condo,Fully Furnished,Phuket,2013.0,7.90159,,0,,3088400,"Soi Hongyok Utis Yaowarat Road, Talat Yai, Muang Phuket, Phuket",98.378572,Freehold,Talat Yai,90835.0,3494.0
210.0,48558,2,Detached House,Unfurnished,Phuket,,8.020606,261.0,0,2,12673810,"Pa Khlok, Thalang, Phuket",98.395727,,Pa Khlok,372759.0,1428.0
46.0,97826,1,Apartment,Fully Furnished,Phuket,,7.9066897,,0,1,4500000,"Patong, Kathu, Phuket",98.3052434,,Patong,132353.0,2877.0
150.0,40476,2,Detached House,Fully Furnished,Phuket,,7.9444797,252.0,0,3,10200000,"Kammala, Kathu, Phuket",98.2876882,,Kammala,300000.0,1190.0
48.00000000000001,104781,1,Condo,Fully Furnished,Phuket,2012.0,7.9027973,,0,,5029500,"พระบารมี พระบารมี, Patong, Kathu, Phuket",98.3080182,,Patong,147926.0,3082.0
180.0,19090,3,Detached House,Fully Furnished,Phuket,,7.956381,220.0,0,3,4200000,"Ko Kaeo, Muang Phuket, Phuket",98.386115,,Ko Kaeo,123529.0,561.0
327.0,38119,6,Detached House,Fully Furnished,Phuket,,8.003166,787.0,0,6,30000000,"Sri Sunthon, Thalang, Phuket",98.321086,,Sri Sunthon,882353.0,1121.0
390.0,43129,4,Detached House,Unfurnished,Phuket,,8.029712,542.0,0,4,23376280,"Thep Krasattri, Thalang, Phuket",98.3103542,,Thep Krasattri,687538.0,1268.0
390.0,47766,4,Detached House,Unfurnished,Phuket,,8.029712,469.0,0,4,22402460,"Thep Krasattri, Thalang, Phuket",98.3103542,,Thep Krasattri,658896.0,1405.0
100.0,16250,2,Detached House,Partially Furnished,Phuket,,8.0903118,200.0,0,2,3250000,"Thep Krasattri, Thalang, Phuket",98.3546866,,Thep Krasattri,95588.0,478.0
227.0,185022,3,Apartment,Fully Furnished,Phuket,,7.809566,,0,2,42000000,"Karon, Muang Phuket, Phuket",98.299408,,Karon,1235294.0,5442.0
529.0,48581,3,Detached House,Fully Furnished,Phuket,,8.004113,752.0,0,3,36533500,"Sri Sunthon, Thalang, Phuket",98.3230667,,Sri Sunthon,1074515.0,1429.0
56.0,16666,1,Detached House,Fully Furnished,Phuket,,7.9399241653185,150.0,0,1,2500000,"Kammala, Kathu, Phuket",98.293042301636,,Kammala,73529.0,490.0
102.0,38235,2,Apartment,Fully Furnished,Phuket,,7.776354,,0,2,3900000,"Rawai, Muang Phuket, Phuket",98.323111,,Rawai,114706.0,1125.0
171.0,49780,2,Detached House,,Phuket,,8.0410493,432.0,0,3,21505000,"Choeng Thale, Thalang, Phuket",98.2963637,,Choeng Thale,632500.0,1464.0
28.0,109610,1,Condo,Unfurnished,Phuket,2022.0,7.979949250487842,,0,,3069080,"66/2 Soi Hua Tiao, Choeng Thale, Thalang, Phuket",98.288185097334,Freehold,Choeng Thale,90267.0,3224.0
33.0,142424,1,Condo,Unfurnished,Phuket,2019.0,7.83473,,0,1,4700000,"Soi Patak 14, Karon, Muang Phuket, Phuket",98.301049,Freehold,Karon,138235.0,4189.0
420.0,63000,5,Detached House,Fully Furnished,Phuket,,7.972725,1000.0,0,5,63000000,"Choeng Thale, Thalang, Phuket",98.281885,,Choeng Thale,1852941.0,1853.0
181.0,61743,4,Detached House,,Phuket,,7.9860111,172.0,0,3,10619874,"Sri Sunthon, Thalang, Phuket",98.3242978,,Sri Sunthon,312349.0,1816.0
248.0,126506,2,Detached House,Fully Furnished,Phuket,,7.9847714,486.00000000000006,0,2,61482000,"Pa Khlok, Thalang, Phuket",98.4210194,,Pa Khlok,1808294.0,3721.0
171.0,44390,2,Detached House,,Phuket,,8.0410493,500.0,0,3,22195000,"Choeng Thale, Thalang, Phuket",98.2963637,,Choeng Thale,652794.0,1306.0
66.0,143771,2,Apartment,,Phuket,,7.9919018222168,,0,2,9488905,"Choeng Thale, Thalang, Phuket",98.299223321081,,Choeng Thale,279085.0,4229.0
162.0,25651,2,Detached House,Unfurnished,Phuket,,8.0217197,384.00000000000006,0,3,9850000,"Thep Krasattri, Thalang, Phuket",98.3220615,,Thep Krasattri,289706.0,754.0
265.0,55147,3,Detached House,Unfurnished,Phuket,,7.779525,272.0,0,3,15000000,"Rawai, Muang Phuket, Phuket",98.3305246,,Rawai,441176.0,1622.0
128.0,44947,1,Detached House,Fully Furnished,Phuket,,7.788101,195.0,0,1,8764750,"Rawai, Muang Phuket, Phuket",98.311855,,Rawai,257787.0,1322.0
110.0,51818,1,Condo,Fully Furnished,Phuket,2012.0,8.0348216,,0,2,5700000,"45/11 Kamala, Kammala, Kathu, Phuket",98.3377935,,Kammala,167647.0,1524.0
215.0,46641,2,Detached House,Fully Furnished,Phuket,,7.7746432,268.0,0,2,12500000,"Rawai, Muang Phuket, Phuket",98.3215201,,Rawai,367647.0,1372.0
99.0,123423,3,Detached House,Unfurnished,Phuket,,7.773505,133.0,0,2,16415300,"Rawai, Muang Phuket, Phuket",98.314949,,Rawai,482803.0,3630.0
99.0,130930,3,Detached House,Unfurnished,Phuket,,7.773505,131.0,0,2,17151900,"Rawai, Muang Phuket, Phuket",98.314949,,Rawai,504468.0,3851.0
70.0,80142,1,Apartment,Unfurnished,Phuket,,7.8358342,,0,1,5610000,"Karon, Muang Phuket, Phuket",98.2999577,,Karon,165000.0,2357.0
261.0,120192,4,Detached House,Fully Furnished,Phuket,,7.82039,208.0,0,4,25000000,"Karon, Muang Phuket, Phuket",98.310602,,Karon,735294.0,3535.0
202.00000000000003,46793,2,Detached House,Fully Furnished,Phuket,,8.00219,302.0,0,3,14131600,"Soi Pasak 4/1, Choeng Thale, Thalang, Phuket",98.314755,,Choeng Thale,415635.0,1376.0
91.0,106483,2,Condo,Fully Furnished,Phuket,2015.0,8.154175769124732,,0,2,9690000,"8 Moo 3, Mai Khao, Thalang, Phuket",98.2978065925904,Freehold,Mai Khao,285000.0,3132.0
106.0,24567,2,Detached House,Unfurnished,Phuket,,8.0217197,162.0,0,2,3980000,"Thep Krasattri, Thalang, Phuket",98.3220615,,Thep Krasattri,117059.0,723.0
170.0,41458,2,Detached House,Fully Furnished,Phuket,,7.988302,240.0,0,3,9950000,"Choeng Thale, Thalang, Phuket",98.297414,,Choeng Thale,292647.0,1219.0
36.0,97000,1,Condo,,Phuket,2021.0,7.769664,,0,1,3492000,"Thai Highway-4030 Road, Rawai, Muang Phuket, Phuket",98.308717,Freehold,Rawai,102706.0,2853.0
101.0,46534,2,Condo,Fully Furnished,Phuket,2012.0,8.0348216,,0,3,4700000,"57/4 Kamala, Kammala, Kathu, Phuket",98.3377935,,Kammala,138235.0,1369.0
160.0,65625,3,Townhouse,Fully Furnished,Phuket,2012.0,7.964698,100.0,0,3,10500000,"22/1 Thepkrasatti, Ko Kaeo, Muang Phuket, Phuket",98.385007,Freehold,Ko Kaeo,308824.0,1930.0
361.0,54987,6,Detached House,Unfurnished,Phuket,,8.0244356,1309.0,0,5,71978500,"Choeng Thale, Thalang, Phuket",98.3055757,,Choeng Thale,2117015.0,1617.0
181.0,60869,4,Detached House,Unfurnished,Phuket,,7.9860111,161.0,0,3,9800000,"Sri Sunthon, Thalang, Phuket",98.3242978,,Sri Sunthon,288235.0,1790.0
428.0,33810,4,Detached House,Unfurnished,Phuket,,7.784806,716.0,0,4,24208400,"Rawai, Muang Phuket, Phuket",98.314167,,Rawai,712012.0,994.0
70.0,120000,2,Condo,Fully Furnished,Phuket,2012.0,7.861106,,0,2,8400000,"เจ้าฟ้านอก Chao fah nok, Wichit, Muang Phuket, Phuket",98.35309,Freehold,Wichit,247059.0,3529.0
57.0,77314,1,Condo,Fully Furnished,Phuket,2012.0,7.939621,,0,1,4406900,"10/33 Kamala, Kammala, Kathu, Phuket",98.292125,,Kammala,129615.0,2274.0
45.0,102443,1,Apartment,,Phuket,,7.800243,,0,1,4609945,"Rawai, Muang Phuket, Phuket",98.336727,,Rawai,135587.0,3013.0
80.0,61000,1,Condo,Partially Furnished,Phuket,2012.0,8.0348216,,0,1,4880000,"45/11 Kamala, Kammala, Kathu, Phuket",98.3377935,,Kammala,143529.0,1794.0
115.0,28448,2,Detached House,Fully Furnished,Phuket,,8.015446,548.0,0,2,15590000,"Pa Khlok, Thalang, Phuket",98.392306,,Pa Khlok,458529.0,837.0
56.0,298125,3,Townhouse,Unfurnished,Phuket,,7.8902672,56.0,0,9,16695000,"Patong, Kathu, Phuket",98.3026696,,Patong,491029.0,8768.0
435.00000000000006,31505,4,Detached House,,Phuket,,8.0180232,857.0000000000001,0,3,27000000,"Thep Krasattri, Thalang, Phuket",98.3221388,,Thep Krasattri,794118.0,927.0
134.0,73880,2,Condo,Fully Furnished,Phuket,2012.0,7.800743,,0,2,9900000,"14/5 Wiset, Rawai, Muang Phuket, Phuket",98.337407,Freehold,Rawai,291176.0,2173.0
270.0,51843,5,Detached House,,Phuket,,7.9877691,960.0,0,4,49770000,"Choeng Thale, Thalang, Phuket",98.2983739,,Choeng Thale,1463824.0,1525.0
191.00000000000003,65384,4,Detached House,Unfurnished,Phuket,,7.9860111,156.0,0,3,10200000,"Sri Sunthon, Thalang, Phuket",98.3242978,,Sri Sunthon,300000.0,1923.0
546.0,156839,4,Detached House,Fully Furnished,Phuket,,7.9847714,802.0,0,3,125785000,"Pa Khlok, Thalang, Phuket",98.4210194,,Pa Khlok,3699559.0,4613.0
38.0,84210,1,Apartment,Fully Furnished,Phuket,,7.9062503,,0,,3200000,"Patong, Kathu, Phuket",98.3036522,,Patong,94118.0,2477.0
113.0,95584,2,Townhouse,Fully Furnished,Phuket,,7.9807656,109.0,0,2,10801020,"Choeng Thale, Thalang, Phuket",98.2832322,,Choeng Thale,317677.0,2811.0
34.0,102941,1,Condo,Fully Furnished,Phuket,2012.0,7.817934,,0,1,3500000,"ปฏัก ปฏัก, Karon, Muang Phuket, Phuket",98.312717,,Karon,102941.0,3028.0
175.0,31428,3,Townhouse,Fully Furnished,Phuket,,7.9502572,70.0,0,3,5500000,"Kammala, Kathu, Phuket",98.2941105,,Kammala,161765.0,924.0
34.0,124705,1,Condo,,Phuket,2019.0,7.947589,,0,,4240000,"63/1 Sirinart Road, Patong, Kathu, Phuket",98.271956,Freehold,Patong,124706.0,3668.0
113.0,88561,2,Townhouse,Fully Furnished,Phuket,,7.9807656,97.0,0,2,10007420,"Choeng Thale, Thalang, Phuket",98.2832322,,Choeng Thale,294336.0,2605.0
24.000000000000004,112500,1,Condo,Unfurnished,Phuket,2022.0,7.780462,,0,,2700000,"Soi Suanwat, Rawai, Muang Phuket, Phuket",98.316451,Freehold,Rawai,79412.0,3309.0
550.0,48750,4,Detached House,Fully Furnished,Phuket,,8.0041769,799.9999999999999,0,4,39000000,"Pa Khlok, Thalang, Phuket",98.3933491,,Pa Khlok,1147059.0,1434.0
82.0,100414,1,Condo,Fully Furnished,Phuket,2012.0,7.9027973,,0,1,8234000,"พระบารมี พระบารมี, Patong, Kathu, Phuket",98.3080182,,Patong,242176.0,2953.0
200.0,30000,3,Detached House,Fully Furnished,Phuket,,8.020219,550.0,0,4,16500000,"Choeng Thale, Thalang, Phuket",98.312875,,Choeng Thale,485294.0,882.0
28.0,125000,1,Condo,Fully Furnished,Phuket,2021.0,7.9642,,0,,3500000,"Kammala, Kathu, Phuket",98.285203,Freehold,Kammala,102941.0,3676.0
127.0,40369,2,Detached House,Unfurnished,Phuket,,8.0947785,327.0,0,2,13200864,"Thep Krasattri, Thalang, Phuket",98.3630926,,Thep Krasattri,388261.0,1187.0
46.0,98913,1,Apartment,Fully Furnished,Phuket,,7.9066897,,0,1,4550000,"Patong, Kathu, Phuket",98.3052434,,Patong,133824.0,2909.0
65.0,90769,1,Condo,Fully Furnished,Phuket,2020.0,7.946718,,0,1,5900000,"Kammala, Kathu, Phuket",98.268805,Freehold,Kammala,173529.0,2670.0
109.0,47945,3,Detached House,Fully Furnished,Phuket,,7.808737,141.0,0,2,6760260,"Rawai, Muang Phuket, Phuket",98.331665,,Rawai,198831.0,1410.0
255.0,64673,4,Detached House,Unfurnished,Phuket,,8.0020954,184.0,0,3,11900000,"Sri Sunthon, Thalang, Phuket",98.3227525,,Sri Sunthon,350000.0,1902.0
280.0,50281,3,Detached House,Fully Furnished,Phuket,,7.829206,338.0,0,3,16995000,"Chalong, Muang Phuket, Phuket",98.333126,,Chalong,499853.0,1479.0
290.0,40020,3,Detached House,Unfurnished,Phuket,,8.029712,450.0,0,3,18009000,"Thep Krasattri, Thalang, Phuket",98.3103542,,Thep Krasattri,529676.0,1177.0
300.0,15333,5,Detached House,Fully Furnished,Phuket,,7.805839,750.0,0,5,11500000,"Rawai, Muang Phuket, Phuket",98.333771,,Rawai,338235.0,451.0
106.0,34076,3,Detached House,Fully Furnished,Phuket,,8.019697,314.0,0,3,10700000,"Thep Krasattri, Thalang, Phuket",98.3151961,,Thep Krasattri,314706.0,1002.0
150.0,136666,3,Townhouse,,Phuket,,7.8788902,124.0,0,2,20500000,"Patong, Kathu, Phuket",98.2928534,,Patong,602941.0,4020.0
179.0,86592,2,Apartment,Fully Furnished,Phuket,2012.0,8.029699,,0,2,15500000,"ป่าตอง Layan, Choeng Thale, Thalang, Phuket",98.294885,Freehold,Choeng Thale,455882.0,2547.0
71.0,59452,1,Detached House,Unfurnished,Phuket,,8.0735844,84.0,0,2,4994000,"Thep Krasattri, Thalang, Phuket",98.3460048,,Thep Krasattri,146882.0,1749.0
120.0,54166,2,Condo,Fully Furnished,Phuket,2012.0,7.976032,,0,2,6500000,"25/3 Hadsurin, Choeng Thale, Thalang, Phuket",98.282733,Freehold,Choeng Thale,191176.0,1593.0
370.0,63636,3,Detached House,Fully Furnished,Phuket,,7.9461058,550.0,0,3,35000000,"Kammala, Kathu, Phuket",98.2965177,,Kammala,1029412.0,1872.0
179.0,86592,2,Apartment,Fully Furnished,Phuket,2012.0,8.029699,,0,2,15500000,"ป่าตอง Layan, Choeng Thale, Thalang, Phuket",98.294885,Freehold,Choeng Thale,455882.0,2547.0
252.0,21272,3,Detached House,Fully Furnished,Phuket,,7.952957,550.0,0,3,11700000,"Kammala, Kathu, Phuket",98.290742,,Kammala,344118.0,626.0
290.0,40020,3,Detached House,Unfurnished,Phuket,,8.029712,450.0,0,3,18009000,"Thep Krasattri, Thalang, Phuket",98.3103542,,Thep Krasattri,529676.0,1177.0
215.0,39603,3,Detached House,,Phuket,,7.870892,140.0,0,3,5544500,"Talat Yai, Muang Phuket, Phuket",98.396417,,Talat Yai,163074.0,1165.0
292.0,41095,2,Condo,Fully Furnished,Phuket,2012.0,8.0348216,,0,2,12000000,"45/11 Kamala, Kammala, Kathu, Phuket",98.3377935,,Kammala,352941.0,1209.0
87.0,113793,1,Condo,,Phuket,2014.0,7.8210654,,0,1,9900000,"Kata Kata, Karon, Muang Phuket, Phuket",98.2993432,Freehold,Karon,291176.0,3347.0
65.0,90769,1,Condo,Fully Furnished,Phuket,2020.0,7.946718,,0,1,5900000,"Kammala, Kathu, Phuket",98.268805,Freehold,Kammala,173529.0,2670.0
410.0,18987,5,Detached House,Fully Furnished,Phuket,,7.7802052,790.0000000000001,0,5,15000000,"Rawai, Muang Phuket, Phuket",98.3208033,,Rawai,441176.0,558.0
110.0,89000,2,Condo,Fully Furnished,Phuket,2012.0,7.976032,,0,2,9790000,"25/3 Hadsurin, Choeng Thale, Thalang, Phuket",98.282733,Freehold,Choeng Thale,287941.0,2618.0
191.00000000000003,68897,4,Detached House,,Phuket,,7.9860111,160.0,0,3,11023676,"Sri Sunthon, Thalang, Phuket",98.3242978,,Sri Sunthon,324226.0,2026.0
300.0,46296,4,Detached House,Fully Furnished,Phuket,,7.982105,540.0,0,4,25000000,"Choeng Thale, Thalang, Phuket",98.282886,,Choeng Thale,735294.0,1362.0
202.00000000000003,46793,2,Detached House,Unfurnished,Phuket,,8.00219,302.0,0,2,14131600,"Soi Pasak 4/1, Choeng Thale, Thalang, Phuket",98.314755,,Choeng Thale,415635.0,1376.0
161.0,35937,3,Detached House,Unfurnished,Phuket,,7.953493,160.0,0,3,5750000,"Ko Kaeo, Muang Phuket, Phuket",98.383145,,Ko Kaeo,169118.0,1057.0
119.0,109159,1,Condo,Fully Furnished,Phuket,2012.0,7.800743,,0,1,12990000,"14/5 Wiset, Rawai, Muang Phuket, Phuket",98.337407,Freehold,Rawai,382059.0,3211.0
215.0,40642,3,Detached House,,Phuket,,7.870892,140.0,0,3,5690000,"Talat Yai, Muang Phuket, Phuket",98.396417,,Talat Yai,167353.0,1195.0
125.0,52800,3,Townhouse,Fully Furnished,Phuket,,7.9502572,70.0,0,3,6600000,"Kammala, Kathu, Phuket",98.2941105,,Kammala,194118.0,1553.0
115.0,30635,2,Detached House,Fully Furnished,Phuket,,8.015446,488.00000000000006,0,2,14950000,"Pa Khlok, Thalang, Phuket",98.392306,,Pa Khlok,439706.0,901.0
380.0,162161,4,Apartment,Fully Furnished,Phuket,,8.0547691,,0,4,61621532,"Sa Khu, Thalang, Phuket",98.2787287,,Sa Khu,1812398.0,4769.0
143.0,23015,2,Detached House,Partially Furnished,Phuket,,7.871415,252.0,0,3,5800000,"Wichit, Muang Phuket, Phuket",98.3613072,,Wichit,170588.0,677.0
150.0,23448,3,Detached House,,Phuket,,7.979414,290.0,0,3,6800000,"Sri Sunthon, Thalang, Phuket",98.354941,,Sri Sunthon,200000.0,690.0
219.0,35111,3,Detached House,Fully Furnished,Phuket,,8.019697,675.0,0,3,23700000,"Thep Krasattri, Thalang, Phuket",98.3151961,,Thep Krasattri,697059.0,1033.0
44.0,221599,1,Apartment,Fully Furnished,Phuket,,7.8853267,,0,1,9750380,"Patong, Kathu, Phuket",98.2847522,,Patong,286776.0,6518.0
600.0,15052,7,Detached House,Fully Furnished,Phuket,,7.95038,1920.0,0,5,28900000,"Kammala, Kathu, Phuket",98.286605,,Kammala,850000.0,443.0
39.0,109788,1,Condo,Partially Furnished,Phuket,2012.0,7.9027973,,0,,4281735,"พระบารมี พระบารมี, Patong, Kathu, Phuket",98.3080182,,Patong,125933.0,3229.0
360.0,38714,4,Detached House,Unfurnished,Phuket,,8.0559426,483.0,0,4,18699000,"Thep Krasattri, Thalang, Phuket",98.3193737,,Thep Krasattri,549971.0,1139.0
705.0,263248,4,Detached House,Fully Furnished,Phuket,,7.9847714,627.0,0,3,165057000,"Pa Khlok, Thalang, Phuket",98.4210194,,Pa Khlok,4854618.0,7743.0
103.0,68750,3,Detached House,Fully Furnished,Phuket,,7.9450441,160.0,0,2,11000000,"Kammala, Kathu, Phuket",98.2929626,,Kammala,323529.0,2022.0
319.0,220261,3,Detached House,Unfurnished,Phuket,,7.874501,189.0,0,3,41629500,"Patong, Kathu, Phuket",98.289574,,Patong,1224397.0,6478.0
37.0,140673,1,Condo,Fully Furnished,Phuket,2021.0,8.034256,,0,1,5204928,"Soi Layan 4, Choeng Thale, Thalang, Phuket",98.292068,Freehold,Choeng Thale,153086.0,4137.0
57.0,96000,1,Condo,Fully Furnished,Phuket,2012.0,7.9027973,,0,1,5472000,"พระบารมี พระบารมี, Patong, Kathu, Phuket",98.3080182,,Patong,160941.0,2824.0
1000.0,56250,8,Detached House,Fully Furnished,Phuket,,8.121752574593,1599.9999999999998,0,8,90000000,"Mai Khao, Thalang, Phuket",98.302217460653,,Mai Khao,2647059.0,1654.0
48.00000000000001,64583,1,Apartment,Fully Furnished,Phuket,,7.877207,,0,,3100000,"Patong, Kathu, Phuket",98.289174,,Patong,91176.0,1900.0
34.0,138235,1,Condo,Unfurnished,Phuket,2019.0,7.83473,,0,1,4700000,"Soi Patak 14, Karon, Muang Phuket, Phuket",98.301049,Freehold,Karon,138235.0,4066.0
115.0,30635,2,Detached House,Fully Furnished,Phuket,,8.015446,488.00000000000006,0,2,14950000,"Pa Khlok, Thalang, Phuket",98.392306,,Pa Khlok,439706.0,901.0
204.0,22010,2,Detached House,Fully Furnished,Phuket,,8.008789,368.0,0,2,8100000,"Pa Khlok, Thalang, Phuket",98.394693,,Pa Khlok,238235.0,647.0
82.0,56763,2,Condo,Fully Furnished,Phuket,2012.0,7.939621,,0,2,4654620,"10/33 Kamala, Kammala, Kathu, Phuket",98.292125,,Kammala,136901.0,1670.0
427.0,160035,4,Detached House,Fully Furnished,Phuket,,7.9847714,600.0,0,3,96021000,"Pa Khlok, Thalang, Phuket",98.4210194,,Pa Khlok,2824147.0,4707.0
28.0,116412,1,Condo,Fully Furnished,Phuket,2013.0,7.90159,,0,,3259550,"Soi Hongyok Utis Yaowarat Road, Talat Yai, Muang Phuket, Phuket",98.378572,Freehold,Talat Yai,95869.0,3424.0
44.0,102272,1,Condo,Fully Furnished,Phuket,2015.0,7.902868011173183,,0,1,4500000,"81 Rattahut Road, Patong, Kathu, Phuket",98.30264167638065,Freehold,Patong,132353.0,3008.0
118.0,43727,2,Detached House,Fully Furnished,Phuket,,8.019697,279.0,0,2,12200000,"Thep Krasattri, Thalang, Phuket",98.3151961,,Thep Krasattri,358824.0,1286.0
45.0,62000,1,Condo,Fully Furnished,Phuket,2021.0,7.879898,,0,1,2790000,"Soi Verakij, Patong, Kathu, Phuket",98.297687,Freehold,Patong,82059.0,1824.0
92.0,235218,2,Apartment,Fully Furnished,Phuket,,7.8853267,,0,2,21640124,"Patong, Kathu, Phuket",98.2847522,,Patong,636474.0,6918.0
220.0,13986,4,Detached House,Unfurnished,Phuket,2020.0,8.136234,1430.0,0,3,20000000,"Thepkasattri Road, Mai Khao, Thalang, Phuket",98.337696,Freehold,Mai Khao,588235.0,411.0
155.0,146341,2,Detached House,Unfurnished,Phuket,2020.0,8.136234,82.0,0,2,12000000,"Thepkasattri Road, Mai Khao, Thalang, Phuket",98.337696,Freehold,Mai Khao,352941.0,4304.0
205.0,38532,3,Detached House,,Phuket,,7.870892,140.0,0,3,5394500,"Talat Yai, Muang Phuket, Phuket",98.396417,,Talat Yai,158662.0,1133.0
190.0,85526,2,Condo,Fully Furnished,Phuket,2012.0,7.800743,,0,2,16250000,"14/5 Wiset, Rawai, Muang Phuket, Phuket",98.337407,Freehold,Rawai,477941.0,2515.0
290.0,40020,3,Detached House,Unfurnished,Phuket,,8.029712,450.0,0,3,18009000,"Thep Krasattri, Thalang, Phuket",98.3103542,,Thep Krasattri,529676.0,1177.0
290.0,40020,3,Detached House,Unfurnished,Phuket,,8.029712,450.0,0,3,18009000,"Thep Krasattri, Thalang, Phuket",98.3103542,,Thep Krasattri,529676.0,1177.0
24.000000000000004,112500,1,Condo,Unfurnished,Phuket,2022.0,7.780462,,0,,2700000,"Soi Suanwat, Rawai, Muang Phuket, Phuket",98.316451,Freehold,Rawai,79412.0,3309.0
71.0,59452,1,Detached House,Unfurnished,Phuket,,8.0735844,84.0,0,2,4994000,"Thep Krasattri, Thalang, Phuket",98.3460048,,Thep Krasattri,146882.0,1749.0
45.0,62000,1,Condo,Fully Furnished,Phuket,2021.0,7.879898,,0,1,2790000,"Soi Verakij, Patong, Kathu, Phuket",98.297687,Freehold,Patong,82059.0,1824.0
130.0,15000,3,Detached House,Fully Furnished,Phuket,,8.005467,799.9999999999999,0,3,12000000,"Choeng Thale, Thalang, Phuket",98.308546,,Choeng Thale,352941.0,441.0
162.0,33540,2,Detached House,Unfurnished,Phuket,,8.0217197,387.0,0,3,12980000,"Thep Krasattri, Thalang, Phuket",98.3220615,,Thep Krasattri,381765.0,986.0
228.0,72141,2,Detached House,Unfurnished,Phuket,,7.999729,241.0,0,2,17386106,"Choeng Thale, Thalang, Phuket",98.309086,,Choeng Thale,511356.0,2122.0
1000.0,22916,12,Detached House,Fully Furnished,Phuket,,7.833154,2400.0,0,10,55000000,"Chalong, Muang Phuket, Phuket",98.325237,,Chalong,1617647.0,674.0
485.0,41896,4,Detached House,Unfurnished,Phuket,,7.784806,713.0,0,4,29872000,"Rawai, Muang Phuket, Phuket",98.314167,,Rawai,878588.0,1232.0
99.0,96414,3,Detached House,Unfurnished,Phuket,,7.773505,169.0,0,2,16294000,"Rawai, Muang Phuket, Phuket",98.314949,,Rawai,479235.0,2836.0
641.0,60606,5,Detached House,Fully Furnished,Phuket,,7.963273,660.0,0,4,40000000,"Sri Sunthon, Thalang, Phuket",98.347374,,Sri Sunthon,1176471.0,1783.0
49.0,214250,1,Apartment,Fully Furnished,Phuket,,7.8853267,,0,1,10498250,"Patong, Kathu, Phuket",98.2847522,,Patong,308772.0,6301.0
49.99999999999999,68000,1,Apartment,Fully Furnished,Phuket,,7.8797907,,0,,3400000,"Patong, Kathu, Phuket",98.2924879,,Patong,100000.0,2000.0
400.0,30000,7,Detached House,Unfurnished,Phuket,,7.790091,400.0,0,7,12000000,"Rawai, Muang Phuket, Phuket",98.31619,,Rawai,352941.0,882.0
900.0,49504,4,Detached House,Fully Furnished,Phuket,,7.847323,303.0,0,5,15000000,"Karon, Muang Phuket, Phuket",98.301601,,Karon,441176.0,1456.0
250.0,43560,4,Detached House,Fully Furnished,Phuket,,7.9994635,264.0,0,3,11500000,"Sri Sunthon, Thalang, Phuket",98.319439,,Sri Sunthon,338235.0,1281.0
57.0,67164,2,Detached House,Fully Furnished,Phuket,,7.9946071,67.0,0,2,4500000,"Pa Khlok, Thalang, Phuket",98.3944377,,Pa Khlok,132353.0,1975.0
300.0,26898,4,Detached House,Fully Furnished,Phuket,,8.0938,316.0,0,3,8500000,"Sa Khu, Thalang, Phuket",98.305926,,Sa Khu,250000.0,791.0
409.0,23056,4,Detached House,Fully Furnished,Phuket,,7.946585,759.0,0,4,17500000,"Kammala, Kathu, Phuket",98.2933742,,Kammala,514706.0,678.0
385.0,31464,3,Detached House,Unfurnished,Phuket,,7.784806,716.0,0,3,22528400,"Rawai, Muang Phuket, Phuket",98.314167,,Rawai,662600.0,925.0
102.0,31021,2,Detached House,Fully Furnished,Phuket,,7.812653,274.0,0,3,8500000,"Rawai, Muang Phuket, Phuket",98.331261,,Rawai,250000.0,912.0
338.0,60841,4,Detached House,Unfurnished,Phuket,,8.0054511,260.0,0,3,15818775,"Sri Sunthon, Thalang, Phuket",98.3206322,,Sri Sunthon,465258.0,1789.0
280.0,13617,2,Detached House,Fully Furnished,Phuket,,7.794116,940.0,0,2,12800000,"Rawai, Muang Phuket, Phuket",98.325257,,Rawai,376471.0,400.0
26.0,67307,1,Condo,Fully Furnished,Phuket,,7.7806875,,0,,1750000,"Rawai, Muang Phuket, Phuket",98.3296875,,Rawai,51471.0,1980.0
115.0,34500,3,Detached House,Fully Furnished,Phuket,,7.782386425388,200.0,0,3,6900000,"Rawai, Muang Phuket, Phuket",98.329368782654,,Rawai,202941.0,1015.0
150.0,37083,2,Detached House,Fully Furnished,Phuket,,7.9497593,240.0,0,2,8900000,"Kammala, Kathu, Phuket",98.2846511,,Kammala,261765.0,1091.0
163.0,55625,3,Detached House,Fully Furnished,Phuket,,7.9497593,160.0,0,2,8900000,"Kammala, Kathu, Phuket",98.2846511,,Kammala,261765.0,1636.0
130.0,21111,2,Detached House,Fully Furnished,Phuket,,7.9089471,180.0,0,3,3800000,"Kathu, Kathu, Phuket",98.3197946,,Kathu,111765.0,621.0
120.0,24312,2,Detached House,Partially Furnished,Phuket,,7.9075868695016,160.0,0,3,3890000,"Kathu, Kathu, Phuket",98.333956663599,,Kathu,114412.0,715.0
150.0,37500,2,Detached House,Fully Furnished,Phuket,,7.9120076022179,240.0,0,3,9000000,"Kathu, Kathu, Phuket",98.332583372583,,Kathu,264706.0,1103.0
200.0,35384,3,Detached House,Fully Furnished,Phuket,,7.909712227684,260.0,0,3,9200000,"Kathu, Kathu, Phuket",98.328377668848,,Kathu,270588.0,1041.0
150.0,45000,2,Detached House,Fully Furnished,Phuket,,7.9134528314795,200.0,0,3,9000000,"Kathu, Kathu, Phuket",98.345801298608,,Kathu,264706.0,1324.0
150.0,25625,3,Detached House,Fully Furnished,Phuket,,7.9117525612341,304.0,0,3,7790000,"Kathu, Kathu, Phuket",98.335158293237,,Kathu,229118.0,754.0
120.0,28362,2,Detached House,Fully Furnished,Phuket,,7.911242478793,116.0,0,3,3290000,"Kathu, Kathu, Phuket",98.343569700708,,Kathu,96765.0,834.0
120.0,26851,2,Detached House,Fully Furnished,Phuket,,7.9108174096102,216.0,0,3,5800000,"Kathu, Kathu, Phuket",98.331810896387,,Kathu,170588.0,790.0
100.0,40441,2,Detached House,Unfurnished,Phuket,,7.908777071433,68.0,0,3,2750000,"Kathu, Kathu, Phuket",98.328291838159,,Kathu,80882.0,1189.0
190.0,57894,5,Apartment,Fully Furnished,Phuket,,7.8402922,96.0,0,5,11000000,"Chalong, Muang Phuket, Phuket",98.3449368,,Chalong,323529.0,1703.0
120.0,23125,2,Detached House,Fully Furnished,Phuket,,7.7954398844868,160.0,0,2,3700000,"Rawai, Muang Phuket, Phuket",98.332930756226,,Rawai,108824.0,680.0
250.0,78125,8,Detached House,Fully Furnished,Phuket,,7.7813659423919,320.0,0,8,25000000,"Rawai, Muang Phuket, Phuket",98.329669190063,,Rawai,735294.0,2298.0
750.0,60750,7,Detached House,Fully Furnished,Phuket,,7.9448289321336,400.0,0,6,24300000,"Kammala, Kathu, Phuket",98.287741004785,,Kammala,714706.0,1787.0
130.0,53571,2,Detached House,Fully Furnished,Phuket,,7.9497593,84.0,0,3,4500000,"Kammala, Kathu, Phuket",98.2846511,,Kammala,132353.0,1576.0
100.0,31250,2,Detached House,Fully Furnished,Phuket,,7.9133678181338,160.0,0,3,5000000,"Kathu, Kathu, Phuket",98.335158293237,,Kathu,147059.0,919.0
130.0,34722,2,Detached House,Fully Furnished,Phuket,,7.9126026972333,144.0,0,3,5000000,"Kathu, Kathu, Phuket",98.333441679468,,Kathu,147059.0,1021.0
120.0,23333,2,Townhouse,Partially Furnished,Phuket,,7.9089471,80.0,0,3,2800000,"Kathu, Kathu, Phuket",98.3197946,,Kathu,82353.0,686.0
30.0,51666,1,Condo,Fully Furnished,Phuket,2012.0,7.911042,,0,1,1550000,"Phra Phuket Kaew Rd., Kathu, Kathu, Phuket",98.33632,Freehold,Kathu,45588.0,1520.0
30.0,48333,1,Condo,Fully Furnished,Phuket,2012.0,7.911042,,0,1,1450000,"Phra Phuket Kaew Rd., Kathu, Kathu, Phuket",98.33632,Freehold,Kathu,42647.0,1422.0
30.0,51666,1,Condo,Fully Furnished,Phuket,2012.0,7.911042,,0,1,1550000,"Phra Phuket Kaew Rd., Kathu, Kathu, Phuket",98.33632,Freehold,Kathu,45588.0,1520.0
120.0,34937,2,Detached House,Fully Furnished,Phuket,,7.9106473818143,160.0,0,3,5590000,"Kathu, Kathu, Phuket",98.334729139795,,Kathu,164412.0,1028.0
120.0,27500,2,Detached House,Fully Furnished,Phuket,,7.9127727242229,200.0,0,3,5500000,"Kathu, Kathu, Phuket",98.337733213892,,Kathu,161765.0,809.0
100.0,32500,2,Townhouse,Fully Furnished,Phuket,,7.910222312018,120.0,0,3,3250000,"Kathu, Kathu, Phuket",98.328720991602,,Kathu,95588.0,956.0
100.0,31357,2,Detached House,Fully Furnished,Phuket,,7.9089471,140.0,0,3,4390000,"Kathu, Kathu, Phuket",98.3197946,,Kathu,129118.0,922.0
150.0,36309,2,Detached House,Fully Furnished,Phuket,,7.9089471,168.0,0,4,6100000,"Kathu, Kathu, Phuket",98.3197946,,Kathu,179412.0,1068.0
110.0,37272,2,Townhouse,Fully Furnished,Phuket,,7.9212510398762,108.0,0,3,4100000,"Ratsada, Muang Phuket, Phuket",98.37954553501,,Ratsada,120588.0,1096.0
407.0,41250,4,Detached House,Fully Furnished,Phuket,,8.0118764,400.0,0,3,16500000,"Choeng Thale, Thalang, Phuket",98.3033694,,Choeng Thale,485294.0,1213.0
170.0,19736,2,Detached House,Partially Furnished,Phuket,,8.0584068,228.0,0,3,4500000,"Pa Khlok, Thalang, Phuket",98.4074573,,Pa Khlok,132353.0,580.0
120.0,20642,2,Detached House,Fully Furnished,Phuket,,7.8473284,140.0,0,3,2890000,"Wichit, Muang Phuket, Phuket",98.3823088,,Wichit,85000.0,607.0
100.0,28452,2,Detached House,Fully Furnished,Phuket,,7.8473284,84.0,0,2,2390000,"Wichit, Muang Phuket, Phuket",98.3823088,,Wichit,70294.0,837.0
100.0,19375,1,Detached House,Unfurnished,Phuket,,7.9208512970967,144.0,0,2,2790000,"Ratsada, Muang Phuket, Phuket",98.377863121643,,Ratsada,82059.0,570.0
100.0,23055,1,Detached House,Fully Furnished,Phuket,,7.9211488383254,108.0,0,2,2490000,"Ratsada, Muang Phuket, Phuket",98.377648544922,,Ratsada,73235.0,678.0
200.0,42857,3,Detached House,,Phuket,,7.9292673802903,280.0,0,3,12000000,"Ratsada, Muang Phuket, Phuket",98.377648544922,,Ratsada,352941.0,1260.0
90.0,21125,1,Detached House,Partially Furnished,Phuket,,8.0214956800103,80.0,0,2,1690000,"Thep Krasattri, Thalang, Phuket",98.330516217017,,Thep Krasattri,49706.0,621.0
464.0,22500,2,Detached House,Fully Furnished,Phuket,,8.0127549202173,400.0,0,3,9000000,"Thep Krasattri, Thalang, Phuket",98.342732289258,,Thep Krasattri,264706.0,662.0
35.0,76857,1,Condo,Fully Furnished,Phuket,2014.0,7.889122,,0,1,2690000,"Wichit Songkhram  Wichit Songkhram, Wichit, Muang Phuket, Phuket",98.365071,Freehold,Wichit,79118.0,2260.0
150.0,18437,3,Detached House,Unfurnished,Phuket,,8.0584068,320.0,0,4,5900000,"Pa Khlok, Thalang, Phuket",98.4074573,,Pa Khlok,173529.0,542.0
30.0,53333,1,Condo,Fully Furnished,Phuket,2012.0,7.909649,,0,1,1600000,"Rama 2 Rama 2, Kathu, Kathu, Phuket",98.34737,Freehold,Kathu,47059.0,1569.0
30.0,50000,1,Condo,Fully Furnished,Phuket,2012.0,7.909649,,0,1,1500000,"Rama 2 Rama 2, Kathu, Kathu, Phuket",98.34737,Freehold,Kathu,44118.0,1471.0
30.0,55000,1,Condo,Fully Furnished,Phuket,2014.0,7.907531,,0,1,1650000,"- Vichitsongkram Road, Kathu, Kathu, Phuket",98.35512,Freehold,Kathu,48529.0,1618.0
30.0,56666,1,Condo,Fully Furnished,Phuket,2013.0,7.905038,,0,1,1700000,". ถนนวิชิตสงคราม ตำบลกะทู้ อำเภอกะทู้ ภูเก็ต, Kammala, Kathu, Phuket",98.334944,Freehold,Kammala,50000.0,1667.0
1300.0,35000,4,Detached House,Fully Furnished,Phuket,,8.0118764,1000.0,0,4,35000000,"Choeng Thale, Thalang, Phuket",98.3033694,,Choeng Thale,1029412.0,1029.0
120.0,29166,3,Townhouse,Fully Furnished,Phuket,,7.8473284,124.0,0,3,3500000,"Wichit, Muang Phuket, Phuket",98.3823088,,Wichit,102941.0,858.0
33.0,200000,1,Condo,Fully Furnished,Phuket,2019.0,7.83473,,0,1,6600000,"Soi Patak 14, Karon, Muang Phuket, Phuket",98.301049,Freehold,Karon,194118.0,5882.0
120.0,24166,2,Townhouse,Fully Furnished,Phuket,,7.8575525981188,128.0,0,3,2900000,"Chalong, Muang Phuket, Phuket",98.343048524854,,Chalong,85294.0,711.0
120.0,25000,3,Detached House,Fully Furnished,Phuket,,7.8402922,276.0,0,3,6900000,"Chalong, Muang Phuket, Phuket",98.3449368,,Chalong,202941.0,735.0
100.0,24375,2,Detached House,Fully Furnished,Phuket,,7.8320443676955,160.0,0,2,3900000,"Chalong, Muang Phuket, Phuket",98.336611223218,,Chalong,114706.0,717.0
100.0,29166,2,Detached House,Partially Furnished,Phuket,,7.8402922,120.0,0,3,3500000,"Chalong, Muang Phuket, Phuket",98.3449368,,Chalong,102941.0,858.0
100.0,33823,2,Detached House,Fully Furnished,Phuket,,7.9056936,68.0,0,2,2300000,"Ratsada, Muang Phuket, Phuket",98.3677009,,Ratsada,67647.0,995.0
120.0,25694,2,Detached House,Fully Furnished,Phuket,,7.9221861678204,144.0,0,2,3700000,"Ratsada, Muang Phuket, Phuket",98.372936571997,,Ratsada,108824.0,756.0
142.0,118609,1,Condo,Fully Furnished,Phuket,,7.8893498076252,,0,1,16842600,"Patong, Kathu, Phuket",98.307340071997,,Patong,495371.0,3488.0
350.0,68750,5,Detached House,Fully Furnished,Phuket,,7.8936007007962,320.0,0,4,22000000,"Patong, Kathu, Phuket",98.305108474097,,Patong,647059.0,2022.0
120.0,15384,2,Detached House,Fully Furnished,Phuket,,8.0372454381476,260.0,0,3,4000000,"Pa Khlok, Thalang, Phuket",98.401964135937,,Pa Khlok,117647.0,452.0
140.0,25416,3,Detached House,Fully Furnished,Phuket,,8.0375004008886,240.0,0,3,6100000,"Pa Khlok, Thalang, Phuket",98.403165765576,,Pa Khlok,179412.0,748.0
120.0,12152,2,Detached House,Fully Furnished,Phuket,,7.9950760489819,288.0,0,3,3500000,"Sri Sunthon, Thalang, Phuket",98.347882130566,,Sri Sunthon,102941.0,357.0
40.0,172500,1,Condo,Fully Furnished,Phuket,2019.0,7.777845,,0,1,6900000,"Soi Suan Wat, Vises Road, Rawai, Muang Phuket, Phuket",98.314841,Freehold,Rawai,202941.0,5074.0
256.0,70312,4,Condo,Fully Furnished,Phuket,2012.0,7.833275,,0,4,18000000,"264 Patak Road, Karon, Muang Phuket, Phuket",98.299533,Freehold,Karon,529412.0,2068.0
100.0,24900,2,Townhouse,Unfurnished,Phuket,,7.9795214084334,128.0,0,3,2490000,"Sri Sunthon, Thalang, Phuket",98.330715992871,,Sri Sunthon,73235.0,732.0
110.0,27416,2,Detached House,Fully Furnished,Phuket,,8.0000470656073,120.0,0,3,3290000,"Thep Krasattri, Thalang, Phuket",98.344832669653,,Thep Krasattri,96765.0,806.0
110.0,35454,2,Townhouse,Fully Furnished,Phuket,,7.9110724511725,116.0,0,3,3900000,"Kathu, Kathu, Phuket",98.33498663186,,Kathu,114706.0,1043.0
30.0,53333,1,Condo,Fully Furnished,Phuket,,7.8995104085644,,0,1,1600000,"Kathu, Kathu, Phuket",98.353783552637,,Kathu,47059.0,1569.0
30.0,53333,1,Condo,Fully Furnished,Phuket,2013.0,7.905038,,0,1,1600000,". ถนนวิชิตสงคราม ตำบลกะทู้ อำเภอกะทู้ ภูเก็ต, Kammala, Kathu, Phuket",98.334944,Freehold,Kammala,47059.0,1569.0
100.0,30172,2,Detached House,Fully Furnished,Phuket,,7.9140479244085,116.0,0,3,3500000,"Kathu, Kathu, Phuket",98.334128324976,,Kathu,102941.0,887.0
100.0,16666,2,Detached House,Fully Furnished,Phuket,,7.9809664,144.0,0,3,2400000,"Sri Sunthon, Thalang, Phuket",98.3640183,,Sri Sunthon,70588.0,490.0
202.00000000000003,50470,3,Detached House,Fully Furnished,Phuket,,8.0118764,280.0,0,3,14131600,"Choeng Thale, Thalang, Phuket",98.3033694,,Choeng Thale,415635.0,1484.0
1220.0,48076,6,Detached House,Fully Furnished,Phuket,,7.9157481851855,520.0,0,4,25000000,"Kathu, Kathu, Phuket",98.331210081567,,Kathu,735294.0,1414.0
400.0,87500,3,Detached House,Fully Furnished,Phuket,,7.9032075582472,400.0,0,4,35000000,"Patong, Kathu, Phuket",98.317124770483,,Patong,1029412.0,2574.0
30.0,48333,1,Condo,Fully Furnished,Phuket,2012.0,7.911042,,0,1,1450000,"Phra Phuket Kaew Rd., Kathu, Kathu, Phuket",98.33632,Freehold,Kathu,42647.0,1422.0
30.0,53333,1,Condo,Fully Furnished,Phuket,2012.0,7.909649,,0,1,1600000,"Rama 2 Rama 2, Kathu, Kathu, Phuket",98.34737,Freehold,Kathu,47059.0,1569.0
100.0,24000,2,Townhouse,Unfurnished,Phuket,,7.9089471,100.0,0,2,2400000,"Kathu, Kathu, Phuket",98.3197946,,Kathu,70588.0,706.0
120.0,30000,2,Detached House,Fully Furnished,Phuket,,7.9089471,160.0,0,3,4800000,"Kathu, Kathu, Phuket",98.3197946,,Kathu,141176.0,882.0
680.0,22058,9,Apartment,Fully Furnished,Phuket,,7.9497593,680.0,0,8,15000000,"กมลา, Kammala, Kathu, Phuket",98.2846511,Freehold,Kammala,441176.0,649.0
400.0,62500,5,Detached House,Partially Furnished,Phuket,,7.891744144737,400.0,0,4,25000000,"ราษฎร์อุทิศ 200 ปี, Patong, Kathu, Phuket",98.297183555459,Freehold,Patong,735294.0,1838.0
200.0,30092,2,Detached House,Fully Furnished,Phuket,,7.7709063,216.0,0,2,6500000,"ถนน ใสยวน, Rawai, Muang Phuket, Phuket",98.3184657,,Rawai,191176.0,885.0
370.0,59451,4,Detached House,Fully Furnished,Phuket,,7.877152912481,656.0,0,3,39000000,"Ratsada, Muang Phuket, Phuket",98.373871994629,,Ratsada,1147059.0,1749.0
100.0,14166,2,Detached House,,Phuket,,8.0430514,240.0,0,3,3400000,"Thep Krasattri, Thalang, Phuket",98.3355714,Freehold,Thep Krasattri,100000.0,417.0
64.0,123437,1,Condo,Fully Furnished,Phuket,,7.9969,,0,2,7900000,"Soi Choeng Thale 16, Choeng Thale, Thalang, Phuket",98.299663,Freehold,Choeng Thale,232353.0,3630.0
65.0,69230,1,Condo,Fully Furnished,Phuket,2012.0,7.833275,,0,1,4500000,"264 Patak Road, Karon, Muang Phuket, Phuket",98.299533,Freehold,Karon,132353.0,2036.0
144.0,118055,2,Condo,Fully Furnished,Phuket,2014.0,7.824568,,0,2,17000000,"29/17-18 หมู่ 5, Karon, Muang Phuket, Phuket",98.303996,,Karon,500000.0,3472.0
124.0,44354,2,Apartment,Fully Furnished,Phuket,2006.0,7.983917,,0,2,5500000,"Bandon-Cherngtalay Road, Choeng Thale, Thalang, Phuket",98.28397,Freehold,Choeng Thale,161765.0,1305.0
124.0,42741,2,Apartment,Fully Furnished,Phuket,2006.0,7.983917,,0,2,5300000,"Bandon-Cherngtalay Road, Choeng Thale, Thalang, Phuket",98.28397,Freehold,Choeng Thale,155882.0,1257.0
170.0,19457,2,Detached House,,Phuket,,7.8473284,169.6,0,3,3300000,"เจ้าฟ้าตะวันตก, Wichit, Muang Phuket, Phuket",98.3823088,Freehold,Wichit,97059.0,572.0
36.0,43055,1,Condo,Fully Furnished,Phuket,,7.8985375,,0,1,1550000,"Kathu, Kathu, Phuket",98.3490156,,Kathu,45588.0,1266.0
80.0,33737,1,Townhouse,Partially Furnished,Phuket,,7.8559034390045,80.0,0,2,2699000,"Wichit, Muang Phuket, Phuket",98.374597375997,Freehold,Wichit,79382.0,992.0
100.0,23500,1,Townhouse,Partially Furnished,Phuket,,7.8633237810282,80.0,0,2,2350000,"Wichit, Muang Phuket, Phuket",98.378017265576,Freehold,Wichit,69118.0,691.0
30.3,130000,1,Condo,,Phuket,2022.0,8.028937170548243,,0,,3939000,"147 Moo 6, Choeng Thale, Thalang, Phuket",98.295040268494,Freehold,Choeng Thale,115853.0,3824.0
55.0,54545,1,Apartment,Fully Furnished,Phuket,,7.8798125,,0,1,3000000,"Patong, Kathu, Phuket",98.2921875,,Patong,88235.0,1604.0
57.0,78947,1,Condo,Fully Furnished,Phuket,,7.781394,,0,2,4500000,"Rawai, Muang Phuket, Phuket",98.31186,Freehold,Rawai,132353.0,2322.0
310.0,38723,3,Detached House,,Phuket,,7.9927105845272,645.6,0,3,25000000,"Choeng Thale, Thalang, Phuket",98.295769148993,,Choeng Thale,735294.0,1139.0
45.0,71111,2,Condo,,Phuket,2012.0,7.906472,,0,2,3200000,"นาใน Bypass, Kammala, Kathu, Phuket",98.350007,Freehold,Kammala,94118.0,2092.0
65.0,30615,1,Apartment,Fully Furnished,Phuket,,7.7926875,,0,1,1990000,"Rawai, Muang Phuket, Phuket",98.3223125,,Rawai,58529.0,900.0
60.0,108333,2,Condo,Fully Furnished,Phuket,2014.0,7.909715,,0,2,6500000,"155 Chalerm Phrakiat Rama 9 Road, Ratsada, Muang Phuket, Phuket",98.3689,Freehold,Ratsada,191176.0,3186.0
30.0,50000,1,Condo,Fully Furnished,Phuket,2013.0,7.905038,,0,,1500000,". ถนนวิชิตสงคราม ตำบลกะทู้ อำเภอกะทู้ ภูเก็ต, Kammala, Kathu, Phuket",98.334944,Freehold,Kammala,44118.0,1471.0
452.0,49603,3,Detached House,,Phuket,,8.0118764,756.0,0,3,37500000,"1 -เชิงทะเล, Choeng Thale, Thalang, Phuket",98.3033694,Freehold,Choeng Thale,1102941.0,1459.0
302.0,39735,2,Condo,,Phuket,,7.8890489,,0,2,12000000,"Talat Yai, Muang Phuket, Phuket",98.398062,,Talat Yai,352941.0,1169.0
199.0,237237,3,Detached House,,Phuket,,8.022706,139.5,0,2,33094600,"Choeng Thale, Thalang, Phuket",98.29894,,Choeng Thale,973371.0,6978.0
100.0,54000,,Condo,Fully Furnished,Phuket,2021.0,7.879898,,0,2,5400000,"Soi Verakij, Patong, Kathu, Phuket",98.297687,Freehold,Patong,158824.0,1588.0
130.0,55625,3,Detached House,Fully Furnished,Phuket,2014.0,7.907531,160.0,0,3,8900000,"- Vichitsongkram Road, Kathu, Kathu, Phuket",98.35512,Freehold,Kathu,261765.0,1636.0
35.0,141168,1,Condo,,Phuket,,7.853215,,0,1,4940880,"Karon, Muang Phuket, Phuket",98.295667,,Karon,145320.0,4152.0
529.0,59219,4,Detached House,,Phuket,,8.022706,901.0,0,4,53356600,"Choeng Thale, Thalang, Phuket",98.29894,,Choeng Thale,1569312.0,1742.0
75.0,129033,2,Condo,,Phuket,,7.988492,,0,2,9677500,"Choeng Thale, Thalang, Phuket",98.294473,,Choeng Thale,284632.0,3795.0
49.99999999999999,30000,1,Condo,Fully Furnished,Phuket,2021.0,7.879898,,0,1,1500000,"Soi Verakij, Patong, Kathu, Phuket",98.297687,Freehold,Patong,44118.0,882.0
212.00000000000003,41666,4,Detached House,Fully Furnished,Phuket,2014.0,7.907531,624.0,0,4,26000000,"- Vichitsongkram Road, Kathu, Kathu, Phuket",98.35512,Freehold,Kathu,764706.0,1225.0
250.0,133500,3,Condo,,Phuket,,7.988492,,0,4,33375000,"Choeng Thale, Thalang, Phuket",98.294473,,Choeng Thale,981618.0,3926.0
30.0,121013,1,Condo,,Phuket,,7.835138,,0,1,3630390,"Karon, Muang Phuket, Phuket",98.301473,,Karon,106776.0,3559.0
42.0,106609,1,Condo,,Phuket,,7.835147,,0,1,4477604,"Karon, Muang Phuket, Phuket",98.301493,,Karon,131694.0,3136.0
300.0,24000,3,Detached House,Fully Furnished,Phuket,,7.817064,300.0,0,3,7200000,"Karon, Muang Phuket, Phuket",98.302491,,Karon,211765.0,706.0
237.0,50210,2,Detached House,Fully Furnished,Phuket,,7.996696,237.0,0,2,11900000,"Sri Sunthon, Thalang, Phuket",98.328393,,Sri Sunthon,350000.0,1477.0
90.0,173333,1,Condo,Fully Furnished,Phuket,2014.0,7.907531,,0,1,15600000,"- Vichitsongkram Road, Kathu, Kathu, Phuket",98.35512,Freehold,Kathu,458824.0,5098.0
31.0,121165,1,Condo,,Phuket,,7.835138,,0,1,3756120,"Karon, Muang Phuket, Phuket",98.301473,,Karon,110474.0,3564.0
30.0,110600,1,Condo,,Phuket,,7.835138,,0,1,3318000,"Karon, Muang Phuket, Phuket",98.301473,,Karon,97588.0,3253.0
206.0,145000,2,Condo,,Phuket,,7.988492,,0,3,29870000,"Choeng Thale, Thalang, Phuket",98.294473,,Choeng Thale,878529.0,4265.0
705.0,33900,6,Detached House,Fully Furnished,Phuket,,8.006511,705.0,0,5,23900000,"Choeng Thale, Thalang, Phuket",98.298784,,Choeng Thale,702941.0,997.0
31.0,124250,1,Condo,,Phuket,,7.835138,,0,1,3851760,"Karon, Muang Phuket, Phuket",98.301473,,Karon,113287.0,3654.0
33.0,264378,1,Condo,,Phuket,,7.988492,,0,1,8724500,"Choeng Thale, Thalang, Phuket",98.294473,,Choeng Thale,256603.0,7776.0
,25698,3,Detached House,,Phuket,,7.9107391,272.0,0,4,6990000,"Kathu, Kathu, Phuket",98.3337983,,Kathu,205588.0,756.0
31.0,122605,1,Condo,,Phuket,,7.835138,,0,1,3800760,"Karon, Muang Phuket, Phuket",98.301473,,Karon,111787.0,3606.0
248.0,216705,3,Detached House,,Phuket,,8.022706,187.0,0,2,40524000,"Choeng Thale, Thalang, Phuket",98.29894,,Choeng Thale,1191882.0,6374.0
68.0,104677,2,Condo,,Phuket,,7.835147,,0,2,7118038,"Karon, Muang Phuket, Phuket",98.301493,,Karon,209354.0,3079.0
68.0,105412,2,Condo,,Phuket,,7.835147,,0,2,7168038,"Karon, Muang Phuket, Phuket",98.301493,,Karon,210825.0,3100.0
98.0,131632,3,Condo,,Phuket,,7.988492,,0,3,12900000,"Choeng Thale, Thalang, Phuket",98.294473,,Choeng Thale,379412.0,3872.0
730.0,70105,5,Detached House,Fully Furnished,Phuket,2014.0,7.907531,756.0,0,5,53000000,"- Vichitsongkram Road, Kathu, Kathu, Phuket",98.35512,Freehold,Kathu,1558824.0,2062.0
115.0,27826,2,Townhouse,Fully Furnished,Phuket,,7.956094,115.0,0,3,3200000,"Ko Kaeo, Muang Phuket, Phuket",98.372565,,Ko Kaeo,94118.0,818.0
,44620,4,Detached House,,Phuket,,7.9107391,784.4,0,3,35000000,"Kathu, Kathu, Phuket",98.3337983,,Kathu,1029412.0,1312.0
220.0,35909,3,Detached House,Fully Furnished,Phuket,,7.950352,220.0,0,3,7900000,"Kammala, Kathu, Phuket",98.286953,,Kammala,232353.0,1056.0
,53846,10,Detached House,,Phuket,,7.8965763,1300.0,0,11,70000000,"Patong, Kathu, Phuket",98.3021044,,Patong,2058824.0,1584.0
212.00000000000003,22685,2,Detached House,,Phuket,,7.9107391,216.0,0,3,4900000,"Kathu, Kathu, Phuket",98.3337983,,Kathu,144118.0,667.0
31.0,111125,1,Condo,,Phuket,,7.835138,,0,1,3444900,"Karon, Muang Phuket, Phuket",98.301473,,Karon,101321.0,3268.0
35.0,134285,1,Condo,,Phuket,,7.853215,,0,1,4700000,"Karon, Muang Phuket, Phuket",98.295667,,Karon,138235.0,3950.0
57.0,42105,1,Condo,Fully Furnished,Phuket,2021.0,7.879898,,0,1,2400000,"Soi Verakij, Patong, Kathu, Phuket",98.297687,Freehold,Patong,70588.0,1238.0
,34375,2,Detached House,,Phuket,,7.9107391,160.0,0,3,5500000,"Kathu, Kathu, Phuket",98.3337983,,Kathu,161765.0,1011.0
200.0,21276,3,Detached House,Fully Furnished,Phuket,2021.0,7.769664,470.0,0,3,10000000,"Thai Highway-4030 Road, Rawai, Muang Phuket, Phuket",98.308717,Freehold,Rawai,294118.0,626.0
200.0,43699,4,Detached House,Fully Furnished,Phuket,2015.0,7.779959,492.0,0,4,21500000,"ซอยสวนวัด ตำบลราไวย์ อำเภอเมือง ภูเก็ต, Rawai, Muang Phuket, Phuket",98.314715,Freehold,Rawai,632353.0,1285.0
290.0,59159,4,Detached House,,Phuket,,8.022706,685.0,0,3,40524000,"Choeng Thale, Thalang, Phuket",98.29894,,Choeng Thale,1191882.0,1740.0
60.0,118833,1,Condo,,Phuket,,7.853215,,0,2,7130000,"Karon, Muang Phuket, Phuket",98.295667,,Karon,209706.0,3495.0
,19936,2,Detached House,,Phuket,,7.9809664,94.8,0,2,1890000,"Sri Sunthon, Thalang, Phuket",98.3640183,,Sri Sunthon,55588.0,586.0
33.0,137196,1,Condo,,Phuket,,7.988492,,0,1,4527500,"Choeng Thale, Thalang, Phuket",98.294473,,Choeng Thale,133162.0,4035.0
516.0,51525,4,Detached House,,Phuket,,8.022706,970.0,0,4,49979600,"Choeng Thale, Thalang, Phuket",98.29894,,Choeng Thale,1469988.0,1515.0
92.0,70652,1,Condo,,Phuket,,7.825358,,0,1,6500000,"Chalong, Muang Phuket, Phuket",98.330727,,Chalong,191176.0,2078.0
35.0,140282,1,Condo,,Phuket,,7.853215,,0,1,4909880,"Karon, Muang Phuket, Phuket",98.295667,,Karon,144408.0,4126.0
444.00000000000006,33457,4,Detached House,,Phuket,,7.8120911,538.0,0,4,18000000,"Karon, Muang Phuket, Phuket",98.3002467,,Karon,529412.0,984.0
92.0,195652,2,Condo,,Phuket,2014.0,7.886749,,0,2,18000000,"ถนน ยังไม่ระบุ, Patong, Kathu, Phuket",98.285527,,Patong,529412.0,5754.0
92.0,195652,2,Condo,,Phuket,2014.0,7.886749,,0,2,18000000,"ถนน ยังไม่ระบุ, Patong, Kathu, Phuket",98.285527,,Patong,529412.0,5754.0
68.17,76279,2,Condo,Fully Furnished,Phuket,2015.0,8.154175769124732,,0,2,5200000,"8 Moo 3, Mai Khao, Thalang, Phuket",98.2978065925904,Freehold,Mai Khao,152941.0,2244.0
213.52,17750,,Townhouse,,Phuket,,7.9056936,,0,4,3790000,"Ratsada, Muang Phuket, Phuket",98.3677009,,Ratsada,111471.0,522.0
36.6,81693,1,Condo,,Phuket,,7.8999375,,0,1,2990000,"Kathu, Kathu, Phuket",98.3555625,Freehold,Kathu,87941.0,2403.0
95.95999999999998,92538,2,Condo,Fully Furnished,Phuket,2015.0,8.154175769124732,,0,2,8880000,"8 Moo 3, Mai Khao, Thalang, Phuket",98.2978065925904,Freehold,Mai Khao,261176.0,2722.0
87.15,91681,2,Condo,Fully Furnished,Phuket,2015.0,8.154175769124732,,0,2,7990000,"8 Moo 3, Mai Khao, Thalang, Phuket",98.2978065925904,Freehold,Mai Khao,235000.0,2696.0
30.65,63621,1,Condo,,Phuket,2014.0,7.9047781,,0,1,1950000,"Wichit Songkhram Wichit Songkhram, Kathu, Kathu, Phuket",98.3512841,Freehold,Kathu,57353.0,1871.0
40.0,162500,1,Condo,,Phuket,,7.7718869,,0,1,6500000,"Rawai, Muang Phuket, Phuket",98.3217411,,Rawai,191176.0,4779.0
151.0,127152,2,Condo,,Phuket,,7.884773,,0,2,19200000,"Patong, Kathu, Phuket",98.281776,,Patong,564706.0,3740.0
227.0,140528,3,Condo,,Phuket,,7.884773,,0,3,31900000,"Patong, Kathu, Phuket",98.281776,,Patong,938235.0,4133.0
273.0,155677,3,Condo,,Phuket,,7.884773,,0,2,42500000,"Patong, Kathu, Phuket",98.281776,,Patong,1250000.0,4579.0
240.0,150333,3,Condo,,Phuket,,7.884773,,0,3,36080000,"Patong, Kathu, Phuket",98.281776,,Patong,1061176.0,4422.0
130.0,142307,2,Condo,,Phuket,,7.884773,,0,2,18500000,"Patong, Kathu, Phuket",98.281776,,Patong,544118.0,4186.0
453.0,132229,5,Condo,,Phuket,,7.884773,,0,5,59900000,"Patong, Kathu, Phuket",98.281776,,Patong,1761765.0,3889.0
178.0,121797,3,Condo,,Phuket,,7.884773,,0,2,21680000,"Patong, Kathu, Phuket",98.281776,,Patong,637647.0,3582.0
184.0,123858,3,Condo,,Phuket,,7.884773,,0,3,22790000,"Patong, Kathu, Phuket",98.281776,,Patong,670294.0,3643.0
34.0,132352,1,Condo,,Phuket,,7.883729,,0,,4500000,"Patong, Kathu, Phuket",98.274069,,Patong,132353.0,3893.0
260.0,34088,4,Detached House,,Phuket,,7.836593,322.4,0,5,10990000,"Chalong, Muang Phuket, Phuket",98.340644,,Chalong,323235.0,1003.0
260.0,53269,4,Townhouse,,Phuket,,7.826573,136.0,0,3,13850000,"Chalong, Muang Phuket, Phuket",98.336336,,Chalong,407353.0,1567.0
262.0,56221,4,Townhouse,,Phuket,,7.826573,184.0,0,3,14730000,"Chalong, Muang Phuket, Phuket",98.336336,,Chalong,433235.0,1654.0
261.0,53256,4,Townhouse,,Phuket,,7.826573,135.6,0,3,13900000,"Chalong, Muang Phuket, Phuket",98.336336,,Chalong,408824.0,1566.0
259.0,53281,4,Townhouse,,Phuket,,7.826573,134.0,0,3,13800000,"Chalong, Muang Phuket, Phuket",98.336336,,Chalong,405882.0,1567.0
287.0,55383,4,Townhouse,,Phuket,,7.826573,185.6,0,3,15895000,"Chalong, Muang Phuket, Phuket",98.336336,,Chalong,467500.0,1629.0
286.0,55174,4,Townhouse,,Phuket,,7.826573,182.4,0,3,15780000,"Chalong, Muang Phuket, Phuket",98.336336,,Chalong,464118.0,1623.0
287.0,44312,4,Detached House,,Phuket,,7.997535,268.55,0,3,11900000,"Sri Sunthon, Thalang, Phuket",98.325314,,Sri Sunthon,350000.0,1303.0
730.0,87394,,Detached House,,Phuket,,7.786932,377.6,0,,33000000,"Rawai, Muang Phuket, Phuket",98.316903,,Rawai,970588.0,2570.0
565.0,241666,8,Detached House,,Phuket,,7.810805,600.0,0,8,145000000,"Karon, Muang Phuket, Phuket",98.296183,,Karon,4264706.0,7108.0
1200.0,30555,12,Detached House,,Phuket,,8.001881,1800.0,0,10,55000000,"Sri Sunthon, Thalang, Phuket",98.319097,,Sri Sunthon,1617647.0,899.0
91.0,130142,2,Condo,,Phuket,,8.028948,,0,2,11843000,"Choeng Thale, Thalang, Phuket",98.295051,,Choeng Thale,348324.0,3828.0
72.0,140427,1,Condo,,Phuket,,8.028948,,0,1,10110800,"Choeng Thale, Thalang, Phuket",98.295051,,Choeng Thale,297376.0,4130.0
120.0,146087,3,Condo,,Phuket,,8.028948,,0,3,17530500,"Choeng Thale, Thalang, Phuket",98.295051,,Choeng Thale,515603.0,4297.0
48.00000000000001,140687,1,Condo,,Phuket,,8.028948,,0,,6753000,"Choeng Thale, Thalang, Phuket",98.295051,,Choeng Thale,198618.0,4138.0
45.0,131155,1,Condo,,Phuket,,8.028948,,0,1,5902000,"Choeng Thale, Thalang, Phuket",98.295051,,Choeng Thale,173588.0,3858.0
30.0,136350,1,Condo,,Phuket,,8.028948,,0,,4090500,"Choeng Thale, Thalang, Phuket",98.295051,,Choeng Thale,120309.0,4010.0
45.0,151333,1,Condo,,Phuket,,8.028948,,0,1,6810000,"Choeng Thale, Thalang, Phuket",98.295051,,Choeng Thale,200294.0,4451.0
48.00000000000001,140700,1,Condo,,Phuket,,8.028948,,0,,6753600,"Choeng Thale, Thalang, Phuket",98.295051,,Choeng Thale,198635.0,4138.0
531.0,18571,9,Detached House,,Phuket,,7.785483,1400.0,0,9,26000000,"Rawai, Muang Phuket, Phuket",98.308609,,Rawai,764706.0,546.0
338.0,60195,4,Detached House,,Phuket,,8.005498,264.2,0,3,15903775,"Sri Sunthon, Thalang, Phuket",98.320612,,Sri Sunthon,467758.0,1770.0
338.0,60021,4,Detached House,,Phuket,,8.005498,264.4,0,3,15869775,"Sri Sunthon, Thalang, Phuket",98.320612,,Sri Sunthon,466758.0,1765.0
338.0,61723,4,Detached House,,Phuket,,8.005498,335.2,0,3,20689625,"Sri Sunthon, Thalang, Phuket",98.320612,,Sri Sunthon,608518.0,1815.0
338.0,60065,4,Detached House,,Phuket,,8.005498,265.2,0,3,15929275,"Sri Sunthon, Thalang, Phuket",98.320612,,Sri Sunthon,468508.0,1767.0
338.0,59819,4,Detached House,,Phuket,,8.005498,267.0,0,3,15971775,"Sri Sunthon, Thalang, Phuket",98.320612,,Sri Sunthon,469758.0,1759.0
73.0,40958,1,Condo,Fully Furnished,Phuket,2013.0,7.913105,,0,1,2990000,". ถนนวิชิตสงคราม ตำบลกะทู้ อำเภอกะทู้ ภูเก็ต, Kathu, Kathu, Phuket",98.331444,Freehold,Kathu,87941.0,1205.0
160.0,54090,2,Detached House,,Phuket,,7.785928,220.0,0,2,11900000,"Rawai, Muang Phuket, Phuket",98.307523,Freehold,Rawai,350000.0,1591.0
210.0,36527,3,Detached House,,Phuket,,7.772681,516.0,0,3,18848000,"Rawai, Muang Phuket, Phuket",98.31956,Leasehold,Rawai,554353.0,1074.0
210.0,24418,2,Detached House,,Phuket,,7.772676,516.0,0,2,12600000,"Rawai, Muang Phuket, Phuket",98.319539,Leasehold,Rawai,370588.0,718.0
335.0,61611,3,Condo,,Phuket,,7.979684,,0,3,20640000,"Choeng Thale, Thalang, Phuket",98.286004,Leasehold,Choeng Thale,607059.0,1812.0
163.0,74079,2,Condo,,Phuket,,7.978076,,0,2,12075000,"Choeng Thale, Thalang, Phuket",98.280322,Leasehold,Choeng Thale,355147.0,2179.0
240.0,22891,3,Detached House,,Phuket,,7.974126,581.0,0,3,13300000,"Choeng Thale, Thalang, Phuket",98.284172,Freehold,Choeng Thale,391176.0,673.0
497.00000000000006,21929,3,Detached House,,Phuket,,8.021271,547.2,0,3,12000000,"Thep Krasattri, Thalang, Phuket",98.314544,,Thep Krasattri,352941.0,645.0
101.0,57425,1,Condo,,Phuket,,7.869779,,0,1,5800000,"Karon, Muang Phuket, Phuket",98.285286,,Karon,170588.0,1689.0
842.0,22075,5,Detached House,,Phuket,,7.979125,1449.6,0,5,32000000,"Choeng Thale, Thalang, Phuket",98.282602,,Choeng Thale,941176.0,649.0
735.0,183673,4,Condo,,Phuket,,8.054775,,0,4,135000000,"Sa Khu, Thalang, Phuket",98.278725,,Sa Khu,3970588.0,5402.0
600.0,91666,4,Condo,,Phuket,,8.054775,,0,4,55000000,"Sa Khu, Thalang, Phuket",98.278725,,Sa Khu,1617647.0,2696.0
592.0,212809,4,Detached House,,Phuket,,7.972245,484.0,0,4,103000000,"Choeng Thale, Thalang, Phuket",98.279734,Freehold,Choeng Thale,3029412.0,6259.0
1006.0,43617,4,Detached House,,Phuket,,8.093263,2178.0,0,4,95000000,"Sa Khu, Thalang, Phuket",98.305148,Freehold,Sa Khu,2794118.0,1283.0
248.0,37664,3,Detached House,,Phuket,,8.021271,424.8,0,3,16000000,"Thep Krasattri, Thalang, Phuket",98.314544,,Thep Krasattri,470588.0,1108.0
340.0,42678,5,Detached House,,Phuket,,7.801307,560.0,0,4,23900000,"Rawai, Muang Phuket, Phuket",98.320068,,Rawai,702941.0,1255.0
635.0,51843,5,Detached House,,Phuket,,7.987597,960.0,0,4,49770000,"Choeng Thale, Thalang, Phuket",98.298909,,Choeng Thale,1463824.0,1525.0
602.0,52153,5,Detached House,,Phuket,,7.987597,955.0,0,4,49806750,"Choeng Thale, Thalang, Phuket",98.298909,,Choeng Thale,1464904.0,1534.0
193.0,88571,3,Detached House,,Phuket,,8.000431,140.0,0,3,12400000,"Choeng Thale, Thalang, Phuket",98.300183,Freehold,Choeng Thale,364706.0,2605.0
300.0,52881,5,Detached House,,Phuket,,7.98983,989.0,0,5,52300000,"Pa Khlok, Thalang, Phuket",98.418007,Freehold,Pa Khlok,1538235.0,1555.0
500.0,35398,3,Detached House,,Phuket,,8.01343,904.0,0,4,32000000,"Choeng Thale, Thalang, Phuket",98.302297,Freehold,Choeng Thale,941176.0,1041.0
,26292,2,Detached House,,Phuket,,8.01585,1702.0,0,2,44750000,"Choeng Thale, Thalang, Phuket",98.299672,Freehold,Choeng Thale,1316176.0,773.0
332.0,72289,3,Condo,,Phuket,,8.061407,,0,3,24000000,"Sa Khu, Thalang, Phuket",98.277854,Freehold,Sa Khu,705882.0,2126.0
656.0,23106,4,Detached House,,Phuket,,8.020843,1320.0,0,4,30500000,"Choeng Thale, Thalang, Phuket",98.30643,Freehold,Choeng Thale,897059.0,680.0
1350.0,133333,10,Detached House,,Phuket,,7.973866,1200.0,0,9,160000000,"Choeng Thale, Thalang, Phuket",98.29456,Freehold,Choeng Thale,4705882.0,3922.0
1250.0,68832,7,Detached House,,Phuket,,7.915188,1816.0,0,6,125000000,"Patong, Kathu, Phuket",98.297827,Freehold,Patong,3676471.0,2024.0
,30625,6,Detached House,,Phuket,,7.928239,1599.9999999999998,0,5,49000000,"Kammala, Kathu, Phuket",98.276943,Freehold,Kammala,1441176.0,901.0
1800.0,70333,7,Detached House,,Phuket,,7.974616,3000.0,0,6,211000000,"Choeng Thale, Thalang, Phuket",98.282725,Freehold,Choeng Thale,6205882.0,2069.0
1500.0,88652,6,Detached House,,Phuket,,7.946545,1692.0,0,5,150000000,"Kammala, Kathu, Phuket",98.262966,Freehold,Kammala,4411765.0,2607.0
238.0,92436,3,Condo,,Phuket,,8.061407,,0,3,22000000,"Sa Khu, Thalang, Phuket",98.277854,Freehold,Sa Khu,647059.0,2719.0
250.0,28985,3,Detached House,,Phuket,,7.938493,690.0,0,4,20000000,"Kammala, Kathu, Phuket",98.279808,Freehold,Kammala,588235.0,852.0
105.0,65714,2,Condo,,Phuket,,7.981784,,0,2,6900000,"Choeng Thale, Thalang, Phuket",98.280502,Freehold,Choeng Thale,202941.0,1933.0
590.0,38190,4,Detached House,,Phuket,,7.787661,995.0,0,4,38000000,"Rawai, Muang Phuket, Phuket",98.31046,Freehold,Rawai,1117647.0,1123.0
799.9999999999999,31984,6,Detached House,,Phuket,,8.06913,1532.0,0,4,49000000,"Pa Khlok, Thalang, Phuket",98.382268,Freehold,Pa Khlok,1441176.0,941.0
1800.0,173333,10,Detached House,,Phuket,,7.974238,750.0,0,10,130000000,"Choeng Thale, Thalang, Phuket",98.287114,Freehold,Choeng Thale,3823529.0,5098.0
517.0,48562,5,Detached House,,Phuket,,7.987623,793.0,0,4,38510000,"Choeng Thale, Thalang, Phuket",98.298606,Freehold,Choeng Thale,1132647.0,1428.0
265.0,55555,3,Detached House,,Phuket,,7.778515,279.0,0,3,15500000,"Rawai, Muang Phuket, Phuket",98.328466,Freehold,Rawai,455882.0,1634.0
1000.0,41666,9,Detached House,,Phuket,,7.915791,2400.0,0,7,100000000,"Patong, Kathu, Phuket",98.298367,Freehold,Patong,2941176.0,1225.0
850.0,21253,6,Detached House,,Phuket,,8.022218,1835.0,0,6,39000000,"Choeng Thale, Thalang, Phuket",98.300412,Freehold,Choeng Thale,1147059.0,625.0
621.0,35511,4,Detached House,,Phuket,,8.022218,1056.0,0,4,37500000,"Choeng Thale, Thalang, Phuket",98.300396,Freehold,Choeng Thale,1102941.0,1044.0
365.0,37500,3,Detached House,,Phuket,,7.925179,400.0,0,3,15000000,"Ratsada, Muang Phuket, Phuket",98.397782,Freehold,Ratsada,441176.0,1103.0
756.0,34375,6,Detached House,,Phuket,,7.98492,1599.9999999999998,0,5,55000000,"Sri Sunthon, Thalang, Phuket",98.328787,Freehold,Sri Sunthon,1617647.0,1011.0
560.0,67415,4,Detached House,,Phuket,,7.964601,267.0,0,4,18000000,"Ko Kaeo, Muang Phuket, Phuket",98.384264,Freehold,Ko Kaeo,529412.0,1983.0
870.0000000000001,18282,5,Detached House,,Phuket,,7.787141,2516.0,0,3,46000000,"Rawai, Muang Phuket, Phuket",98.311565,Freehold,Rawai,1352941.0,538.0
450.0,50000,5,Detached House,,Phuket,,7.811537,1599.9999999999998,0,4,80000000,"Wichit, Muang Phuket, Phuket",98.388142,Freehold,Wichit,2352941.0,1471.0
500.0,32738,6,Detached House,,Phuket,,7.928388,839.9999999999999,0,5,27500000,"Kammala, Kathu, Phuket",98.275999,Freehold,Kammala,808824.0,963.0
577.0,45179,6,Detached House,,Phuket,,7.987687,910.0,0,4,41113275,"Choeng Thale, Thalang, Phuket",98.298628,Freehold,Choeng Thale,1209214.0,1329.0
401.0,24888,2,Detached House,,Phuket,,7.99247,450.0,0,3,11200000,"Pa Khlok, Thalang, Phuket",98.41454,Freehold,Pa Khlok,329412.0,732.0
115.0,15600,2,Detached House,,Phuket,,8.090096,250.0,0,2,3900000,"Thep Krasattri, Thalang, Phuket",98.354729,,Thep Krasattri,114706.0,459.0
230.0,21739,4,Townhouse,,Phuket,,8.090096,250.0,0,4,5000000,"Thep Krasattri, Thalang, Phuket",98.354729,,Thep Krasattri,147059.0,639.0
490.0,31185,4,Detached House,,Phuket,,7.994181,962.0,0,4,30000000,"Choeng Thale, Thalang, Phuket",98.301898,,Choeng Thale,882353.0,917.0
104.0,39423,4,Townhouse,,Phuket,,7.930096,104.0,0,3,4100000,"Kathu, Kathu, Phuket",98.341701,,Kathu,120588.0,1160.0
160.0,16765,3,Detached House,,Phuket,,7.992612,471.19999999999993,0,3,7900000,"Pa Khlok, Thalang, Phuket",98.408367,,Pa Khlok,232353.0,493.0
155.0,14750,4,Detached House,,Phuket,,7.992612,400.0,0,4,5900000,"Pa Khlok, Thalang, Phuket",98.408367,,Pa Khlok,173529.0,434.0
208.0,23990,3,Townhouse,,Phuket,,8.008627,160.0,0,,4990000,"Sri Sunthon, Thalang, Phuket",98.316065,,Sri Sunthon,146765.0,706.0
45.0,62222,1,Condo,,Phuket,,7.779692,,0,1,2800000,"Rawai, Muang Phuket, Phuket",98.325418,,Rawai,82353.0,1830.0
72.0,19950,2,Detached House,,Phuket,,8.044445,200.0,0,4,3990000,"Thep Krasattri, Thalang, Phuket",98.343222,,Thep Krasattri,117353.0,587.0
1216.0,58864,7,Detached House,,Phuket,,8.044814,2463.27,0,7,145000000,"Choeng Thale, Thalang, Phuket",98.296291,Freehold,Choeng Thale,4264706.0,1731.0
30.0,59666,1,Condo,,Phuket,,7.870084,,0,1,1790000,"Talat Nua, Muang Phuket, Phuket",98.380276,,Talat Nua,52647.0,1755.0
1220.0,52220,8,Detached House,,Phuket,,8.044814,2585.2,0,8,135000000,"Choeng Thale, Thalang, Phuket",98.296291,Freehold,Choeng Thale,3970588.0,1536.0
116.0,38793,2,Condo,,Phuket,,7.792677,,0,2,4500000,"Rawai, Muang Phuket, Phuket",98.322259,,Rawai,132353.0,1141.0
520.0,52530,5,Detached House,,Phuket,,8.041037,712.0,0,4,37401650,"Choeng Thale, Thalang, Phuket",98.29636,,Choeng Thale,1100049.0,1545.0
235.0,29268,4,Detached House,,Phuket,,7.846383,328.0,0,3,9600000,"Chalong, Muang Phuket, Phuket",98.338359,Freehold,Chalong,282353.0,861.0
723.0,116619,6,Detached House,,Phuket,,7.949297,1755.0,0,5,204668000,"Kammala, Kathu, Phuket",98.275121,Freehold,Kammala,6019647.0,3430.0
453.0,195052,5,Detached House,,Phuket,,7.949297,743.0,0,4,144924000,"Kammala, Kathu, Phuket",98.275121,Freehold,Kammala,4262471.0,5737.0
36.0,96250,1,Condo,,Phuket,2014.0,7.889122,,0,1,3465000,"Wichit Songkhram  Wichit Songkhram, Wichit, Muang Phuket, Phuket",98.365071,Freehold,Wichit,101912.0,2831.0
140.0,18571,2,Townhouse,,Phuket,,7.889049,93.2,0,3,2600000,"Talat Yai, Muang Phuket, Phuket",98.398062,,Talat Yai,76471.0,546.0
47.0,121128,1,Condo,,Phuket,,7.820719,,0,2,5693050,"Karon, Muang Phuket, Phuket",98.310552,,Karon,167443.0,3563.0
47.0,124432,1,Condo,,Phuket,,7.820719,,0,2,5848315,"Karon, Muang Phuket, Phuket",98.310552,,Karon,172009.0,3660.0
403.0,55555,3,Detached House,,Phuket,,8.006825,450.0,0,3,25000000,"Sri Sunthon, Thalang, Phuket",98.319996,,Sri Sunthon,735294.0,1634.0
280.0,32947,4,Detached House,,Phuket,,7.889487,604.0,0,4,19900000,"Talat Yai, Muang Phuket, Phuket",98.38533,,Talat Yai,585294.0,969.0
200.0,62500,4,Detached House,,Phuket,,7.807521,400.0,0,3,25000000,"Wichit, Muang Phuket, Phuket",98.409105,,Wichit,735294.0,1838.0
270.0,26334,3,Detached House,,Phuket,,8.011663,307.2,0,3,8090000,"Sri Sunthon, Thalang, Phuket",98.336839,,Sri Sunthon,237941.0,775.0
110.0,29000,2,Townhouse,,Phuket,,8.011663,191.2,0,3,3190000,"Sri Sunthon, Thalang, Phuket",98.336839,,Sri Sunthon,93824.0,853.0
250.0,34088,4,Detached House,,Phuket,,8.011663,322.4,0,5,10990000,"Sri Sunthon, Thalang, Phuket",98.336839,,Sri Sunthon,323235.0,1003.0
49.0,109782,1,Condo,,Phuket,,7.980374,,0,1,5379343,"Choeng Thale, Thalang, Phuket",98.283129,,Choeng Thale,158216.0,3229.0
230.0,25173,2,Townhouse,,Phuket,,8.011663,164.0,0,3,5790000,"Sri Sunthon, Thalang, Phuket",98.336839,,Sri Sunthon,170294.0,740.0
537.0,88935,5,Detached House,,Phuket,,8.027451,479.0,0,4,42600000,"Choeng Thale, Thalang, Phuket",98.299602,,Choeng Thale,1252941.0,2616.0
507.0,59692,4,Detached House,,Phuket,,8.027451,650.0,0,3,38800000,"Choeng Thale, Thalang, Phuket",98.299602,,Choeng Thale,1141176.0,1756.0
584.0,110784,5,Detached House,,Phuket,,8.027451,510.0,0,4,56500000,"Choeng Thale, Thalang, Phuket",98.299602,,Choeng Thale,1661765.0,3258.0
,84444,3,Detached House,,Phuket,,7.931421,450.0,0,3,38000000,"Kammala, Kathu, Phuket",98.277362,,Kammala,1117647.0,2484.0
343.0,89310,3,Detached House,,Phuket,,8.039976,290.0,0,4,25900000,"Choeng Thale, Thalang, Phuket",98.295106,,Choeng Thale,761765.0,2627.0
69.0,85507,1,Condo,,Phuket,,7.774325,,0,1,5900000,"Rawai, Muang Phuket, Phuket",98.318844,,Rawai,173529.0,2515.0
51.0,94117,1,Condo,,Phuket,,7.771369,,0,1,4800000,"Rawai, Muang Phuket, Phuket",98.320198,,Rawai,141176.0,2768.0
78.0,107692,2,Condo,,Phuket,,7.771369,,0,2,8400000,"Rawai, Muang Phuket, Phuket",98.320198,,Rawai,247059.0,3167.0
133.0,31147,3,Detached House,,Phuket,,8.039976,244.00000000000003,0,3,7600000,"Choeng Thale, Thalang, Phuket",98.295106,,Choeng Thale,223529.0,916.0
35.0,97142,1,Condo,,Phuket,,7.774325,,0,,3400000,"Rawai, Muang Phuket, Phuket",98.318844,,Rawai,100000.0,2857.0
78.0,105128,2,Condo,,Phuket,,7.771369,,0,2,8200000,"Rawai, Muang Phuket, Phuket",98.320198,,Rawai,241176.0,3092.0
30.0,91666,1,Condo,,Phuket,,7.771369,,0,,2750000,"Rawai, Muang Phuket, Phuket",98.320198,,Rawai,80882.0,2696.0
49.99999999999999,98000,1,Condo,,Phuket,,7.771369,,0,1,4900000,"Rawai, Muang Phuket, Phuket",98.320198,,Rawai,144118.0,2882.0
550.0,33976,5,Detached House,,Phuket,,7.99782,1089.0,0,5,37000000,"Choeng Thale, Thalang, Phuket",98.314075,,Choeng Thale,1088235.0,999.0
197.0,50930,3,Detached House,,Phuket,,8.039976,430.0,0,4,21900000,"Choeng Thale, Thalang, Phuket",98.295106,,Choeng Thale,644118.0,1498.0
170.0,30232,3,Detached House,,Phuket,,8.0041496616591,430.0,0,3,13000000,"Choeng Thale, Thalang, Phuket",98.30101665761,,Choeng Thale,382353.0,889.0
120.0,27941,2,Detached House,,Phuket,,7.9552854304378,204.0,0,3,5700000,"Ko Kaeo, Muang Phuket, Phuket",98.385682123162,,Ko Kaeo,167647.0,822.0
780.0,45838,6,Detached House,,Phuket,,7.7736607673632,829.0,0,6,38000000,"Rawai, Muang Phuket, Phuket",98.321685183587,,Rawai,1117647.0,1348.0
69.0,105797,2,Condo,,Phuket,,7.7716845641033,,0,2,7300000,"Rawai, Muang Phuket, Phuket",98.31873322843,,Rawai,214706.0,3112.0
85.0,100000,2,Condo,,Phuket,,7.8329977556236,,0,2,8500000,"Karon, Muang Phuket, Phuket",98.300506238152,,Karon,250000.0,2941.0
430.0,31395,3,Detached House,,Phuket,,7.999038234412,430.0,0,3,13500000,"Choeng Thale, Thalang, Phuket",98.311298216315,,Choeng Thale,397059.0,923.0
66.0,89393,2,Condo,,Phuket,,7.8332823493332,,0,2,5900000,"Karon, Muang Phuket, Phuket",98.300256729126,,Karon,173529.0,2629.0
350.0,26666,4,Detached House,,Phuket,,7.8324805427014,600.0,0,3,16000000,"Chalong, Muang Phuket, Phuket",98.342020670028,,Chalong,470588.0,784.0
180.0,14343,2,Detached House,,Phuket,,7.8369854674118,320.0,0,3,4590000,"Chalong, Muang Phuket, Phuket",98.346627406744,,Chalong,135000.0,422.0
220.0,17812,3,Detached House,,Phuket,,7.9893282879109,320.0,0,2,5700000,"Sri Sunthon, Thalang, Phuket",98.328757609368,,Sri Sunthon,167647.0,524.0
250.0,16725,4,Detached House,,Phuket,,7.9561249653733,568.0,0,3,9500000,"Kammala, Kathu, Phuket",98.286124322767,,Kammala,279412.0,492.0
128.0,117187,2,Condo,,Phuket,,7.8975879370198,,0,2,15000000,"Patong, Kathu, Phuket",98.304235090054,,Patong,441176.0,3447.0
400.0,30937,7,Detached House,,Phuket,,8.0013207846105,1599.9999999999998,0,8,49500000,"Choeng Thale, Thalang, Phuket",98.304840566628,,Choeng Thale,1455882.0,910.0
250.0,21683,3,Detached House,,Phuket,,7.7854981234767,392.0,0,3,8500000,"Rawai, Muang Phuket, Phuket",98.311186857943,,Rawai,250000.0,638.0
320.0,40909,4,Detached House,,Phuket,,8.0044980616763,440.0,0,3,18000000,"Choeng Thale, Thalang, Phuket",98.310876755613,,Choeng Thale,529412.0,1203.0
600.0,150000,4,Detached House,,Phuket,,7.9726016435308,400.0,0,3,60000000,"Choeng Thale, Thalang, Phuket",98.279652740566,,Choeng Thale,1764706.0,4412.0
350.0,16875,4,Detached House,,Phuket,,7.7979561812816,799.9999999999999,0,3,13500000,"Rawai, Muang Phuket, Phuket",98.323354749806,,Rawai,397059.0,496.0
46.0,84565,1,Condo,,Phuket,,7.8885824979333,,0,2,3890000,"Wichit, Muang Phuket, Phuket",98.364540152811,,Wichit,114412.0,2487.0
65.0,80000,2,Condo,,Phuket,,7.9800757448559,,0,2,5200000,"Choeng Thale, Thalang, Phuket",98.283232879758,,Choeng Thale,152941.0,2353.0
349.0,41114,5,Detached House,,Phuket,,8.0231403582862,377.0,0,3,15500000,"Choeng Thale, Thalang, Phuket",98.310671397792,,Choeng Thale,455882.0,1209.0
300.0,14684,3,Detached House,,Phuket,,7.7736608695236,950.0,0,3,13950000,"Rawai, Muang Phuket, Phuket",98.320822547273,,Rawai,410294.0,432.0
350.0,35555,4,Detached House,,Phuket,,8.0022741702873,450.0,0,4,16000000,"Choeng Thale, Thalang, Phuket",98.299347395972,,Choeng Thale,470588.0,1046.0
349.0,41114,3,Detached House,,Phuket,,8.034804286419,377.0,0,3,15500000,"Choeng Thale, Thalang, Phuket",98.287723529974,,Choeng Thale,455882.0,1209.0
1599.9999999999998,17588,7,Detached House,,Phuket,,7.9558856817222,1700.0,0,6,29900000,"Ko Kaeo, Muang Phuket, Phuket",98.385334274796,,Ko Kaeo,879412.0,517.0
600.0,35555,2,Detached House,,Phuket,,7.7983639122843,675.0,0,4,24000000,"Rawai, Muang Phuket, Phuket",98.326870388667,,Rawai,705882.0,1046.0
49.99999999999999,96000,1,Condo,,Phuket,,7.9999257794876,,0,1,4800000,"Sri Sunthon, Thalang, Phuket",98.318831346636,,Sri Sunthon,141176.0,2824.0
512.0,58203,5,Condo,,Phuket,,7.9782965033295,,0,5,29800000,"Choeng Thale, Thalang, Phuket",98.280590772629,,Choeng Thale,876471.0,1712.0
200.0,43600,5,Detached House,,Phuket,,7.9665938044201,250.0,0,4,10900000,"Sri Sunthon, Thalang, Phuket",98.361386660098,,Sri Sunthon,320588.0,1282.0
900.0,15950,5,Detached House,,Phuket,,7.7846366472669,1000.0,0,7,15950000,"Rawai, Muang Phuket, Phuket",98.31212440047,,Rawai,469118.0,469.0
430.0,33333,4,Detached House,,Phuket,,7.7912337185065,450.0,0,3,15000000,"Rawai, Muang Phuket, Phuket",98.314665632709,,Rawai,441176.0,980.0
508.00000000000006,22884,4,Detached House,,Phuket,,7.7930689653972,520.0,0,3,11900000,"Rawai, Muang Phuket, Phuket",98.322082411655,,Rawai,350000.0,673.0
850.0,94444,7,Detached House,,Phuket,,7.9306011530285,900.0,0,6,85000000,"Kathu, Kathu, Phuket",98.311448371656,,Kathu,2500000.0,2778.0
250.0,34883,4,Detached House,,Phuket,,7.7767409078671,430.0,0,3,15000000,"Rawai, Muang Phuket, Phuket",98.327170593223,,Rawai,441176.0,1026.0
1200.0,61250,7,Detached House,,Phuket,,7.907455006253,1599.9999999999998,0,6,98000000,"Patong, Kathu, Phuket",98.308383728655,,Patong,2882353.0,1801.0
352.0,115893,3,Detached House,,Phuket,,8.0009070191312,187.0,0,3,21672000,"Choeng Thale, Thalang, Phuket",98.311620458155,,Choeng Thale,637412.0,3409.0
202.00000000000003,47412,3,Detached House,,Phuket,,8.0016681545804,303.0,0,3,14366000,"Choeng Thale, Thalang, Phuket",98.316189696621,,Choeng Thale,422529.0,1394.0
1000.0,61250,7,Detached House,,Phuket,,7.91810322933,1599.9999999999998,0,6,98000000,"Patong, Kathu, Phuket",98.287177967142,,Patong,2882353.0,1801.0
320.0,19181,2,Detached House,,Phuket,,8.0134876751065,464.0,0,3,8900000,"Choeng Thale, Thalang, Phuket",98.300146413992,,Choeng Thale,261765.0,564.0
799.9999999999999,56250,6,Detached House,,Phuket,,7.9182647003155,1599.9999999999998,0,5,90000000,"Patong, Kathu, Phuket",98.28248617526,,Patong,2647059.0,1654.0
67.0,62686,1,Condo,,Phuket,,7.7854442171341,,0,1,4200000,"Rawai, Muang Phuket, Phuket",98.300557551314,,Rawai,123529.0,1844.0
250.0,11250,3,Detached House,,Phuket,,7.7738987517751,1599.9999999999998,0,3,18000000,"Rawai, Muang Phuket, Phuket",98.322482788921,,Rawai,529412.0,331.0
170.0,158823,2,Condo,,Phuket,,7.9743837138354,,0,3,27000000,"Choeng Thale, Thalang, Phuket",98.29282292607,,Choeng Thale,794118.0,4671.0
528.0,49557,5,Detached House,,Phuket,,8.0041931221381,700.0,0,4,34690000,"Sri Sunthon, Thalang, Phuket",98.316987042286,,Sri Sunthon,1020294.0,1458.0
100.0,103125,5,Detached House,,Phuket,,7.7890867102584,160.0,0,5,16500000,"Rawai, Muang Phuket, Phuket",98.327667251507,,Rawai,485294.0,3033.0
660.0,69852,6,Detached House,,Phuket,,7.918102414501,680.0,0,5,47500000,"Patong, Kathu, Phuket",98.288103162575,,Patong,1397059.0,2054.0
200.0,11018,5,Detached House,,Phuket,,7.7732264221248,1080.0,0,4,11900000,"Rawai, Muang Phuket, Phuket",98.321747036098,,Rawai,350000.0,324.0
290.0,25000,3,Detached House,,Phuket,,7.9738761516703,300.0,0,3,7500000,"Sri Sunthon, Thalang, Phuket",98.353882766536,,Sri Sunthon,220588.0,735.0
150.0,11022,2,Detached House,,Phuket,,7.7742315240859,2268.0,0,2,25000000,"Rawai, Muang Phuket, Phuket",98.32230623111,,Rawai,735294.0,324.0
616.0,18068,4,Detached House,,Phuket,,7.7887503000893,1605.0,0,5,29000000,"Rawai, Muang Phuket, Phuket",98.310757320389,,Rawai,852941.0,531.0
750.0,68181,5,Detached House,,Phuket,,7.9710642551148,1452.0,0,4,99000000,"Choeng Thale, Thalang, Phuket",98.28077388777,,Choeng Thale,2911765.0,2005.0
750.0,62500,9,Detached House,,Phuket,,7.9135768525103,2400.0,0,8,150000000,"Patong, Kathu, Phuket",98.296248300898,,Patong,4411765.0,1838.0
370.0,34446,4,Detached House,,Phuket,,7.7851309029854,479.0,0,4,16500000,"Rawai, Muang Phuket, Phuket",98.332645455153,,Rawai,485294.0,1013.0
48.00000000000001,41666,1,Condo,,Phuket,,7.8450325926909,,0,1,2000000,"Karon, Muang Phuket, Phuket",98.297296489132,,Karon,58824.0,1225.0
274.0,22959,4,Detached House,,Phuket,,7.7918027681776,392.0,0,3,9000000,"Rawai, Muang Phuket, Phuket",98.327505281698,,Rawai,264706.0,675.0
150.0,24500,3,Detached House,,Phuket,,7.992382367185,200.0,0,5,4900000,"Pa Khlok, Thalang, Phuket",98.374918145653,,Pa Khlok,144118.0,721.0
402.0,39568,4,Detached House,,Phuket,,8.0173281765879,556.0,0,3,22000000,"Choeng Thale, Thalang, Phuket",98.309617999158,,Choeng Thale,647059.0,1164.0
250.0,39750,5,Detached House,,Phuket,,7.9242962691861,400.0,0,3,15900000,"Kathu, Kathu, Phuket",98.336450516743,,Kathu,467647.0,1169.0
198.0,29752,3,Detached House,,Phuket,,8.0171830297995,484.0,0,3,14400000,"Soi Koktanod, Choeng Thale, Thalang, Phuket",98.30954251065,,Choeng Thale,423529.0,875.0
158.0,27134,3,Detached House,,Phuket,,7.7738015427243,328.0,0,3,8900000,"Rawai, Muang Phuket, Phuket",98.320259184864,,Rawai,261765.0,798.0
272.0,33668,2,Detached House,,Phuket,,7.7855595425915,520.0,0,2,17507450,"Rawai, Muang Phuket, Phuket",98.310890282371,,Rawai,514925.0,990.0
465.0,50537,4,Townhouse,,Phuket,,8.017510316289,854.0,0,3,23500000,"Choeng Thale, Thalang, Phuket",98.298942575297,,Choeng Thale,691176.0,1486.0
133.0,59398,3,Townhouse,,Phuket,,7.9618196782947,230.0,0,3,7900000,"Kammala, Kathu, Phuket",98.286767469471,,Kammala,232353.0,1747.0
45.0,97777,1,Condo,,Phuket,,7.8330226429647,,0,1,4400000,"Karon, Muang Phuket, Phuket",98.299666910778,,Karon,129412.0,2876.0
67.0,126865,2,Condo,,Phuket,,7.9113902630152,,0,2,8500000,"Patong, Kathu, Phuket",98.305213316072,,Patong,250000.0,3731.0
350.0,49250,5,Detached House,,Phuket,,8.0003824686368,400.0,0,3,19700000,"Choeng Thale, Thalang, Phuket",98.303697746328,,Choeng Thale,579412.0,1449.0
404.00000000000006,52260,4,Detached House,,Phuket,,8.0158664249455,522.0,0,3,27280000,"Choeng Thale, Thalang, Phuket",98.29967565461,,Choeng Thale,802353.0,1537.0
66.0,128787,2,Condo,,Phuket,,7.9214179507779,,0,2,8500000,"Patong, Kathu, Phuket",98.289067734952,,Patong,250000.0,3788.0
160.0,17000,3,Detached House,,Phuket,,7.9284589902835,200.0,0,2,3400000,"Kathu, Kathu, Phuket",98.322760013205,,Kathu,100000.0,500.0
53.00000000000001,62264,1,Condo,,Phuket,,7.8173331833048,,0,1,3300000,"Karon, Muang Phuket, Phuket",98.304174797035,,Karon,97059.0,1831.0
160.0,33333,2,Detached House,,Phuket,,7.7848070449341,240.0,0,2,8000000,"Rawai, Muang Phuket, Phuket",98.310912688035,,Rawai,235294.0,980.0
100.0,58088,2,Detached House,,Phuket,,7.7775645872785,136.0,0,3,7900000,"Rawai, Muang Phuket, Phuket",98.324533897305,,Rawai,232353.0,1708.0
35.0,71428,1,Detached House,,Phuket,,7.8505422288387,35.0,0,1,2500000,"Karon, Muang Phuket, Phuket",98.294193071142,,Karon,73529.0,2101.0
320.0,14908,2,Detached House,,Phuket,,7.8392711665257,436.0,0,3,6500000,"Chalong, Muang Phuket, Phuket",98.334823220301,,Chalong,191176.0,438.0
187.0,30027,3,Detached House,,Phuket,,7.7772871077832,363.0,0,3,10900000,"Rawai, Muang Phuket, Phuket",98.32572126387,,Rawai,320588.0,883.0
215.0,16900,5,Detached House,,Phuket,,7.8202151183056,1000.0,0,4,16900000,"Rawai, Muang Phuket, Phuket",98.343367174215,,Rawai,497059.0,497.0
145.0,56734,4,Detached House,,Phuket,,8.0081459129898,245.0,0,3,13900000,"Choeng Thale, Thalang, Phuket",98.29890091376,,Choeng Thale,408824.0,1669.0
360.0,48559,4,Detached House,,Phuket,,7.9836344339407,590.0,0,3,28650000,"Sri Sunthon, Thalang, Phuket",98.329248359184,,Sri Sunthon,842647.0,1428.0
,59375,7,Detached House,,Phuket,,7.9167030358483,1599.9999999999998,0,6,95000000,"Patong, Kathu, Phuket",98.297778550767,,Patong,2794118.0,1746.0
115.0,42608,2,Condo,,Phuket,,7.7878361366124,,0,2,4900000,"Rawai, Muang Phuket, Phuket",98.325450404612,,Rawai,144118.0,1253.0
600.0,60000,4,Detached House,,Phuket,,7.9740485099582,1000.0,0,3,60000000,"Choeng Thale, Thalang, Phuket",98.285202051253,,Choeng Thale,1764706.0,1765.0
390.0,32539,4,Detached House,,Phuket,,7.7880211665429,630.0,0,4,20500000,"Rawai, Muang Phuket, Phuket",98.311264500933,,Rawai,602941.0,957.0
187.0,30027,3,Detached House,,Phuket,,7.776966410951,363.0,0,3,10900000,"Rawai, Muang Phuket, Phuket",98.327302466188,,Rawai,320588.0,883.0
36.0,61111,1,Condo,,Phuket,,7.8025491967008,,0,1,2200000,"Rawai, Muang Phuket, Phuket",98.328588999629,,Rawai,64706.0,1797.0
231.0,152985,4,Detached House,,Phuket,,7.9618761140451,402.0,0,3,61500000,"Kammala, Kathu, Phuket",98.286816435164,,Kammala,1808824.0,4500.0
195.0,26486,2,Detached House,,Phuket,,7.7831883287619,370.0,0,2,9800000,"Rawai, Muang Phuket, Phuket",98.310233502051,,Rawai,288235.0,779.0
720.0,31034,3,Detached House,,Phuket,,8.0018488765948,870.0000000000001,0,3,27000000,"Choeng Thale, Thalang, Phuket",98.294941391937,,Choeng Thale,794118.0,913.0
180.0,24000,3,Detached House,,Phuket,,7.7856720241968,250.0,0,3,6000000,"Rawai, Muang Phuket, Phuket",98.330937292352,,Rawai,176471.0,706.0
141.0,62500,3,Detached House,,Phuket,,7.9563596539991,200.0,0,4,12500000,"Kammala, Kathu, Phuket",98.292065131466,,Kammala,367647.0,1838.0
220.0,40795,3,Detached House,,Phuket,,7.7756912588251,490.0,0,4,19990000,"Rawai, Muang Phuket, Phuket",98.319742674883,,Rawai,587941.0,1200.0
280.0,21103,3,Detached House,,Phuket,,7.8449985634676,616.0,0,4,13000000,"Chalong, Muang Phuket, Phuket",98.332437638988,,Chalong,382353.0,621.0
127.0,23425,3,Detached House,,Phuket,,7.7742933218827,508.00000000000006,0,3,11900000,"Rawai, Muang Phuket, Phuket",98.324231997431,,Rawai,350000.0,689.0
490.0,31192,4,Detached House,,Phuket,,8.0047594940421,865.6,0,4,27000000,"Choeng Thale, Thalang, Phuket",98.300084432781,,Choeng Thale,794118.0,917.0
300.0,52000,6,Detached House,,Phuket,,7.7724858793487,500.0,0,5,26000000,"Rawai, Muang Phuket, Phuket",98.32114173997,,Rawai,764706.0,1529.0
160.0,20833,4,Detached House,,Phuket,,7.7762917736705,264.0,0,3,5500000,"Rawai, Muang Phuket, Phuket",98.3251730276,,Rawai,161765.0,613.0
,34400,2,Detached House,,Phuket,,7.7793033043338,500.0,0,3,17200000,"Rawai, Muang Phuket, Phuket",98.316759598818,,Rawai,505882.0,1012.0
75.0,100000,2,Condo,,Phuket,,8.0109105028827,,0,2,7500000,"Choeng Thale, Thalang, Phuket",98.296457510676,,Choeng Thale,220588.0,2941.0
350.0,25324,3,Detached House,,Phuket,,8.0160594318308,770.0,0,3,19500000,"Choeng Thale, Thalang, Phuket",98.307980280407,,Choeng Thale,573529.0,745.0
208.0,22117,3,Detached House,,Phuket,,7.7914788745714,447.6,0,3,9900000,"Rawai, Muang Phuket, Phuket",98.320195668174,,Rawai,291176.0,650.0
65.0,136923,1,Condo,,Phuket,,8.1377470716909,,0,1,8900000,"Mai Khao, Thalang, Phuket",98.309099716605,,Mai Khao,261765.0,4027.0
400.0,21636,3,Detached House,,Phuket,,7.7734170869418,550.0,0,3,11900000,"Rawai, Muang Phuket, Phuket",98.321757316589,,Rawai,350000.0,636.0
218.0,25000,3,Detached House,,Phuket,,8.019004582264,300.0,0,2,7500000,"Thep Krasattri, Thalang, Phuket",98.337462296711,,Thep Krasattri,220588.0,735.0
512.0,56640,5,Condo,,Phuket,,7.9754489381338,,0,5,29000000,"Choeng Thale, Thalang, Phuket",98.282220305401,,Choeng Thale,852941.0,1666.0
60.0,25000,2,Detached House,,Phuket,,8.0087984860158,240.0,0,3,6000000,"Sri Sunthon, Thalang, Phuket",98.343528590482,,Sri Sunthon,176471.0,735.0
70.0,25000,4,Detached House,,Phuket,,7.7729068348443,360.0,0,3,9000000,"Rawai, Muang Phuket, Phuket",98.322690725327,,Rawai,264706.0,735.0
780.0,43832,10,Detached House,,Phuket,,7.9192040610032,3194.0,0,5,140000000,"Kathu, Kathu, Phuket",98.329105455579,,Kathu,4117647.0,1289.0
380.0,21739,4,Detached House,,Phuket,,7.9955373682707,460.0,0,3,10000000,"Choeng Thale, Thalang, Phuket",98.298709478995,,Choeng Thale,294118.0,639.0
1110.0,28965,7,Detached House,,Phuket,,7.7736186007436,1450.0,0,7,42000000,"Rawai, Muang Phuket, Phuket",98.321565115997,,Rawai,1235294.0,852.0
215.0,33018,3,Detached House,,Phuket,,7.9837392721445,212.00000000000003,0,3,7000000,"Sri Sunthon, Thalang, Phuket",98.329076747473,,Sri Sunthon,205882.0,971.0
250.0,19875,2,Detached House,,Phuket,,7.7738539345841,400.0,0,2,7950000,"Rawai, Muang Phuket, Phuket",98.321738560801,,Rawai,233824.0,585.0
418.0,41029,3,Detached House,,Phuket,,7.9950551579687,602.0,0,3,24700000,"Choeng Thale, Thalang, Phuket",98.320153600983,,Choeng Thale,726471.0,1207.0
73.0,100671,1,Condo,,Phuket,,7.7775420373542,,0,1,7349000,"Rawai, Muang Phuket, Phuket",98.324174811452,,Rawai,216147.0,2961.0
108.0,71296,1,Condo,,Phuket,,7.8405415722206,,0,1,7700000,"Karon, Muang Phuket, Phuket",98.300539608314,,Karon,226471.0,2097.0
513.0,18072,5,Detached House,,Phuket,,7.9734428227448,913.0,0,5,16500000,"Sri Sunthon, Thalang, Phuket",98.355094397928,,Sri Sunthon,485294.0,532.0
700.0,44468,5,Detached House,,Phuket,,8.0668703552993,470.0,0,5,20900000,"Pa Khlok, Thalang, Phuket",98.426931490617,,Pa Khlok,614706.0,1308.0
116.0,103448,2,Condo,,Phuket,,7.8182362045053,,0,2,12000000,"Karon, Muang Phuket, Phuket",98.305379414867,,Karon,352941.0,3043.0
464.0,19288,2,Detached House,,Phuket,,8.0113643393785,464.0,0,3,8950000,"Choeng Thale, Thalang, Phuket",98.296539361629,,Choeng Thale,263235.0,567.0
311.0,36953,2,Detached House,,Phuket,,7.980831231472,311.2,0,2,11500000,"Sri Sunthon, Thalang, Phuket",98.356092056226,,Sri Sunthon,338235.0,1087.0
180.0,19288,2,Detached House,,Phuket,,8.004600033274,464.0,0,3,8950000,"Choeng Thale, Thalang, Phuket",98.315964575164,,Choeng Thale,263235.0,567.0
1312.0,79840,6,Detached House,,Phuket,,7.9751985490728,1503.0,0,4,120000000,"Choeng Thale, Thalang, Phuket",98.284914174648,,Choeng Thale,3529412.0,2348.0
90.0,191111,2,Condo,,Phuket,,8.0010735124195,,0,3,17200000,"Choeng Thale, Thalang, Phuket",98.29997942339,,Choeng Thale,505882.0,5621.0
870.0000000000001,34375,5,Detached House,,Phuket,,8.0351787514337,1920.0,0,5,66000000,"Choeng Thale, Thalang, Phuket",98.285113476076,,Choeng Thale,1941176.0,1011.0
32.0,120312,1,Condo,,Phuket,,7.9472196428432,,0,1,3850000,"Kammala, Kathu, Phuket",98.271857685619,,Kammala,113235.0,3539.0
119.0,96638,2,Condo,,Phuket,,7.8452926839121,,0,2,11500000,"Karon, Muang Phuket, Phuket",98.306544660007,,Karon,338235.0,2842.0
300.0,30000,3,Detached House,,Phuket,,7.7879377125672,400.0,0,3,12000000,"Rawai, Muang Phuket, Phuket",98.313254049943,,Rawai,352941.0,882.0
250.0,34125,3,Detached House,,Phuket,,7.7734849945816,400.0,0,3,13650000,"Rawai, Muang Phuket, Phuket",98.321627135015,,Rawai,401471.0,1004.0
370.0,93396,5,Detached House,,Phuket,,7.8135172013815,1060.0,0,4,99000000,"Karon, Muang Phuket, Phuket",98.298670860213,,Karon,2911765.0,2747.0
340.0,33800,5,Detached House,,Phuket,,7.776413699275,500.0,0,5,16900000,"Rawai, Muang Phuket, Phuket",98.317797411099,,Rawai,497059.0,994.0
74.0,30614,1,Detached House,,Phuket,,7.8671326083896,74.8,0,2,2290000,"Wichit, Muang Phuket, Phuket",98.357218438421,,Wichit,67353.0,900.0
130.0,23095,1,Detached House,,Phuket,,7.8050818137574,210.0,0,2,4850000,"Rawai, Muang Phuket, Phuket",98.333349317851,,Rawai,142647.0,679.0
577.0,17500,5,Detached House,,Phuket,,7.9483457213474,1599.9999999999998,0,4,28000000,"Ko Kaeo, Muang Phuket, Phuket",98.362095336046,,Ko Kaeo,823529.0,515.0
273.0,138461,2,Condo,,Phuket,,7.8845746098202,,0,3,37800000,"Patong, Kathu, Phuket",98.282433746154,,Patong,1111765.0,4072.0
184.0,107608,3,Condo,,Phuket,,7.8845879806398,,0,3,19800000,"Patong, Kathu, Phuket",98.282349365055,,Patong,582353.0,3165.0
140.0,24528,2,Detached House,,Phuket,,7.823713288928,212.00000000000003,0,2,5200000,"Chalong, Muang Phuket, Phuket",98.340404915418,,Chalong,152941.0,721.0
402.0,53048,3,Detached House,,Phuket,,7.7879859496283,263.91,0,3,14000000,"Rawai, Muang Phuket, Phuket",98.311118769445,,Rawai,411765.0,1560.0
35.0,100000,1,Condo,,Phuket,2012.0,7.893467,,0,1,3500000,"ป่าตอง Haad Patong, Kammala, Kathu, Phuket",98.300599,Freehold,Kammala,102941.0,2941.0
370.0,39535,4,Detached House,,Phuket,,8.0410152053609,812.9999999999999,0,4,32142500,"Choeng Thale, Thalang, Phuket",98.296155265231,,Choeng Thale,945368.0,1163.0
520.0,53058,5,Detached House,,Phuket,,8.0411176531502,712.0,0,4,37777500,"Choeng Thale, Thalang, Phuket",98.296070175951,,Choeng Thale,1111103.0,1561.0
300.0,44416,3,Detached House,,Phuket,,8.0410132302937,501.0,0,3,22252500,"Choeng Thale, Thalang, Phuket",98.296398092151,,Choeng Thale,654485.0,1306.0
300.0,50813,3,Detached House,,Phuket,,8.0410996162422,430.0,0,3,21850000,"Choeng Thale, Thalang, Phuket",98.296138575634,,Choeng Thale,642647.0,1494.0
300.0,48875,2,Detached House,,Phuket,,8.0410723841493,440.0,0,3,21505000,"Choeng Thale, Thalang, Phuket",98.296195714816,,Choeng Thale,632500.0,1438.0
340.0,33800,5,Detached House,,Phuket,,7.8004621033421,500.0,0,5,16900000,"Rawai, Muang Phuket, Phuket",98.319050555124,,Rawai,497059.0,994.0
368.0,28714,5,Detached House,,Phuket,,7.9906040103755,949.0,0,4,27250000,"Choeng Thale, Thalang, Phuket",98.299690335447,,Choeng Thale,801471.0,845.0
215.0,41634,3,Detached House,,Phuket,,7.9933903145292,390.3,0,3,16250000,"Choeng Thale, Thalang, Phuket",98.302359457787,,Choeng Thale,477941.0,1225.0
287.0,26606,3,Detached House,,Phuket,,7.9946088558615,949.0,0,3,25250000,"Choeng Thale, Thalang, Phuket",98.303258905537,,Choeng Thale,742647.0,783.0
633.0,44868,4,Detached House,,Phuket,,8.0235328762212,1206.0,0,4,54111000,"Choeng Thale, Thalang, Phuket",98.305780744991,,Choeng Thale,1591500.0,1320.0
287.0,18333,3,Detached House,,Phuket,,7.7880424312697,600.0,0,3,11000000,"Rawai, Muang Phuket, Phuket",98.310191497161,,Rawai,323529.0,539.0
271.0,29585,4,Detached House,,Phuket,,7.9933984533754,676.0,0,3,20000000,"Choeng Thale, Thalang, Phuket",98.302299852423,,Choeng Thale,588235.0,870.0
1108.0,55090,7,Detached House,,Phuket,,8.0234233406464,1643.0000000000002,0,5,90514000,"Choeng Thale, Thalang, Phuket",98.305757765362,,Choeng Thale,2662176.0,1620.0
435.00000000000006,31486,4,Detached House,,Phuket,,7.9934196216208,857.4999999999999,0,3,27000000,"Choeng Thale, Thalang, Phuket",98.302398275119,,Choeng Thale,794118.0,926.0
1250.0,32000,8,Detached House,,Phuket,,8.027719,1500.0,0,7,48000000,"Choeng Thale, Thalang, Phuket",98.289787,,Choeng Thale,1411765.0,941.0
244.00000000000003,42229,2,Detached House,,Phuket,,8.0812868,296.0,0,3,12500000,"Sa Khu, Thalang, Phuket",98.2886169,,Sa Khu,367647.0,1242.0
404.00000000000006,89937,4,Detached House,,Phuket,,8.0357164,320.0,0,3,28780000,"Choeng Thale, Thalang, Phuket",98.2844722,,Choeng Thale,846471.0,2645.0
1200.0,103497,5,Detached House,,Phuket,,8.0605514,1428.0,0,5,147793800,"Sa Khu, Thalang, Phuket",98.2771992,,Sa Khu,4346876.0,3044.0
768.0000000000001,28530,5,Detached House,,Phuket,,7.947081607559,1048.0,0,5,29900000,"Kammala, Kathu, Phuket",98.291260063013,,Kammala,879412.0,839.0
600.0,227892,4,Detached House,,Phuket,,7.9754731,484.0,0,4,110300000,"Choeng Thale, Thalang, Phuket",98.2784667,,Choeng Thale,3244118.0,6703.0
240.0,96228,3,Detached House,,Phuket,,7.9811755,197.0,0,3,18957000,"Choeng Thale, Thalang, Phuket",98.2777668,,Choeng Thale,557559.0,2830.0
250.0,140000,3,Detached House,,Phuket,,7.9497593,270.0,0,3,37800000,"Kammala, Kathu, Phuket",98.2846511,,Kammala,1111765.0,4118.0
1000.0,78838,7,Detached House,,Phuket,,7.9497593,1205.0,0,5,95000000,"Kammala, Kathu, Phuket",98.2846511,,Kammala,2794118.0,2319.0
39.0,133333,1,Condo,Fully Furnished,Phuket,,7.9811063,,0,1,5200000,"Choeng Thale, Thalang, Phuket",98.2873919,,Choeng Thale,152941.0,3922.0
300.0,26200,2,Detached House,Fully Furnished,Phuket,,7.8132891252781,500.0,0,3,13100000,"Rawai, Muang Phuket, Phuket",98.328531481511,,Rawai,385294.0,771.0
219.0,55459,4,Detached House,Unfurnished,Phuket,2021.0,7.982081248201706,522.0,0,4,28950000,"123/20 Moo 5, Choeng Thale, Thalang, Phuket",98.30088115778818,Freehold,Choeng Thale,851471.0,1631.0
428.0,181065,5,Detached House,,Phuket,,7.9497593,845.0,0,4,153000000,"Kammala, Kathu, Phuket",98.2846511,,Kammala,4500000.0,5325.0
750.0,58333,9,Detached House,,Phuket,,7.9124956,2400.0,0,8,140000000,"Patong, Kathu, Phuket",98.2943693,,Patong,4117647.0,1716.0
202.00000000000003,49057,2,Detached House,,Phuket,,8.001777,276.0,0,3,13540000,"Choeng Thale, Thalang, Phuket",98.294076,,Choeng Thale,398235.0,1443.0
740.0,85129,5,Detached House,,Phuket,,7.8074211,928.0,0,5,79000000,"Wichit, Muang Phuket, Phuket",98.4091312,,Wichit,2323529.0,2504.0
477.00000000000006,24916,5,Detached House,,Phuket,,7.9107391,1200.0,0,3,29900000,"Kathu, Kathu, Phuket",98.3337983,,Kathu,879412.0,733.0
31.0,165000,1,Apartment,,Phuket,,8.0898576,,0,1,5115000,"Sa Khu, Thalang, Phuket",98.2974795,,Sa Khu,150441.0,4853.0
312.0,35982,3,Detached House,,Phuket,,7.9497593,692.0,0,3,24900000,"Kammala, Kathu, Phuket",98.2846511,,Kammala,732353.0,1058.0
204.0,64726,2,Detached House,,Phuket,,7.9497593,292.0,0,2,18900000,"Kammala, Kathu, Phuket",98.2846511,,Kammala,555882.0,1904.0
60.0,52500,2,Condo,Fully Furnished,Phuket,2012.0,7.909649,,0,2,3150000,"Rama 2 Rama 2, Kathu, Kathu, Phuket",98.34737,Freehold,Kathu,92647.0,1544.0
30.0,56333,1,Condo,Fully Furnished,Phuket,2012.0,7.909649,,0,1,1690000,"Rama 2 Rama 2, Kathu, Kathu, Phuket",98.34737,Freehold,Kathu,49706.0,1657.0
150.0,15070,2,Detached House,Fully Furnished,Phuket,,8.0100763970636,564.0,0,2,8500000,"Thep Krasattri, Thalang, Phuket",98.338567029394,,Thep Krasattri,250000.0,443.0
500.0,17500,3,Detached House,Fully Furnished,Phuket,,8.0584068,1599.9999999999998,0,6,28000000,"Pa Khlok, Thalang, Phuket",98.4074573,,Pa Khlok,823529.0,515.0
120.0,22058,3,Detached House,Fully Furnished,Phuket,,7.9542624,204.0,0,3,4500000,"Ko Kaeo, Muang Phuket, Phuket",98.3888633,,Ko Kaeo,132353.0,649.0
100.0,19642,2,Detached House,Fully Furnished,Phuket,,7.9611477389666,168.0,0,2,3300000,"Ko Kaeo, Muang Phuket, Phuket",98.366804813062,,Ko Kaeo,97059.0,578.0
110.0,44545,2,Townhouse,Fully Furnished,Phuket,,7.865438738762,140.0,0,4,4900000,"Wichit, Muang Phuket, Phuket",98.368747551221,,Wichit,144118.0,1310.0
250.0,56166,2,Detached House,Fully Furnished,Phuket,,8.0118764,240.0,0,2,13480000,"Choeng Thale, Thalang, Phuket",98.3033694,,Choeng Thale,396471.0,1652.0
250.0,41250,4,Detached House,Fully Furnished,Phuket,,8.0118764,240.0,0,3,9900000,"Choeng Thale, Thalang, Phuket",98.3033694,,Choeng Thale,291176.0,1213.0
150.0,21250,3,Detached House,Partially Furnished,Phuket,,7.8364659063634,400.0,0,3,8500000,"Chalong, Muang Phuket, Phuket",98.33875699043,,Chalong,250000.0,625.0
436.0,39375,4,Detached House,Fully Furnished,Phuket,,8.0071167690945,400.0,0,3,15750000,"Choeng Thale, Thalang, Phuket",98.306030151343,,Choeng Thale,463235.0,1158.0
300.0,22500,5,Detached House,Fully Furnished,Phuket,,7.8402922,799.9999999999999,0,5,18000000,"Chalong, Muang Phuket, Phuket",98.3449368,,Chalong,529412.0,662.0
100.0,19000,2,Detached House,Partially Furnished,Phuket,,7.8402922,200.0,0,3,3800000,"Chalong, Muang Phuket, Phuket",98.3449368,,Chalong,111765.0,559.0
400.0,17500,5,Detached House,Fully Furnished,Phuket,,7.8402922,1200.0,0,3,21000000,"Chalong, Muang Phuket, Phuket",98.3449368,,Chalong,617647.0,515.0
35.0,80000,1,Condo,Fully Furnished,Phuket,2012.0,7.8807914,,0,1,2800000,"Wirat Hong Yok  Wirat Hong Yok, Kammala, Kathu, Phuket",98.3715249,Freehold,Kammala,82353.0,2353.0
120.0,34673,2,Detached House,Fully Furnished,Phuket,,7.8402922,92.0,0,2,3190000,"Chalong, Muang Phuket, Phuket",98.3449368,,Chalong,93824.0,1020.0
120.0,13291,2,Detached House,Fully Furnished,Phuket,,8.0011107498963,316.0,0,3,4200000,"Sri Sunthon, Thalang, Phuket",98.3431614427,,Sri Sunthon,123529.0,391.0
320.0,28571,4,Detached House,Fully Furnished,Phuket,,7.8402922,280.0,0,3,8000000,"Chalong, Muang Phuket, Phuket",98.3449368,,Chalong,235294.0,840.0
100.0,13425,2,Detached House,Fully Furnished,Phuket,,7.9925261485222,216.0,0,2,2900000,"Sri Sunthon, Thalang, Phuket",98.353804448071,,Sri Sunthon,85294.0,395.0
100.0,30000,3,Townhouse,Fully Furnished,Phuket,,7.8402922,100.0,0,3,3000000,"Chalong, Muang Phuket, Phuket",98.3449368,,Chalong,88235.0,882.0
120.0,24662,3,Detached House,Fully Furnished,Phuket,,8.0085902552035,148.0,0,3,3650000,"Sri Sunthon, Thalang, Phuket",98.341702320996,,Sri Sunthon,107353.0,725.0
300.0,42372,3,Detached House,Fully Furnished,Phuket,,7.8402922,472.0,0,4,20000000,"Chalong, Muang Phuket, Phuket",98.3449368,,Chalong,588235.0,1246.0
180.0,31250,3,Detached House,Fully Furnished,Phuket,,7.8402922,240.0,0,3,7500000,"Chalong, Muang Phuket, Phuket",98.3449368,,Chalong,220588.0,919.0
565.0,53860,3,Detached House,Fully Furnished,Phuket,,8.0118764,400.0,0,3,21544116,"Choeng Thale, Thalang, Phuket",98.3033694,,Choeng Thale,633650.0,1584.0
283.0,44607,4,Detached House,Fully Furnished,Phuket,,8.0118764,280.0,0,3,12490000,"Choeng Thale, Thalang, Phuket",98.3033694,,Choeng Thale,367353.0,1312.0
120.0,22569,3,Detached House,Fully Furnished,Phuket,,7.9802014051012,288.0,0,4,6500000,"Sri Sunthon, Thalang, Phuket",98.33191762251,,Sri Sunthon,191176.0,664.0
30.0,51666,1,Condo,Fully Furnished,Phuket,,7.8787021472766,,0,1,1550000,"Wichit, Muang Phuket, Phuket",98.371408302563,,Wichit,45588.0,1520.0
299.0,40000,3,Detached House,Fully Furnished,Phuket,,8.0118764,320.0,0,3,12800000,"Choeng Thale, Thalang, Phuket",98.3033694,,Choeng Thale,376471.0,1176.0
110.0,17202,2,Detached House,Unfurnished,Phuket,,7.9542624,168.0,0,2,2890000,"Ko Kaeo, Muang Phuket, Phuket",98.3888633,,Ko Kaeo,85000.0,506.0
150.0,15887,2,Detached House,Fully Furnished,Phuket,,7.8473284,428.0,0,3,6800000,"Wichit, Muang Phuket, Phuket",98.3823088,,Wichit,200000.0,467.0
150.0,26736,3,Detached House,Fully Furnished,Phuket,,7.9542624,144.0,0,4,3850000,"Ko Kaeo, Muang Phuket, Phuket",98.3888633,,Ko Kaeo,113235.0,786.0
90.0,27777,2,Townhouse,Partially Furnished,Phuket,,7.9056936,100.0,0,2,2500000,"Ratsada, Muang Phuket, Phuket",98.3677009,,Ratsada,73529.0,817.0
30.0,46333,1,Condo,Fully Furnished,Phuket,2012.0,7.869271,,0,1,1390000,"วิชิต วิชิต, Talat Nua, Muang Phuket, Phuket",98.380294,,Talat Nua,40882.0,1363.0
30.0,46666,1,Condo,Fully Furnished,Phuket,2012.0,7.869271,,0,1,1400000,"วิชิต วิชิต, Talat Nua, Muang Phuket, Phuket",98.380294,,Talat Nua,41176.0,1373.0
130.0,25000,3,Detached House,Fully Furnished,Phuket,,7.8077767,236.0,0,3,5900000,"Rawai, Muang Phuket, Phuket",98.3372239,,Rawai,173529.0,735.0
35.0,85714,1,Condo,Fully Furnished,Phuket,2014.0,7.889122,,0,1,3000000,"Wichit Songkhram  Wichit Songkhram, Wichit, Muang Phuket, Phuket",98.365071,Freehold,Wichit,88235.0,2521.0
200.0,73148,3,Detached House,Fully Furnished,Phuket,,7.8077767,108.0,0,3,7900000,"Rawai, Muang Phuket, Phuket",98.3372239,,Rawai,232353.0,2151.0
90.0,42222,2,Townhouse,Fully Furnished,Phuket,,7.8667140849469,112.0,0,2,3800000,"Wichit, Muang Phuket, Phuket",98.372438270825,,Wichit,111765.0,1242.0
110.0,14705,2,Detached House,Fully Furnished,Phuket,,7.9621677793451,204.0,0,3,3000000,"Ko Kaeo, Muang Phuket, Phuket",98.372040485059,,Ko Kaeo,88235.0,432.0
159.0,32777,2,Detached House,Fully Furnished,Phuket,,7.9644628609094,180.0,0,3,5900000,"Ko Kaeo, Muang Phuket, Phuket",98.374701236401,,Ko Kaeo,173529.0,964.0
44.0,75000,1,Condo,Fully Furnished,Phuket,,7.7786051859173,,0,1,3300000,"Rawai, Muang Phuket, Phuket",98.325517650293,,Rawai,97059.0,2206.0
340.0,62187,3,Detached House,Fully Furnished,Phuket,,8.0118764,320.0,0,3,19900000,"Choeng Thale, Thalang, Phuket",98.3033694,,Choeng Thale,585294.0,1829.0
150.0,33208,3,Detached House,Fully Furnished,Phuket,,7.9618277661678,268.0,0,4,8900000,"Ko Kaeo, Muang Phuket, Phuket",98.373928760205,,Ko Kaeo,261765.0,977.0
317.0,27812,2,Detached House,Fully Furnished,Phuket,,7.9076318,320.0,0,3,8900000,"Thep Krasattri, Thalang, Phuket",98.385532,,Thep Krasattri,261765.0,818.0
645.0,61650,3,Detached House,Fully Furnished,Phuket,,8.0168059590552,400.0,0,4,24660000,"Choeng Thale, Thalang, Phuket",98.313239929175,,Choeng Thale,725294.0,1813.0
150.0,35357,3,Detached House,Fully Furnished,Phuket,,8.0118764,280.0,0,3,9900000,"Choeng Thale, Thalang, Phuket",98.3033694,,Choeng Thale,291176.0,1040.0
375.0,42666,1,Condo,Fully Furnished,Phuket,,8.0118764,,0,2,16000000,"Choeng Thale, Thalang, Phuket",98.3033694,,Choeng Thale,470588.0,1255.0
356.0,42187,4,Detached House,Fully Furnished,Phuket,,8.0118764,320.0,0,3,13500000,"Choeng Thale, Thalang, Phuket",98.3033694,,Choeng Thale,397059.0,1241.0
150.0,32500,2,Detached House,Fully Furnished,Phuket,,7.8374862547726,200.0,0,3,6500000,"Chalong, Muang Phuket, Phuket",98.336439561841,,Chalong,191176.0,956.0
350.0,27812,2,Detached House,Fully Furnished,Phuket,,7.8402922,320.0,0,3,8900000,"Chalong, Muang Phuket, Phuket",98.3449368,,Chalong,261765.0,818.0
350.0,35178,4,Detached House,Fully Furnished,Phuket,,7.8402922,280.0,0,3,9850000,"Chalong, Muang Phuket, Phuket",98.3449368,,Chalong,289706.0,1035.0
130.0,27071,2,Detached House,Fully Furnished,Phuket,,7.9542624,140.0,0,3,3790000,"Ko Kaeo, Muang Phuket, Phuket",98.3888633,,Ko Kaeo,111471.0,796.0
90.0,30555,2,Townhouse,Partially Furnished,Phuket,,7.9889696114973,120.0,0,4,2750000,"Pa Khlok, Thalang, Phuket",98.373039193921,,Pa Khlok,80882.0,899.0
110.0,15566,2,Detached House,Fully Furnished,Phuket,,7.9956272818778,212.00000000000003,0,2,3300000,"Thep Krasattri, Thalang, Phuket",98.3489525427,,Thep Krasattri,97059.0,458.0
100.0,29900,2,Townhouse,Fully Furnished,Phuket,,8.0227401999325,104.0,0,3,2990000,"Thep Krasattri, Thalang, Phuket",98.340369473853,,Thep Krasattri,87941.0,879.0
100.0,33000,2,Townhouse,Fully Furnished,Phuket,,8.0210403835304,148.0,0,3,3300000,"Thep Krasattri, Thalang, Phuket",98.340455304541,,Thep Krasattri,97059.0,971.0
330.0,58031,3,Detached House,Fully Furnished,Phuket,,8.0118764,320.0,0,3,18570100,"Choeng Thale, Thalang, Phuket",98.3033694,,Choeng Thale,546179.0,1707.0
30.0,53333,1,Condo,Fully Furnished,Phuket,2012.0,7.909649,,0,1,1600000,"Rama 2 Rama 2, Kathu, Kathu, Phuket",98.34737,Freehold,Kathu,47059.0,1569.0
60.0,49833,2,Condo,Fully Furnished,Phuket,2012.0,7.909649,,0,2,2990000,"Rama 2 Rama 2, Kathu, Kathu, Phuket",98.34737,Freehold,Kathu,87941.0,1466.0
150.0,20416,2,Detached House,Fully Furnished,Phuket,,7.8402922,240.0,0,3,4900000,"Chalong, Muang Phuket, Phuket",98.3449368,,Chalong,144118.0,600.0
150.0,27500,3,Detached House,Fully Furnished,Phuket,,8.0118764,200.0,0,3,5500000,"Choeng Thale, Thalang, Phuket",98.3033694,,Choeng Thale,161765.0,809.0
30.0,49666,1,Condo,Fully Furnished,Phuket,,7.9511172066896,,0,1,1490000,"Ko Kaeo, Muang Phuket, Phuket",98.39281151167,,Ko Kaeo,43824.0,1461.0
130.0,16875,2,Detached House,Unfurnished,Phuket,,8.0048505197133,160.0,0,3,2700000,"Sri Sunthon, Thalang, Phuket",98.343504765454,,Sri Sunthon,79412.0,496.0
180.0,38144,4,Detached House,Fully Furnished,Phuket,,8.0046519383716,388.0,0,3,14800000,"Choeng Thale, Thalang, Phuket",98.308948394751,,Choeng Thale,435294.0,1122.0
118.0,32857,2,Detached House,Fully Furnished,Phuket,,7.9636128321999,140.0,0,3,4600000,"Ko Kaeo, Muang Phuket, Phuket",98.378048633252,,Ko Kaeo,135294.0,966.0
280.0,132812,3,Detached House,Fully Furnished,Phuket,,7.7950989709725,64.0,0,3,8500000,"rawai, Rawai, Muang Phuket, Phuket",98.324999664218,Freehold,Rawai,250000.0,3906.0
30.0,48333,1,Condo,Fully Furnished,Phuket,2012.0,7.911042,,0,1,1450000,"Phra Phuket Kaew Rd., Kathu, Kathu, Phuket",98.33632,Freehold,Kathu,42647.0,1422.0
150.0,26785,2,Detached House,Fully Furnished,Phuket,,7.911242478793,280.0,0,3,7500000,"Kathu, Kathu, Phuket",98.332840864648,,Kathu,220588.0,788.0
100.0,33214,2,Detached House,Unfurnished,Phuket,,7.9089471,84.0,0,2,2790000,"Kathu, Kathu, Phuket",98.3197946,,Kathu,82059.0,977.0
110.0,21491,2,Detached House,Fully Furnished,Phuket,,7.9089471,228.0,0,2,4900000,"Kathu, Kathu, Phuket",98.3197946,,Kathu,144118.0,632.0
272.0,28875,4,Detached House,Fully Furnished,Phuket,,8.0448517576617,320.0,0,4,9240000,"Pa Khlok, Thalang, Phuket",98.406985231213,,Pa Khlok,271765.0,849.0
122.0,24390,2,Detached House,Fully Furnished,Phuket,,7.9477169705788,164.0,0,3,4000000,"Ko Kaeo, Muang Phuket, Phuket",98.394442294751,,Ko Kaeo,117647.0,717.0
100.0,22115,1,Detached House,Fully Furnished,Phuket,,7.8402922,104.0,0,2,2300000,"Chalong, Muang Phuket, Phuket",98.3449368,,Chalong,67647.0,650.0
487.0,51785,4,Detached House,Fully Furnished,Phuket,,7.8287744,560.0,0,4,29000000,"Karon, Muang Phuket, Phuket",98.3012857,,Karon,852941.0,1523.0
100.0,31900,1,Townhouse,Fully Furnished,Phuket,,7.8403772283479,100.0,0,2,3190000,"Chalong, Muang Phuket, Phuket",98.350515794751,,Chalong,93824.0,938.0
33.0,45151,1,Condo,Fully Furnished,Phuket,,7.8767827037179,,0,1,1490000,"Wichit, Muang Phuket, Phuket",98.373629133374,,Wichit,43824.0,1328.0
35.0,80000,1,Condo,Fully Furnished,Phuket,2013.0,7.90159,,0,1,2800000,"Soi Hongyok Utis Yaowarat Road, Talat Yai, Muang Phuket, Phuket",98.378572,Freehold,Talat Yai,82353.0,2353.0
30.0,48333,1,Condo,Fully Furnished,Phuket,2014.0,7.907531,,0,1,1450000,"- Vichitsongkram Road, Kathu, Kathu, Phuket",98.35512,Freehold,Kathu,42647.0,1422.0
120.0,25000,2,Detached House,Fully Furnished,Phuket,,7.8402922,276.0,0,3,6900000,"Chalong, Muang Phuket, Phuket",98.3449368,,Chalong,202941.0,735.0
30.0,48333,1,Condo,Fully Furnished,Phuket,2012.0,7.911042,,0,1,1450000,"Phra Phuket Kaew Rd., Kathu, Kathu, Phuket",98.33632,Freehold,Kathu,42647.0,1422.0
120.0,16583,1,Townhouse,Unfurnished,Phuket,,7.9089471,100.0,0,2,1990000,"Kathu, Kathu, Phuket",98.3197946,,Kathu,58529.0,488.0
200.0,15740,3,Detached House,Fully Furnished,Phuket,,7.8425029313979,540.0,0,3,8500000,"Chalong, Muang Phuket, Phuket",98.335495424268,,Chalong,250000.0,463.0
100.0,16509,2,Detached House,Fully Furnished,Phuket,,7.833404846132,212.00000000000003,0,2,3500000,"Chalong, Muang Phuket, Phuket",98.341675233838,,Chalong,102941.0,486.0
56.0,98214,1,Condo,Fully Furnished,Phuket,,7.804155,,0,1,5500000,"Soi Saturdays, Rawai, Muang Phuket, Phuket",98.331031,Freehold,Rawai,161765.0,2889.0
200.0,18750,3,Detached House,Fully Furnished,Phuket,,8.0145111717515,400.0,0,3,7500000,"Choeng Thale, Thalang, Phuket",98.312896606421,,Choeng Thale,220588.0,551.0
120.0,37500,2,Detached House,Fully Furnished,Phuket,,7.8402922,200.0,0,3,7500000,"Chalong, Muang Phuket, Phuket",98.3449368,,Chalong,220588.0,1103.0
100.0,29900,2,Townhouse,Fully Furnished,Phuket,,7.8288982442931,72.0,0,2,2990000,"Chalong, Muang Phuket, Phuket",98.340816926953,,Chalong,87941.0,879.0
46.0,104347,1,Condo,Fully Furnished,Phuket,,7.7911029497199,,0,1,4800000,"Rawai, Muang Phuket, Phuket",98.330613327637,,Rawai,141176.0,3069.0
150.0,18750,2,Detached House,Fully Furnished,Phuket,,7.9968609698205,400.0,0,3,7500000,"Sri Sunthon, Thalang, Phuket",98.34487805647,,Sri Sunthon,220588.0,551.0
150.0,37083,2,Detached House,Fully Furnished,Phuket,,7.8077767,240.0,0,2,8900000,"Rawai, Muang Phuket, Phuket",98.3372239,,Rawai,261765.0,1091.0
220.0,40625,4,Detached House,Fully Furnished,Phuket,,7.8030081531848,320.0,0,4,13000000,"Rawai, Muang Phuket, Phuket",98.337823105469,,Rawai,382353.0,1195.0
259.0,69000,4,Detached House,Fully Furnished,Phuket,,7.8402922,200.0,0,3,13800000,"Chalong, Muang Phuket, Phuket",98.3449368,,Chalong,405882.0,2029.0
56.0,98214,1,Condo,Fully Furnished,Phuket,,7.804155,,0,1,5500000,"Soi Saturdays, Rawai, Muang Phuket, Phuket",98.331031,Freehold,Rawai,161765.0,2889.0
150.0,36702,4,Detached House,Fully Furnished,Phuket,,7.8036099648449,188.0,0,4,6900000,"Rawai, Muang Phuket, Phuket",98.33610810105,,Rawai,202941.0,1079.0
300.0,41250,3,Detached House,Fully Furnished,Phuket,,7.8077767,240.0,0,3,9900000,"Rawai, Muang Phuket, Phuket",98.3372239,,Rawai,291176.0,1213.0
152.0,32777,2,Detached House,Fully Furnished,Phuket,,7.8081168398113,180.0,0,2,5900000,"Rawai, Muang Phuket, Phuket",98.337395561377,,Rawai,173529.0,964.0
30.0,48333,1,Condo,Fully Furnished,Phuket,2013.0,7.905038,,0,1,1450000,". ถนนวิชิตสงคราม ตำบลกะทู้ อำเภอกะทู้ ภูเก็ต, Kammala, Kathu, Phuket",98.334944,Freehold,Kammala,42647.0,1422.0
200.0,26666,3,Detached House,Fully Furnished,Phuket,,7.8398670579998,600.0,0,5,16000000,"Chalong, Muang Phuket, Phuket",98.338842821118,,Chalong,470588.0,784.0
250.0,75000,3,Detached House,Fully Furnished,Phuket,,7.9542624,360.0,0,3,27000000,"Ko Kaeo, Muang Phuket, Phuket",98.3888633,,Ko Kaeo,794118.0,2206.0
150.0,18910,2,Detached House,Fully Furnished,Phuket,,7.8389317440706,312.0,0,3,5900000,"Chalong, Muang Phuket, Phuket",98.340387773511,,Chalong,173529.0,556.0
130.0,26315,2,Detached House,Fully Furnished,Phuket,,7.8369760808807,228.0,0,3,6000000,"Chalong, Muang Phuket, Phuket",98.339615297314,,Chalong,176471.0,774.0
140.0,27500,3,Detached House,Fully Furnished,Phuket,,7.8407173415658,240.0,0,3,6600000,"Chalong, Muang Phuket, Phuket",98.339786958691,,Chalong,194118.0,809.0
150.0,35937,4,Detached House,Fully Furnished,Phuket,,7.8402922,320.0,0,3,11500000,"Chalong, Muang Phuket, Phuket",98.3449368,,Chalong,338235.0,1057.0
117.0,29914,1,Apartment,Fully Furnished,Phuket,,7.7926875,,0,2,3500000,"Rawai, Muang Phuket, Phuket",98.3223125,,Rawai,102941.0,880.0
37.0,86486,1,Condo,Fully Furnished,Phuket,,7.7779375,,0,1,3200000,"Karon, Muang Phuket, Phuket",98.3149375,,Karon,94118.0,2544.0
220.0,19500,3,Townhouse,Fully Furnished,Phuket,,7.8713125,100.0,0,2,4290000,"60/32 สวนหลวงตัดใหม่, Wichit, Muang Phuket, Phuket",98.3678125,Freehold,Wichit,126176.0,574.0
264.0,196969,3,Condo,,Phuket,,8.1522372926992,,0,3,52000000,"89/1 หมู่ที่ 1, Mai Khao, Thalang, Phuket",98.296078031988,Freehold,Mai Khao,1529412.0,5793.0
453.0,65854,3,Detached House,,Phuket,,8.0372125,579.0,0,3,38130000,"Choeng Thale, Thalang, Phuket",98.2839806,,Choeng Thale,1121471.0,1937.0
433.0,40813,3,Detached House,,Phuket,,8.0372125,627.0,0,3,25590000,"Choeng Thale, Thalang, Phuket",98.2839806,,Choeng Thale,752647.0,1200.0
1200.0,59375,6,Detached House,,Phuket,,7.9116983,1599.9999999999998,0,6,95000000,"Patong, Kathu, Phuket",98.2949371,,Patong,2794118.0,1746.0
352.0,45628,3,Detached House,,Phuket,,8.0025463,517.0,0,3,23590000,"Choeng Thale, Thalang, Phuket",98.2926317,,Choeng Thale,693824.0,1342.0
444.00000000000006,13513,6,Apartment,Fully Furnished,Phuket,,8.0118764,444.00000000000006,0,6,6000000,"ศรีสุนทร, Choeng Thale, Thalang, Phuket",98.3033694,Freehold,Choeng Thale,176471.0,397.0
316.0,15822,2,Detached House,Fully Furnished,Phuket,,7.9888262778471,316.0,0,3,5000000,"Srisoonthorn, Choeng Thale, Thalang, Phuket",98.31886174611,Freehold,Choeng Thale,147059.0,465.0
120.0,16187,1,Detached House,Fully Furnished,Phuket,,7.9076318,160.0,0,2,2590000,"Choeng Thale, Thalang, Phuket",98.385532,,Choeng Thale,76176.0,476.0
120.0,18750,2,Detached House,Fully Furnished,Phuket,,7.9076318,144.0,0,3,2700000,"Choeng Thale, Thalang, Phuket",98.385532,,Choeng Thale,79412.0,551.0
1196.0,75000,6,Detached House,Fully Furnished,Phuket,,7.9076318,799.9999999999999,0,6,60000000,"Choeng Thale, Thalang, Phuket",98.385532,,Choeng Thale,1764706.0,2206.0
300.0,58823,5,Detached House,Fully Furnished,Phuket,,7.9076318,340.0,0,5,20000000,"Choeng Thale, Thalang, Phuket",98.385532,,Choeng Thale,588235.0,1730.0
272.0,63968,3,Detached House,,Phuket,,7.8077767,383.0,0,3,24500000,"Rawai, Muang Phuket, Phuket",98.3372239,,Rawai,720588.0,1881.0
672.0,52083,7,Detached House,,Phuket,,7.98978,1344.0,0,6,70000000,"Pa Khlok, Thalang, Phuket",98.4204157,,Pa Khlok,2058824.0,1532.0
266.0,59077,2,Detached House,,Phuket,,8.0168829,368.0,0,3,21740400,"Choeng Thale, Thalang, Phuket",98.306194,,Choeng Thale,639424.0,1738.0
396.0,54376,4,Detached House,,Phuket,,7.9497593,377.0,0,3,20500000,"Kammala, Kathu, Phuket",98.2846511,,Kammala,602941.0,1599.0
447.0,14724,4,Detached House,Partially Furnished,Phuket,,7.9014375,944.0,0,6,13900000,"ถนนบางทอง, Kathu, Kathu, Phuket",98.3302031,Freehold,Kathu,408824.0,433.0
165.0,106060,3,Condo,Partially Furnished,Phuket,2012.0,7.8826646,,0,3,17500000,"นาใน นาใน, Patong, Kathu, Phuket",98.3007716,,Patong,514706.0,3119.0
728.0,45000,5,Detached House,,Phuket,,7.9497593,4000.0,0,5,180000000,"Kammala, Kathu, Phuket",98.2846511,,Kammala,5294118.0,1324.0
591.0,37991,6,Detached House,,Phuket,,8.001777,1474.0,0,5,56000000,"Choeng Thale, Thalang, Phuket",98.294076,,Choeng Thale,1647059.0,1117.0
1100.0,27058,4,Detached House,,Phuket,,8.0690709428647,3400.0,0,5,92000000,"Pa Khlok, Thalang, Phuket",98.434444931152,,Pa Khlok,2705882.0,796.0
330.0,44320,4,Detached House,,Phuket,,7.9990257452978,468.0,0,3,20742000,"Choeng Thale, Thalang, Phuket",98.30865753103,,Choeng Thale,610059.0,1304.0
421.0,47124,4,Detached House,,Phuket,,7.9900488,1443.0,0,4,68000000,"Pa Khlok, Thalang, Phuket",98.4168364,,Pa Khlok,2000000.0,1386.0
206.0,102285,2,Detached House,,Phuket,,7.7760108588458,175.0,0,2,17900000,"Rawai, Muang Phuket, Phuket",98.326692581177,,Rawai,526471.0,3008.0
888.0000000000001,67786,5,Detached House,,Phuket,,7.9497593,1607.9999999999998,0,5,109000000,"Kammala, Kathu, Phuket",98.2846511,,Kammala,3205882.0,1994.0
400.0,66533,4,Detached House,,Phuket,,7.8206945,750.0,0,4,49900000,"Karon, Muang Phuket, Phuket",98.2976473,,Karon,1467647.0,1957.0
70.0,104285,1,Apartment,,Phuket,,7.9362918117916,,0,1,7300000,"Kammala, Kathu, Phuket",98.273543722266,,Kammala,214706.0,3067.0
636.0,65555,6,Detached House,,Phuket,,7.9811755,900.0,0,4,59000000,"Choeng Thale, Thalang, Phuket",98.2777668,,Choeng Thale,1735294.0,1928.0
200.0,85000,2,Apartment,,Phuket,,8.0370488,,0,2,17000000,"Choeng Thale, Thalang, Phuket",98.2839587,,Choeng Thale,500000.0,2500.0
396.0,54376,3,Detached House,,Phuket,,7.9497593,377.0,0,3,20500000,"Kammala, Kathu, Phuket",98.2846511,,Kammala,602941.0,1599.0
380.0,42250,3,Detached House,,Phuket,,8.0370488,400.0,0,3,16900000,"Choeng Thale, Thalang, Phuket",98.2839587,,Choeng Thale,497059.0,1243.0
1225.0,122184,5,Detached House,,Phuket,,8.0605514,1465.0,0,5,179000000,"Sa Khu, Thalang, Phuket",98.2771992,,Sa Khu,5264706.0,3594.0
799.9999999999999,48387,7,Detached House,,Phuket,,8.0365633,1240.0,0,6,60000000,"Choeng Thale, Thalang, Phuket",98.2843123,,Choeng Thale,1764706.0,1423.0
300.0,93333,3,Apartment,,Phuket,,8.0370488,,0,3,28000000,"Choeng Thale, Thalang, Phuket",98.2839587,,Choeng Thale,823529.0,2745.0
209.0,67539,2,Detached House,,Phuket,,8.1033869178377,191.00000000000003,0,2,12900000,"Thep Krasattri, Thalang, Phuket",98.343075637109,,Thep Krasattri,379412.0,1986.0
200.0,49615,4,Detached House,,Phuket,,7.7769888342534,260.0,0,3,12900000,"Rawai, Muang Phuket, Phuket",98.305642604828,,Rawai,379412.0,1459.0
33.0,87575,1,Condo,,Phuket,,7.9025703003815,,0,1,2890000,"Patong, Kathu, Phuket",98.30227753508,,Patong,85000.0,2576.0
245.0,44402,3,Detached House,,Phuket,,7.9801153721604,268.0,0,3,11900000,"Sri Sunthon, Thalang, Phuket",98.36060498558,,Sri Sunthon,350000.0,1306.0
450.0,21428,5,Detached House,,Phuket,,7.8357639365616,770.0,0,4,16500000,"Chalong, Muang Phuket, Phuket",98.347464447883,,Chalong,485294.0,630.0
271.0,29585,4,Detached House,,Phuket,,8.0152804130703,676.0,0,3,20000000,"Choeng Thale, Thalang, Phuket",98.31184387207,,Choeng Thale,588235.0,870.0
138.0,69182,2,Detached House,,Phuket,,7.8981057163429,159.0,0,2,11000000,"Kathu, Kathu, Phuket",98.344839221619,,Kathu,323529.0,2035.0
1200.0,59375,7,Detached House,,Phuket,,7.9244399959019,1599.9999999999998,0,6,95000000,"Patong, Kathu, Phuket",98.275207181124,,Patong,2794118.0,1746.0
400.0,52321,4,Detached House,,Phuket,,7.9598047705513,611.6,0,4,32000000,"Kammala, Kathu, Phuket",98.285819357797,,Kammala,941176.0,1539.0
850.0,31250,7,Detached House,,Phuket,,7.9933016995055,1599.9999999999998,0,6,50000000,"Pa Khlok, Thalang, Phuket",98.4132995482,,Pa Khlok,1470588.0,919.0
215.0,65503,4,Detached House,,Phuket,,7.8238382530451,258.0,0,4,16900000,"Chalong, Muang Phuket, Phuket",98.341100867773,,Chalong,497059.0,1927.0
124.0,87096,2,Townhouse,,Phuket,,7.9926274725576,158.0,0,2,10800000,"Choeng Thale, Thalang, Phuket",98.29202447854,,Choeng Thale,317647.0,2562.0
180.0,23000,3,Detached House,,Phuket,,7.9954181743514,300.0,0,2,6900000,"Choeng Thale, Thalang, Phuket",98.309865348284,,Choeng Thale,202941.0,676.0
874.0,35555,4,Detached House,,Phuket,,8.0083934183244,1800.0,0,5,64000000,"Choeng Thale, Thalang, Phuket",98.293205527164,,Choeng Thale,1882353.0,1046.0
287.0,26578,3,Detached House,,Phuket,,8.0158671442603,950.0,0,3,25250000,"Choeng Thale, Thalang, Phuket",98.313008222606,,Choeng Thale,742647.0,782.0
629.0,50928,5,Detached House,,Phuket,,7.9874335711078,910.0,0,4,46345000,"Choeng Thale, Thalang, Phuket",98.30070256351,,Choeng Thale,1363088.0,1498.0
350.0,12500,3,Detached House,,Phuket,,7.9284923934845,799.9999999999999,0,2,10000000,"Kathu, Kathu, Phuket",98.334259128573,,Kathu,294118.0,368.0
1200.0,59375,7,Detached House,,Phuket,,7.9119602244332,1599.9999999999998,0,6,95000000,"Patong, Kathu, Phuket",98.29723876648,,Patong,2794118.0,1746.0
220.0,81481,3,Detached House,,Phuket,,7.9639097417945,270.0,0,3,22000000,"Sri Sunthon, Thalang, Phuket",98.348817469462,,Sri Sunthon,647059.0,2396.0
165.0,19852,3,Detached House,,Phuket,,7.9861375588974,272.0,0,3,5400000,"Sri Sunthon, Thalang, Phuket",98.368898557781,,Sri Sunthon,158824.0,584.0
229.0,155109,2,Condo,,Phuket,,8.0069125142355,,0,2,35520000,"Choeng Thale, Thalang, Phuket",98.293062845892,,Choeng Thale,1044706.0,4562.0
490.0,29687,5,Detached House,,Phuket,,8.0454953083682,640.0,0,4,19000000,"Pa Khlok, Thalang, Phuket",98.426584463461,,Pa Khlok,558824.0,873.0
30.0,71666,1,Condo,,Phuket,,7.8241210301952,,0,1,2150000,"Chalong, Muang Phuket, Phuket",98.33568039892,,Chalong,63235.0,2108.0
380.0,69114,4,Detached House,,Phuket,,7.9951725539472,463.0,0,3,32000000,"Choeng Thale, Thalang, Phuket",98.300322002609,,Choeng Thale,941176.0,2033.0
300.0,14300,1,Condo,,Phuket,,7.7839124319734,,0,1,4290000,"Rawai, Muang Phuket, Phuket",98.324490865207,,Rawai,126176.0,421.0
1500.0,56250,10,Detached House,,Phuket,,8.1341553949505,1599.9999999999998,0,8,90000000,"Mai Khao, Thalang, Phuket",98.304178637979,,Mai Khao,2647059.0,1654.0
60.0,53166,2,Condo,,Phuket,,7.9066427567514,,0,2,3190000,"Kathu, Kathu, Phuket",98.327376497579,,Kathu,93824.0,1564.0
220.0,48333,3,Detached House,,Phuket,,7.7729323870611,300.0,0,3,14500000,"Rawai, Muang Phuket, Phuket",98.322532881417,,Rawai,426471.0,1422.0
38.0,69736,1,Condo,,Phuket,,7.7750936305003,,0,1,2650000,"Rawai, Muang Phuket, Phuket",98.327669241445,,Rawai,77941.0,2051.0
180.0,38202,4,Detached House,,Phuket,,8.0004440507199,178.0,0,3,6800000,"Choeng Thale, Thalang, Phuket",98.306944526747,,Choeng Thale,200000.0,1124.0
650.0,20769,5,Detached House,,Phuket,,7.8300937200628,650.0,0,5,13500000,"Chalong, Muang Phuket, Phuket",98.340554237366,,Chalong,397059.0,611.0
100.0,168000,2,Condo,,Phuket,,8.0476268609737,,0,3,16800000,"Choeng Thale, Thalang, Phuket",98.278280099363,,Choeng Thale,494118.0,4941.0
1000.0,15000,4,Detached House,,Phuket,,7.7796905781178,1599.9999999999998,0,3,24000000,"Rawai, Muang Phuket, Phuket",98.306612367275,,Rawai,705882.0,441.0
300.0,28444,3,Detached House,,Phuket,,7.7735256257552,450.0,0,3,12800000,"Rawai, Muang Phuket, Phuket",98.321756334882,,Rawai,376471.0,837.0
,121621,,Detached House,,Phuket,,7.90268,37.0,0,,4500000,"3/13 พระบารมี (ทล.4029), Patong, Kathu, Phuket",98.31551,,Patong,132353.0,3577.0
39.0,57692,,Apartment,,Phuket,,7.894511,,0,,2250000,"127/41 (D30) พิศิษฐ์กรณีย์, Patong, Kathu, Phuket",98.307139,,Patong,66176.0,1697.0
,100350,,Detached House,,Phuket,,7.956491,37.1,0,,3723000,"98/21 ห่านฝรั่ง เทพกระษัตรี(ทล.402), Ko Kaeo, Muang Phuket, Phuket",98.372773,,Ko Kaeo,109500.0,2951.0
,19339,,Detached House,,Phuket,,7.86287,190.8,0,,3690000,"79/77 เข้งหงวน-นากก เจ้าฟ้าตะวันตก (ทล.4024), Chalong, Muang Phuket, Phuket",98.33242,,Chalong,108529.0,569.0
,51291,,Detached House,,Phuket,,7.996031,54.2,0,,2780000,"1/156 10 เทพกระษัตรี (ทล.402), Sri Sunthon, Thalang, Phuket",98.347628,,Sri Sunthon,81765.0,1509.0
,27785,,Detached House,,Phuket,,7.919318,147.2,0,,4090000,"85/64 วิชิตสงคราม (ทล.4020), Kathu, Kathu, Phuket",98.338675,,Kathu,120294.0,817.0
,16792,,Detached House,,Phuket,,7.922028,256.0,0,,4299000,"6/177 วิชิตสงคราม (ทล.4020), Kathu, Kathu, Phuket",98.331821,,Kathu,126441.0,494.0
52.0,45961,,Apartment,,Phuket,,7.879802,,0,,2390000,"6/25 สิริราชย์, Patong, Kathu, Phuket",98.292082,,Patong,70294.0,1352.0
,12878,,Detached House,,Phuket,,7.98653,224.4,0,,2890000,"59/127 เทพกระษัตรี (ทล.402), Sri Sunthon, Thalang, Phuket",98.36199,,Sri Sunthon,85000.0,379.0
36.0,44166,,Apartment,,Phuket,,7.89671,,0,,1590000,"146/53 เอกวานิช, Ratsada, Muang Phuket, Phuket",98.375053,,Ratsada,46765.0,1299.0
,57886,,Detached House,,Phuket,,7.991763,67.2,0,,3890000,"3/17 เทพกระษัตรี (ทล.402), Sri Sunthon, Thalang, Phuket",98.350401,,Sri Sunthon,114412.0,1703.0
,49572,,Detached House,,Phuket,,7.98249,58.5,0,,2900000,"1/43 สายท่าเรือ-ป่าคลอก-เมืองใหม่ (ทล.4027), Sri Sunthon, Thalang, Phuket",98.37079,,Sri Sunthon,85294.0,1458.0
,27105,,Detached House,,Phuket,,7.918763,147.2,0,,3990000,"85/69 4 วิชิตสงคราม (ทล.4020), Kathu, Kathu, Phuket",98.338858,,Kathu,117353.0,797.0
,11527,,Detached House,,Phuket,,7.991929,216.0,0,,2490000,"3/218 7 เทพกระษัตรี, Sri Sunthon, Thalang, Phuket",98.347608,,Sri Sunthon,73235.0,339.0
,27105,,Detached House,,Phuket,,7.91895,147.2,0,,3990000,"85/96 5 วิชิตสงคราม (ทล.4020), Kathu, Kathu, Phuket",98.33845,,Kathu,117353.0,797.0
,70359,,Detached House,,Phuket,,7.866711,69.5,0,,4890000,"55/90 เจ้าฟ้าตะวันออก (ทล.4021), Wichit, Muang Phuket, Phuket",98.367767,,Wichit,143824.0,2069.0
,52380,,Detached House,,Phuket,,8.00984,39.9,0,,2090000,"54/170 สายท่าเรือ-ป่าคลอก-เมืองใหม่ (ทล.4027), Pa Khlok, Thalang, Phuket",98.39384,,Pa Khlok,61471.0,1541.0
,13377,,Detached House,,Phuket,,7.959087,204.0,0,,2729000,"35/108 เทพกระษัตรี (ทล.402), Ko Kaeo, Muang Phuket, Phuket",98.37853,,Ko Kaeo,80265.0,393.0
36.0,41388,,Apartment,,Phuket,,7.8972,,0,,1490000,"147/36 เอกวานิช-สามกอง, Ratsada, Muang Phuket, Phuket",98.37578,,Ratsada,43824.0,1217.0
,108423,,Detached House,,Phuket,,7.919128,36.8,0,,3990000,"85/94 5 วิชิตสงคราม (ทล.4020), Kathu, Kathu, Phuket",98.338398,,Kathu,117353.0,3189.0
72.0,47500,,Apartment,,Phuket,,7.897758,,0,,3420000,"วิชิตสงคราม (ทล.4020), Kathu, Kathu, Phuket",98.347522,,Kathu,100588.0,1397.0
,12418,,Detached House,,Phuket,,7.99305,675.6,0,,8390000,"เทพกระษัตรี (ทล.402), Sri Sunthon, Thalang, Phuket",98.350593,,Sri Sunthon,246765.0,365.0
,60810,,Detached House,,Phuket,,7.86651,88.8,0,,5400000,"55/91 เจ้าฟ้าตะวันออก (ทล.4021), Wichit, Muang Phuket, Phuket",98.36773,,Wichit,158824.0,1789.0
200.0,25714,3,Detached House,,Phuket,,7.7731269416568,350.0,0,3,9000000,"Rawai, Muang Phuket, Phuket",98.321482414269,,Rawai,264706.0,756.0
136.0,69852,2,Condo,,Phuket,,8.0034778970545,,0,2,9500000,"Choeng Thale, Thalang, Phuket",98.29803965969,,Choeng Thale,279412.0,2054.0
200.0,25000,3,Detached House,,Phuket,,7.7735488854319,300.0,0,2,7500000,"Rawai, Muang Phuket, Phuket",98.321099641028,,Rawai,220588.0,735.0
29.0,110000,1,Condo,,Phuket,,7.7755269584214,,0,1,3190000,"Rawai, Muang Phuket, Phuket",98.327160839933,,Rawai,93824.0,3235.0
189.0,14893,3,Detached House,,Phuket,,8.0183867284673,376.0,0,3,5600000,"Thep Krasattri, Thalang, Phuket",98.332584252085,,Thep Krasattri,164706.0,438.0
38.0,49857,2,Detached House,,Phuket,,7.9340720787225,70.0,0,3,3490000,"Kathu, Kathu, Phuket",98.322564207795,,Kathu,102647.0,1466.0
250.0,20681,4,Detached House,,Phuket,,7.9228950191288,580.0,0,4,11995000,"Patong, Kathu, Phuket",98.303295148007,,Patong,352794.0,608.0
35.0,109971,1,Condo,,Phuket,,7.7733481948036,,0,1,3849000,"Rawai, Muang Phuket, Phuket",98.321565558,,Rawai,113206.0,3234.0
600.0,12083,6,Detached House,,Phuket,,7.8372642601059,4800.0,0,5,58000000,"Chalong, Muang Phuket, Phuket",98.32259167729,,Chalong,1705882.0,355.0
450.0,19736,5,Detached House,,Phuket,,7.9494503975697,912.0,0,5,18000000,"Ko Kaeo, Muang Phuket, Phuket",98.367481242041,,Ko Kaeo,529412.0,580.0
350.0,11125,5,Detached House,,Phuket,,7.9570190643786,799.9999999999999,0,4,8900000,"Kammala, Kathu, Phuket",98.283731823935,,Kammala,261765.0,327.0
262.0,47564,2,Detached House,,Phuket,,7.8013634354228,262.8,0,2,12500000,"Rawai, Muang Phuket, Phuket",98.320163496306,,Rawai,367647.0,1399.0
97.0,61855,1,Condo,,Phuket,,7.84547508162,,0,1,6000000,"Karon, Muang Phuket, Phuket",98.295883511904,,Karon,176471.0,1819.0
129.0,40512,2,Detached House,,Phuket,,7.7940312839748,195.0,0,2,7900000,"Rawai, Muang Phuket, Phuket",98.322776556015,,Rawai,232353.0,1192.0
298.0,33720,4,Detached House,,Phuket,,7.8403254323884,430.0,0,3,14500000,"Chalong, Muang Phuket, Phuket",98.347286173897,,Chalong,426471.0,992.0
420.0,60000,6,Detached House,,Phuket,,7.9758414309445,500.0,0,4,30000000,"Choeng Thale, Thalang, Phuket",98.283326292379,,Choeng Thale,882353.0,1765.0
540.0,41666,5,Detached House,,Phuket,,7.79989138751,540.0,0,4,22500000,"Rawai, Muang Phuket, Phuket",98.319534864116,,Rawai,661765.0,1225.0
120.0,21843,2,Detached House,,Phuket,,8.0067819979378,320.0,0,2,6990000,"Choeng Thale, Thalang, Phuket",98.313234364447,,Choeng Thale,205588.0,642.0
250.0,23800,3,Detached House,,Phuket,,7.9792620846008,500.0,0,3,11900000,"Sri Sunthon, Thalang, Phuket",98.36140765522,,Sri Sunthon,350000.0,700.0
1599.9999999999998,104691,6,Detached House,,Phuket,,8.060461559931,1428.0,0,5,149500000,"Sa Khu, Thalang, Phuket",98.278215696038,,Sa Khu,4397059.0,3079.0
750.0,15000,5,Detached House,,Phuket,,7.7748993780356,900.0,0,4,13500000,"Rawai, Muang Phuket, Phuket",98.321194875496,,Rawai,397059.0,441.0
300.0,93333,3,Condo,,Phuket,,8.0359746505346,,0,3,28000000,"Choeng Thale, Thalang, Phuket",98.285392884421,,Choeng Thale,823529.0,2745.0
476.0,52783,5,Detached House,,Phuket,,8.0024942144089,1042.0,0,4,55000000,"Choeng Thale, Thalang, Phuket",98.300448245641,,Choeng Thale,1617647.0,1552.0
320.0,42622,3,Detached House,,Phuket,,8.0338821583945,610.0,0,3,26000000,"Choeng Thale, Thalang, Phuket",98.291343184598,,Choeng Thale,764706.0,1254.0
30.0,50000,1,Condo,,Phuket,,7.8334788443828,,0,1,1500000,"Chalong, Muang Phuket, Phuket",98.34394053659,,Chalong,44118.0,1471.0
1225.0,122184,6,Detached House,,Phuket,,8.0601165604457,1465.0,0,5,179000000,"Sa Khu, Thalang, Phuket",98.279270942825,,Sa Khu,5264706.0,3594.0
64.0,77968,2,Condo,,Phuket,,7.7720712063782,,0,2,4990000,"Rawai, Muang Phuket, Phuket",98.319746549486,,Rawai,146765.0,2293.0
1100.0,43125,5,Detached House,,Phuket,,7.8281382260356,1599.9999999999998,0,5,69000000,"Karon, Muang Phuket, Phuket",98.294641387458,,Karon,2029412.0,1268.0
215.0,20647,2,Detached House,,Phuket,,7.841768139886,247.0,0,2,5100000,"Chalong, Muang Phuket, Phuket",98.332089168602,,Chalong,150000.0,607.0
140.0,47709,2,Detached House,,Phuket,,7.7789301880701,262.0,0,2,12500000,"Rawai, Muang Phuket, Phuket",98.305831060949,,Rawai,367647.0,1403.0
1225.0,122184,6,Detached House,,Phuket,,8.059656992884,1465.0,0,5,179000000,"Sa Khu, Thalang, Phuket",98.278593691842,,Sa Khu,5264706.0,3594.0
450.0,28000,3,Detached House,,Phuket,,7.7777347781569,500.0,0,2,14000000,"Rawai, Muang Phuket, Phuket",98.323898748308,,Rawai,411765.0,824.0
350.0,76538,5,Detached House,,Phuket,,7.8853097429918,260.0,0,4,19900000,"Patong, Kathu, Phuket",98.288630956218,,Patong,585294.0,2251.0
1000.0,11187,4,Detached House,,Phuket,,7.7745418449009,1599.9999999999998,0,4,17900000,"Rawai, Muang Phuket, Phuket",98.320910389328,,Rawai,526471.0,329.0
1350.0,16666,5,Detached House,,Phuket,,7.7744200814236,1650.0,0,4,27500000,"Rawai, Muang Phuket, Phuket",98.320117791085,,Rawai,808824.0,490.0
120.0,40909,2,Detached House,,Phuket,,7.773787650828,220.0,0,2,9000000,"Rawai, Muang Phuket, Phuket",98.322610340301,,Rawai,264706.0,1203.0
240.0,29032,2,Detached House,,Phuket,,7.7814262445918,310.0,0,2,9000000,"Rawai, Muang Phuket, Phuket",98.324869361635,,Rawai,264706.0,854.0
350.0,76538,5,Detached House,,Phuket,,7.8829150695135,260.0,0,4,19900000,"Patong, Kathu, Phuket",98.278283509774,,Patong,585294.0,2251.0
235.0,26082,2,Detached House,,Phuket,,7.9993479356849,268.0,0,2,6990000,"Choeng Thale, Thalang, Phuket",98.308868050807,,Choeng Thale,205588.0,767.0
65.0,32307,1,Condo,,Phuket,,7.7864860405103,,0,1,2100000,"Rawai, Muang Phuket, Phuket",98.316271362112,,Rawai,61765.0,950.0
140.0,35416,2,Detached House,,Phuket,,7.7735483276877,240.0,0,2,8500000,"Rawai, Muang Phuket, Phuket",98.323087362667,,Rawai,250000.0,1042.0
95.0,21666,2,Detached House,,Phuket,,7.7752634928919,300.0,0,2,6500000,"Rawai, Muang Phuket, Phuket",98.325217280778,,Rawai,191176.0,637.0
690.0,21304,6,Detached House,,Phuket,,7.7741195363422,2300.0,0,6,49000000,"Rawai, Muang Phuket, Phuket",98.320353056476,,Rawai,1441176.0,627.0
450.0,47498,6,Detached House,,Phuket,,7.974836192311,799.9999999999999,0,5,37999000,"Choeng Thale, Thalang, Phuket",98.282670840325,,Choeng Thale,1117618.0,1397.0
262.0,47564,2,Detached House,,Phuket,,7.7671524935227,262.8,0,2,12500000,"Rawai, Muang Phuket, Phuket",98.315322407858,,Rawai,367647.0,1399.0
140.0,31034,2,Detached House,,Phuket,,7.7717107678796,290.0,0,2,9000000,"Rawai, Muang Phuket, Phuket",98.320271095601,,Rawai,264706.0,913.0
400.0,181250,8,Detached House,,Phuket,,7.8232826258003,799.9999999999999,0,8,145000000,"Karon, Muang Phuket, Phuket",98.300530642903,,Karon,4264706.0,5331.0
504.0,133130,4,Detached House,,Phuket,,7.7733971115568,196.8,0,3,26200000,"Rawai, Muang Phuket, Phuket",98.323151953576,,Rawai,770588.0,3916.0
300.0,21944,4,Detached House,,Phuket,,8.0055269672438,360.0,0,3,7900000,"Choeng Thale, Thalang, Phuket",98.300547877516,,Choeng Thale,232353.0,645.0
137.0,28846,2,Detached House,,Phuket,,8.0041906537222,208.0,0,2,6000000,"Choeng Thale, Thalang, Phuket",98.295734473938,,Choeng Thale,176471.0,848.0
160.0,50833,3,Detached House,,Phuket,,7.7871896477457,240.0,0,3,12200000,"Rawai, Muang Phuket, Phuket",98.312968467693,,Rawai,358824.0,1495.0
200.0,31800,3,Detached House,,Phuket,,7.7735754282412,250.0,0,3,7950000,"Rawai, Muang Phuket, Phuket",98.321914057825,,Rawai,233824.0,935.0
500.0,42162,4,Detached House,,Phuket,,8.0302938370659,925.0,0,3,39000000,"Choeng Thale, Thalang, Phuket",98.299663285337,,Choeng Thale,1147059.0,1240.0
100.0,61904,2,Detached House,,Phuket,,7.7742102822815,105.0,0,2,6500000,"Rawai, Muang Phuket, Phuket",98.320362613113,,Rawai,191176.0,1821.0
433.0,17953,3,Detached House,,Phuket,,7.7784886665019,1114.0,0,3,20000000,"Rawai, Muang Phuket, Phuket",98.304432149676,,Rawai,588235.0,528.0
580.0,61875,4,Detached House,,Phuket,,7.9714163651736,1599.9999999999998,0,4,99000000,"Choeng Thale, Thalang, Phuket",98.282287300707,,Choeng Thale,2911765.0,1820.0
48.00000000000001,66666,1,Condo,,Phuket,,7.7812729161248,,0,1,3200000,"Rawai, Muang Phuket, Phuket",98.309035460289,,Rawai,94118.0,1961.0
312.0,18910,3,Detached House,,Phuket,,7.8193284814321,312.0,0,3,5900000,"Rawai, Muang Phuket, Phuket",98.33530186027,,Rawai,173529.0,556.0
100.0,32500,3,Detached House,,Phuket,,7.779219484854,120.0,0,3,3900000,"Rawai, Muang Phuket, Phuket",98.305717411478,,Rawai,114706.0,956.0
1256.0,56678,7,Detached House,,Phuket,,7.7795230751467,2029.0,0,6,115000000,"Rawai, Muang Phuket, Phuket",98.303606588137,,Rawai,3382353.0,1667.0
310.0,29000,3,Detached House,,Phuket,,7.7799375472795,500.0,0,3,14500000,"Rawai, Muang Phuket, Phuket",98.324485384814,,Rawai,426471.0,853.0
189.0,14893,3,Detached House,,Phuket,,7.916186227717,376.0,0,2,5600000,"Kathu, Kathu, Phuket",98.335548332651,,Kathu,164706.0,438.0
189.0,15909,5,Detached House,,Phuket,,7.980674144153,748.0,0,4,11900000,"Sri Sunthon, Thalang, Phuket",98.336690534213,,Sri Sunthon,350000.0,468.0
244.00000000000003,42229,3,Detached House,,Phuket,,8.0885829147409,296.0,0,3,12500000,"Sa Khu, Thalang, Phuket",98.300620732453,,Sa Khu,367647.0,1242.0
1500.0,12083,5,Detached House,,Phuket,,7.82605119794,4800.0,0,5,58000000,"Chalong, Muang Phuket, Phuket",98.343750127422,,Chalong,1705882.0,355.0
720.0,49264,4,Detached House,,Phuket,,8.0853569732729,1360.0,0,4,67000000,"Sa Khu, Thalang, Phuket",98.312275539887,,Sa Khu,1970588.0,1449.0
485.0,23000,3,Detached House,,Phuket,,7.8188484673569,500.0,0,3,11500000,"Karon, Muang Phuket, Phuket",98.303471578017,,Karon,338235.0,676.0
525.0,23498,4,Detached House,,Phuket,,8.0046313853705,766.0,0,4,18000000,"Choeng Thale, Thalang, Phuket",98.302629021522,,Choeng Thale,529412.0,691.0
130.0,29182,2,Detached House,,Phuket,,7.7788730737473,257.0,0,2,7500000,"Rawai, Muang Phuket, Phuket",98.303468997722,,Rawai,220588.0,858.0
600.0,28333,4,Detached House,,Phuket,,7.8209010284282,600.0,0,4,17000000,"Karon, Muang Phuket, Phuket",98.30132236015,,Karon,500000.0,833.0
115.0,39130,2,Detached House,,Phuket,,7.7790207420185,115.0,0,2,4500000,"Rawai, Muang Phuket, Phuket",98.321859411746,,Rawai,132353.0,1151.0
450.0,34400,3,Detached House,,Phuket,,7.7791408117518,500.0,0,3,17200000,"Rawai, Muang Phuket, Phuket",98.32341633989,,Rawai,505882.0,1012.0
210.0,33333,2,Detached House,,Phuket,,7.7789178828328,360.0,0,2,12000000,"Rawai, Muang Phuket, Phuket",98.322819664021,,Rawai,352941.0,980.0
90.0,32071,3,Detached House,,Phuket,,7.9637356119777,140.0,0,2,4490000,"Ko Kaeo, Muang Phuket, Phuket",98.379582339963,,Ko Kaeo,132059.0,943.0
83.0,54216,2,Condo,,Phuket,,7.7795011747768,,0,2,4500000,"Rawai, Muang Phuket, Phuket",98.306119612972,,Rawai,132353.0,1595.0
450.0,47487,6,Detached House,,Phuket,,8.0461212417323,799.9999999999999,0,5,37990000,"Thep Krasattri, Thalang, Phuket",98.310438297902,,Thep Krasattri,1117353.0,1397.0
250.0,58734,4,Detached House,,Phuket,,8.0352678592624,664.0,0,3,39000000,"Choeng Thale, Thalang, Phuket",98.286311896718,,Choeng Thale,1147059.0,1727.0
100.0,19975,2,Detached House,,Phuket,,7.8379068088536,242.8,0,2,4850000,"Chalong, Muang Phuket, Phuket",98.332115687873,,Chalong,142647.0,588.0
140.0,20416,2,Detached House,,Phuket,,7.8474336155521,240.0,0,2,4900000,"Chalong, Muang Phuket, Phuket",98.339771468149,,Chalong,144118.0,600.0
350.0,24500,3,Detached House,,Phuket,,7.7804328910275,1000.0,0,3,24500000,"Rawai, Muang Phuket, Phuket",98.308019977837,,Rawai,720588.0,721.0
392.0,61967,4,Detached House,,Phuket,,8.0021543888673,305.0,0,3,18900000,"Choeng Thale, Thalang, Phuket",98.314223505324,,Choeng Thale,555882.0,1823.0
500.0,18125,4,Detached House,,Phuket,,7.7738803638429,1599.9999999999998,0,4,29000000,"Rawai, Muang Phuket, Phuket",98.323753138929,,Rawai,852941.0,533.0
140.0,40753,2,Detached House,,Phuket,,7.953221354138,292.0,0,3,11900000,"Ko Kaeo, Muang Phuket, Phuket",98.36673037626,,Ko Kaeo,350000.0,1199.0
700.0,72500,8,Detached House,,Phuket,,7.812341446343,2000.0,0,8,145000000,"Karon, Muang Phuket, Phuket",98.298151276419,,Karon,4264706.0,2132.0
300.0,65555,4,Detached House,,Phuket,,7.9576013966977,180.0,0,3,11800000,"Ko Kaeo, Muang Phuket, Phuket",98.37138836261,,Ko Kaeo,347059.0,1928.0
300.0,93333,4,Condo,,Phuket,,7.8211150188107,,0,3,28000000,"Karon, Muang Phuket, Phuket",98.298642316194,,Karon,823529.0,2745.0
231.0,72727,3,Detached House,,Phuket,,7.7732480968711,385.0,0,3,28000000,"Rawai, Muang Phuket, Phuket",98.323273616262,,Rawai,823529.0,2139.0
120.0,27500,2,Detached House,,Phuket,,7.8953294161319,200.0,0,3,5500000,"Kathu, Kathu, Phuket",98.340300341546,,Kathu,161765.0,809.0
255.0,24583,5,Detached House,,Phuket,,7.7864043894102,240.0,0,4,5900000,"Rawai, Muang Phuket, Phuket",98.327453988005,,Rawai,173529.0,723.0
100.0,25000,2,Detached House,,Phuket,,7.7807590507814,159.6,0,2,3990000,"Rawai, Muang Phuket, Phuket",98.308268918387,,Rawai,117353.0,735.0
250.0,30692,4,Detached House,,Phuket,,7.9350574870664,650.0,0,3,19950000,"Ko Kaeo, Muang Phuket, Phuket",98.425537486169,,Ko Kaeo,586765.0,903.0
120.0,30243,3,Detached House,,Phuket,,7.9574557058332,205.0,0,3,6200000,"Kammala, Kathu, Phuket",98.28603228582,,Kammala,182353.0,890.0
500.0,26363,5,Detached House,,Phuket,,8.0047135977934,1100.0,0,4,29000000,"Choeng Thale, Thalang, Phuket",98.299935269684,,Choeng Thale,852941.0,775.0
120.0,112500,2,Condo,,Phuket,,7.8515918316678,,0,2,13500000,"Karon, Muang Phuket, Phuket",98.298367164335,,Karon,397059.0,3309.0
250.0,23138,3,Detached House,,Phuket,,7.8447882118745,497.00000000000006,0,4,11500000,"Karon, Muang Phuket, Phuket",98.298455031379,,Karon,338235.0,681.0
35.0,104285,1,Condo,,Phuket,,7.844461909546,,0,1,3650000,"Karon, Muang Phuket, Phuket",98.295508691414,,Karon,107353.0,3067.0
140.0,15600,2,Detached House,,Phuket,,7.7732671530933,500.0,0,2,7800000,"Rawai, Muang Phuket, Phuket",98.321802539752,,Rawai,229412.0,459.0
206.0,105825,2,Condo,,Phuket,,7.8861595966016,,0,2,21800000,"Patong, Kathu, Phuket",98.282354923179,,Patong,641176.0,3112.0
320.0,12900,4,Detached House,,Phuket,,7.7797639290299,1000.0,0,4,12900000,"Rawai, Muang Phuket, Phuket",98.306619364557,,Rawai,379412.0,379.0
250.0,44237,3,Detached House,,Phuket,,7.8273002558455,269.0,0,3,11900000,"Chalong, Muang Phuket, Phuket",98.344425532544,,Chalong,350000.0,1301.0
750.0,35600,7,Detached House,,Phuket,,7.9546133620028,750.0,0,6,26700000,"Kammala, Kathu, Phuket",98.285143726657,,Kammala,785294.0,1047.0
1160.0,36206,4,Detached House,,Phuket,,8.0114101968498,1160.0,0,4,42000000,"Choeng Thale, Thalang, Phuket",98.296158250288,,Choeng Thale,1235294.0,1065.0
500.0,100000,5,Detached House,,Phuket,,7.8906671771026,500.0,0,5,50000000,"Ratsada, Muang Phuket, Phuket",98.43303870981,,Ratsada,1470588.0,2941.0
330.0,141271,5,Detached House,,Phuket,,8.0525008718387,495.5,0,4,70000000,"Pa Khlok, Thalang, Phuket",98.429592370319,,Pa Khlok,2058824.0,4155.0
613.0,56197,4,Detached House,,Phuket,,7.9471115856189,710.0,0,4,39900000,"Kammala, Kathu, Phuket",98.276842558854,,Kammala,1173529.0,1653.0
230.0,28260,2,Detached House,,Phuket,,7.7713282055093,230.0,0,2,6500000,"Rawai, Muang Phuket, Phuket",98.318565902817,,Rawai,191176.0,831.0
200.0,39600,4,Detached House,,Phuket,,7.7795944124499,500.0,0,4,19800000,"Rawai, Muang Phuket, Phuket",98.306004389649,,Rawai,582353.0,1165.0
190.0,44817,3,Detached House,,Phuket,,7.9996855806662,357.0,0,4,16000000,"Choeng Thale, Thalang, Phuket",98.303760988519,,Choeng Thale,470588.0,1318.0
672.0,52083,7,Detached House,,Phuket,,7.9955966164215,1344.0,0,6,70000000,"Pa Khlok, Thalang, Phuket",98.410246625098,,Pa Khlok,2058824.0,1532.0
227.0,211453,3,Condo,,Phuket,,8.0115458282971,,0,3,48000000,"Choeng Thale, Thalang, Phuket",98.292644069551,,Choeng Thale,1411765.0,6219.0
369.0,42441,3,Detached House,,Phuket,,7.9953510569469,424.00000000000006,0,3,17995000,"Choeng Thale, Thalang, Phuket",98.29506634113,,Choeng Thale,529265.0,1248.0
210.0,21281,3,Detached House,,Phuket,,7.7768858412122,399.4,0,2,8500000,"Rawai, Muang Phuket, Phuket",98.328946944375,,Rawai,250000.0,626.0
200.0,30243,3,Detached House,,Phuket,,7.9584414022293,205.0,0,3,6200000,"Kammala, Kathu, Phuket",98.287446453474,,Kammala,182353.0,890.0
280.0,33125,4,Detached House,,Phuket,,8.034081926187,799.9999999999999,0,3,26500000,"Choeng Thale, Thalang, Phuket",98.286255198971,,Choeng Thale,779412.0,974.0
500.0,15600,2,Detached House,,Phuket,,8.0098996828485,500.0,0,2,7800000,"Choeng Thale, Thalang, Phuket",98.298791058838,,Choeng Thale,229412.0,459.0
995.0,97332,5,Detached House,,Phuket,,7.9251097448973,1387.0,0,4,135000000,"Kammala, Kathu, Phuket",98.267575979147,,Kammala,3970588.0,2863.0
290.0,36976,5,Detached House,,Phuket,,7.8208244197404,430.0,0,5,15900000,"Karon, Muang Phuket, Phuket",98.298504106946,,Karon,467647.0,1088.0
672.0,52083,7,Detached House,,Phuket,,8.1610989539247,1344.0,0,6,70000000,"Mai Khao, Thalang, Phuket",98.3390583768,,Mai Khao,2058824.0,1532.0
350.0,25428,2,Detached House,,Phuket,,7.8254926759499,350.0,0,3,8900000,"Chalong, Muang Phuket, Phuket",98.34388976692,,Chalong,261765.0,748.0
300.0,15600,3,Detached House,,Phuket,,7.7719713710546,500.0,0,3,7800000,"Rawai, Muang Phuket, Phuket",98.321714401245,,Rawai,229412.0,459.0
1200.0,98333,5,Detached House,,Phuket,,7.8381463807762,1200.0,0,5,118000000,"Wichit, Muang Phuket, Phuket",98.404904232386,,Wichit,3470588.0,2892.0
300.0,28333,5,Detached House,,Phuket,,7.8194246015951,600.0,0,4,17000000,"Karon, Muang Phuket, Phuket",98.300690972858,,Karon,500000.0,833.0
185.0,28095,2,Detached House,,Phuket,,7.8959306724603,210.0,0,3,5900000,"Kathu, Kathu, Phuket",98.337740140038,,Kathu,173529.0,826.0
189.0,14893,3,Detached House,,Phuket,,8.0197106074436,376.0,0,3,5600000,"Thep Krasattri, Thalang, Phuket",98.335361480713,,Thep Krasattri,164706.0,438.0
646.0,53527,8,Detached House,,Phuket,,8.1414420432758,1643.9999999999998,0,7,88000000,"Mai Khao, Thalang, Phuket",98.298069875266,,Mai Khao,2588235.0,1574.0
449.0,96571,4,Detached House,,Phuket,,8.0281034092837,350.0,0,3,33800000,"Choeng Thale, Thalang, Phuket",98.299934864044,,Choeng Thale,994118.0,2840.0
799.9999999999999,156250,10,Detached House,,Phuket,,7.8217875651078,1599.9999999999998,0,8,250000000,"Karon, Muang Phuket, Phuket",98.30039990828,,Karon,7352941.0,4596.0
1650.0,16666,5,Detached House,,Phuket,,8.0131429758376,1650.0,0,4,27500000,"Choeng Thale, Thalang, Phuket",98.296555871961,,Choeng Thale,808824.0,490.0
1650.0,16666,5,Detached House,,Phuket,,7.7793645467701,1650.0,0,4,27500000,"Rawai, Muang Phuket, Phuket",98.329585386922,,Rawai,808824.0,490.0
300.0,22302,8,Detached House,,Phuket,,7.8174918969106,695.0,0,7,15500000,"Wichit, Muang Phuket, Phuket",98.398263222788,,Wichit,455882.0,656.0
300.0,28333,5,Detached House,,Phuket,,7.8209337107223,600.0,0,4,17000000,"Karon, Muang Phuket, Phuket",98.298471673128,,Karon,500000.0,833.0
480.0,37500,4,Detached House,,Phuket,,7.8224890925347,600.0,0,4,22500000,"Karon, Muang Phuket, Phuket",98.301451675352,,Karon,661765.0,1103.0
200.0,22500,5,Detached House,,Phuket,,7.8483901662846,600.0,0,5,13500000,"Wichit, Muang Phuket, Phuket",98.367176587446,,Wichit,397059.0,662.0
500.0,28000,3,Detached House,,Phuket,,7.7709930207892,500.0,0,2,14000000,"Rawai, Muang Phuket, Phuket",98.319410493041,,Rawai,411765.0,824.0
170.0,37826,3,Detached House,,Phuket,,7.961628144597,290.8,0,3,11000000,"Ko Kaeo, Muang Phuket, Phuket",98.3753114539,,Ko Kaeo,323529.0,1113.0
476.0,52783,5,Detached House,,Phuket,,8.01278234606,1042.0,0,4,55000000,"Choeng Thale, Thalang, Phuket",98.304057809745,,Choeng Thale,1617647.0,1552.0
185.0,29545,3,Detached House,,Phuket,,7.8185708036213,220.0,0,3,6500000,"Rawai, Muang Phuket, Phuket",98.331187191287,,Rawai,191176.0,869.0
95.0,21666,2,Detached House,,Phuket,,7.7733979059392,300.0,0,2,6500000,"Rawai, Muang Phuket, Phuket",98.321722863349,,Rawai,191176.0,637.0
300.0,41054,3,Detached House,,Phuket,,8.0015313894442,370.0,0,3,15190000,"Sri Sunthon, Thalang, Phuket",98.323299109268,,Sri Sunthon,446765.0,1207.0
721.0,30937,5,Detached House,,Phuket,,7.9849169041652,1599.9999999999998,0,4,49500000,"Sri Sunthon, Thalang, Phuket",98.328255049683,,Sri Sunthon,1455882.0,910.0
160.0,32250,4,Detached House,,Phuket,,7.7735179709165,200.0,0,4,6450000,"Rawai, Muang Phuket, Phuket",98.31984272486,,Rawai,189706.0,949.0
250.0,47600,3,Detached House,,Phuket,,7.8291735196182,250.0,0,3,11900000,"Chalong, Muang Phuket, Phuket",98.343564994481,,Chalong,350000.0,1400.0
300.0,21944,4,Detached House,,Phuket,,8.012136289919,360.0,0,3,7900000,"Choeng Thale, Thalang, Phuket",98.297272211097,,Choeng Thale,232353.0,645.0
320.0,17500,3,Detached House,,Phuket,,7.9538358642843,799.9999999999999,0,3,14000000,"Ko Kaeo, Muang Phuket, Phuket",98.371230007527,,Ko Kaeo,411765.0,515.0
265.0,19827,3,Detached House,,Phuket,,7.7779148104703,580.0,0,3,11500000,"Rawai, Muang Phuket, Phuket",98.32414073189,,Rawai,338235.0,583.0
200.0,26000,3,Detached House,,Phuket,,7.9406272487802,200.0,0,2,5200000,"Ko Kaeo, Muang Phuket, Phuket",98.381667032446,,Ko Kaeo,152941.0,765.0
385.0,23750,3,Detached House,,Phuket,,7.7796915201021,400.0,0,5,9500000,"Rawai, Muang Phuket, Phuket",98.30558462795,,Rawai,279412.0,699.0
650.0,16095,4,Detached House,,Phuket,,7.8265160622309,1050.0,0,4,16900000,"Chalong, Muang Phuket, Phuket",98.337213216188,,Chalong,497059.0,473.0
200.0,16725,4,Detached House,,Phuket,,7.9569303829835,568.0,0,3,9500000,"Kammala, Kathu, Phuket",98.283717850096,,Kammala,279412.0,492.0
300.0,27812,2,Detached House,,Phuket,,7.784431971169,320.0,0,3,8900000,"Rawai, Muang Phuket, Phuket",98.328109613365,,Rawai,261765.0,818.0
260.0,15000,5,Detached House,,Phuket,,7.7725112706998,900.0,0,4,13500000,"Rawai, Muang Phuket, Phuket",98.32171137695,,Rawai,397059.0,441.0
45.0,55555,1,Condo,,Phuket,,8.0012512923498,,0,1,2500000,"Choeng Thale, Thalang, Phuket",98.294722889448,,Choeng Thale,73529.0,1634.0
116.0,28448,2,Condo,,Phuket,,7.7725106184177,,0,2,3300000,"Rawai, Muang Phuket, Phuket",98.320898690172,,Rawai,97059.0,837.0
200.0,27812,2,Detached House,,Phuket,,7.7722478397098,320.0,0,3,8900000,"Rawai, Muang Phuket, Phuket",98.321521794889,,Rawai,261765.0,818.0
180.0,38764,4,Detached House,,Phuket,,7.9986172469387,178.0,0,3,6900000,"Choeng Thale, Thalang, Phuket",98.305693847152,,Choeng Thale,202941.0,1140.0
120.0,13782,2,Detached House,,Phuket,,7.9306280748618,312.0,0,3,4300000,"Ko Kaeo, Muang Phuket, Phuket",98.37680279871,,Ko Kaeo,126471.0,405.0
450.0,26818,4,Detached House,,Phuket,,7.9928186179985,1100.0,0,4,29500000,"Choeng Thale, Thalang, Phuket",98.302651675931,,Choeng Thale,867647.0,789.0
481.0,80277,4,Detached House,,Phuket,,7.7724463771351,360.0,0,4,28900000,"Rawai, Muang Phuket, Phuket",98.321781984252,,Rawai,850000.0,2361.0
346.0,97649,4,Detached House,,Phuket,,7.87893910135,553.0,0,3,54000000,"Ratsada, Muang Phuket, Phuket",98.432813494187,,Ratsada,1588235.0,2872.0
30.0,70000,1,Condo,,Phuket,,7.7719248659186,,0,1,2100000,"Rawai, Muang Phuket, Phuket",98.320833097952,,Rawai,61765.0,2059.0
125.0,60000,2,Condo,,Phuket,,7.7731757298203,,0,2,7500000,"Rawai, Muang Phuket, Phuket",98.322904986577,,Rawai,220588.0,1765.0
874.0,35555,5,Detached House,,Phuket,,8.004307433895,1800.0,0,5,64000000,"Choeng Thale, Thalang, Phuket",98.298274130521,,Choeng Thale,1882353.0,1046.0
85.0,77647,2,Condo,,Phuket,,7.8329996233816,,0,2,6600000,"Karon, Muang Phuket, Phuket",98.299895356825,,Karon,194118.0,2284.0
49.99999999999999,90000,1,Condo,,Phuket,,7.832801038987,,0,1,4500000,"Karon, Muang Phuket, Phuket",98.299859656565,,Karon,132353.0,2647.0
240.0,57916,2,Condo,,Phuket,,7.8206120082448,,0,2,13900000,"Karon, Muang Phuket, Phuket",98.298387087408,,Karon,408824.0,1703.0
388.0,62171,4,Detached House,,Phuket,,7.9999455654122,304.0,0,3,18900000,"Choeng Thale, Thalang, Phuket",98.307637467364,,Choeng Thale,555882.0,1829.0
790.0000000000001,30222,5,Detached House,,Phuket,,7.7793736226207,943.0,0,5,28500000,"Rawai, Muang Phuket, Phuket",98.306364778324,,Rawai,838235.0,889.0
169.0,97633,2,Condo,,Phuket,,7.976236939393,,0,2,16500000,"Choeng Thale, Thalang, Phuket",98.279678717576,,Choeng Thale,485294.0,2872.0
330.0,37393,4,Detached House,,Phuket,,8.006814430131,468.0,0,3,17500000,"Sri Sunthon, Thalang, Phuket",98.320544937185,,Sri Sunthon,514706.0,1100.0
150.0,60000,3,Condo,,Phuket,,7.9255053149308,,0,3,9000000,"Kathu, Kathu, Phuket",98.34242280593,,Kathu,264706.0,1765.0
234.0,28378,3,Detached House,,Phuket,,7.785494274195,370.0,0,2,10500000,"Rawai, Muang Phuket, Phuket",98.30789247811,,Rawai,308824.0,835.0
200.0,18571,3,Detached House,,Phuket,,7.7728814305712,350.0,0,2,6500000,"Rawai, Muang Phuket, Phuket",98.32051078981,,Rawai,191176.0,546.0
35.0,62857,1,Condo,,Phuket,,7.9390538097355,,0,1,2200000,"Ko Kaeo, Muang Phuket, Phuket",98.399097641882,,Ko Kaeo,64706.0,1849.0
195.0,19407,3,Detached House,,Phuket,,7.9052083426995,304.0,0,3,5900000,"Kathu, Kathu, Phuket",98.333475719916,,Kathu,173529.0,571.0
420.0,100000,4,Detached House,,Phuket,,8.0487112156468,750.0,0,3,75000000,"Pa Khlok, Thalang, Phuket",98.428380486953,,Pa Khlok,2205882.0,2941.0
250.0,18695,3,Detached House,,Phuket,,7.8519696030295,690.0,0,4,12900000,"Chalong, Muang Phuket, Phuket",98.352661449861,,Chalong,379412.0,550.0
35.0,61428,1,Condo,,Phuket,,7.9391839309832,,0,1,2150000,"Ko Kaeo, Muang Phuket, Phuket",98.399469399584,,Ko Kaeo,63235.0,1807.0
295.0,55555,3,Detached House,,Phuket,,7.9787710381271,450.0,0,3,25000000,"Choeng Thale, Thalang, Phuket",98.281376707755,,Choeng Thale,735294.0,1634.0
600.0,27777,5,Detached House,,Phuket,,8.0138303347812,900.0,0,4,25000000,"Choeng Thale, Thalang, Phuket",98.303205617954,,Choeng Thale,735294.0,817.0
167.0,19285,9,Detached House,,Phuket,,7.7775848827407,1400.0,0,9,27000000,"Rawai, Muang Phuket, Phuket",98.306986860421,,Rawai,794118.0,567.0
247.0,38866,4,Detached House,,Phuket,,8.0076320818696,247.0,0,3,9600000,"Choeng Thale, Thalang, Phuket",98.299155434291,,Choeng Thale,282353.0,1143.0
180.0,40573,3,Detached House,,Phuket,,7.7748766500913,244.00000000000003,0,3,9900000,"Rawai, Muang Phuket, Phuket",98.323135342686,,Rawai,291176.0,1193.0
750.0,53125,7,Detached House,,Phuket,,7.9927660592223,1599.9999999999998,0,6,85000000,"Pa Khlok, Thalang, Phuket",98.416654621963,,Pa Khlok,2500000.0,1562.0
750.0,53125,7,Detached House,,Phuket,,7.9877779045163,1599.9999999999998,0,6,85000000,"Pa Khlok, Thalang, Phuket",98.420427741616,,Pa Khlok,2500000.0,1562.0
150.0,38866,4,Detached House,,Phuket,,8.005091509881,247.0,0,3,9600000,"Choeng Thale, Thalang, Phuket",98.31055639812,,Choeng Thale,282353.0,1143.0
65.0,121538,3,Condo,,Phuket,,7.9831089685072,,0,2,7900000,"Choeng Thale, Thalang, Phuket",98.278937486014,,Choeng Thale,232353.0,3575.0
323.0,60802,3,Detached House,,Phuket,,8.0107039245394,411.0,0,3,24990000,"Choeng Thale, Thalang, Phuket",98.295463966952,,Choeng Thale,735000.0,1788.0
374.0,36973,3,Detached House,,Phuket,,8.0124273657531,641.0,0,3,23700000,"Choeng Thale, Thalang, Phuket",98.297075895151,,Choeng Thale,697059.0,1087.0
335.0,43449,3,Detached House,,Phuket,,8.0129049619939,458.0,0,3,19900000,"Choeng Thale, Thalang, Phuket",98.297822417971,,Choeng Thale,585294.0,1278.0
296.0,43222,3,Detached House,,Phuket,,8.0152245194952,391.0,0,2,16900000,"Choeng Thale, Thalang, Phuket",98.29609414333,,Choeng Thale,497059.0,1271.0
504.0,22222,5,Detached House,,Phuket,,8.0181773310456,1530.0,0,4,34000000,"Choeng Thale, Thalang, Phuket",98.299620121039,,Choeng Thale,1000000.0,654.0
400.0,63380,3,Detached House,,Phuket,,7.962950057604,710.0,0,3,45000000,"Ko Kaeo, Muang Phuket, Phuket",98.384467270276,,Ko Kaeo,1323529.0,1864.0
300.0,33506,3,Detached House,,Phuket,,8.0120346944002,385.0,0,3,12900000,"Choeng Thale, Thalang, Phuket",98.314544653364,,Choeng Thale,379412.0,985.0
450.0,16888,4,Detached House,,Phuket,,8.0094220264537,450.0,0,4,7600000,"Choeng Thale, Thalang, Phuket",98.315497514191,,Choeng Thale,223529.0,497.0
103.0,126213,2,Condo,,Phuket,,7.913325827193,,0,2,13000000,"Patong, Kathu, Phuket",98.295110257657,,Patong,382353.0,3712.0
241.0,62686,3,Detached House,,Phuket,,7.9781908868656,335.0,0,3,21000000,"Choeng Thale, Thalang, Phuket",98.279607235004,,Choeng Thale,617647.0,1844.0
227.0,49090,3,Detached House,,Phuket,,7.7818953048434,550.0,0,3,27000000,"Rawai, Muang Phuket, Phuket",98.320345644373,,Rawai,794118.0,1444.0
214.0,135514,4,Condo,,Phuket,,7.8982885356643,,0,3,29000000,"Patong, Kathu, Phuket",98.29734862679,,Patong,852941.0,3986.0
1599.9999999999998,91666,7,Detached House,,Phuket,,7.8918933397837,1200.0,0,6,110000000,"Patong, Kathu, Phuket",98.298620297232,,Patong,3235294.0,2696.0
380.0,17181,4,Detached House,,Phuket,,8.061471846694,518.0,0,3,8900000,"Sa Khu, Thalang, Phuket",98.306960202969,,Sa Khu,261765.0,505.0
200.0,14629,3,Detached House,,Phuket,,7.7731763052396,540.0,0,3,7900000,"Rawai, Muang Phuket, Phuket",98.321592285081,,Rawai,232353.0,430.0
296.0,30395,3,Detached House,,Phuket,,8.0130940175378,556.0,0,2,16900000,"Choeng Thale, Thalang, Phuket",98.295339226726,,Choeng Thale,497059.0,894.0
180.0,41283,4,Detached House,,Phuket,,7.8192479891052,434.8,0,4,17950000,"Rawai, Muang Phuket, Phuket",98.332030200735,,Rawai,527941.0,1214.0
392.0,32400,4,Detached House,,Phuket,,8.0138677726094,679.0,0,3,22000000,"Choeng Thale, Thalang, Phuket",98.295832799524,,Choeng Thale,647059.0,953.0
442.0,63545,4,Detached House,,Phuket,,8.0133611965168,598.0,0,4,38000000,"Choeng Thale, Thalang, Phuket",98.293096268877,,Choeng Thale,1117647.0,1869.0
250.0,18636,4,Detached House,,Phuket,,7.773170859771,550.0,0,3,10250000,"Rawai, Muang Phuket, Phuket",98.32194016072,,Rawai,301471.0,548.0
200.0,32894,3,Detached House,,Phuket,,7.7900051925682,304.0,0,3,10000000,"Rawai, Muang Phuket, Phuket",98.332884190401,,Rawai,294118.0,967.0
168.0,21666,3,Detached House,,Phuket,,8.0010275754034,300.0,0,3,6500000,"Choeng Thale, Thalang, Phuket",98.293435881573,,Choeng Thale,191176.0,637.0
500.0,92000,4,Detached House,,Phuket,,7.974999052604,750.0,0,4,69000000,"Choeng Thale, Thalang, Phuket",98.280108877909,,Choeng Thale,2029412.0,2706.0
47.0,101063,1,Condo,,Phuket,,7.7718863287885,,0,1,4750000,"Rawai, Muang Phuket, Phuket",98.32145690918,,Rawai,139706.0,2972.0
47.0,133829,1,Condo,,Phuket,,7.7723391172487,,0,1,6290000,"Rawai, Muang Phuket, Phuket",98.321773127516,,Rawai,185000.0,3936.0
856.0,60369,4,Detached House,,Phuket,,8.0226637696366,856.0,0,4,51676000,"Choeng Thale, Thalang, Phuket",98.293439824028,,Choeng Thale,1519882.0,1776.0
870.0000000000001,29687,5,Detached House,,Phuket,,8.0085483376008,1920.0,0,4,57000000,"Choeng Thale, Thalang, Phuket",98.298193788301,,Choeng Thale,1676471.0,873.0
600.0,17968,4,Detached House,,Phuket,,7.7723177819803,1599.9999999999998,0,4,28750000,"Rawai, Muang Phuket, Phuket",98.321759492186,,Rawai,845588.0,528.0
56.0,162500,1,Condo,,Phuket,,7.8688358867825,,0,1,9100000,"Karon, Muang Phuket, Phuket",98.27731604021,,Karon,267647.0,4779.0
300.0,96666,4,Detached House,,Phuket,,7.87185161706,300.0,0,3,29000000,"Karon, Muang Phuket, Phuket",98.278250209639,,Karon,852941.0,2843.0
480.0,29833,5,Detached House,,Phuket,,7.821955822333,600.0,0,4,17900000,"Karon, Muang Phuket, Phuket",98.299696538339,,Karon,526471.0,877.0
449.0,103714,4,Detached House,,Phuket,,8.0325434788888,350.0,0,3,36300000,"Choeng Thale, Thalang, Phuket",98.286653787457,,Choeng Thale,1067647.0,3050.0
200.0,45000,3,Detached House,,Phuket,,7.7797029106925,200.0,0,3,9000000,"Rawai, Muang Phuket, Phuket",98.326748400603,,Rawai,264706.0,1324.0
94.0,132978,2,Detached House,,Phuket,,7.8016678754295,94.0,0,2,12500000,"Rawai, Muang Phuket, Phuket",98.334624463167,,Rawai,367647.0,3911.0
250.0,38000,3,Detached House,,Phuket,,7.9594244152344,400.0,0,3,15200000,"Kammala, Kathu, Phuket",98.286095699663,,Kammala,447059.0,1118.0
397.0,135516,4,Condo,,Phuket,,7.8448587604095,,0,3,53800000,"Karon, Muang Phuket, Phuket",98.295854305104,,Karon,1582353.0,3986.0
1034.0,28916,4,Detached House,,Phuket,,8.0210978124852,1034.0,0,4,29900000,"Thep Krasattri, Thalang, Phuket",98.31965792566,,Thep Krasattri,879412.0,850.0
220.0,145454,3,Condo,,Phuket,,7.895199093145,,0,3,32000000,"Patong, Kathu, Phuket",98.297422739545,,Patong,941176.0,4278.0
575.0,24916,5,Detached House,,Phuket,,8.032099612952,1200.0,0,4,29900000,"Thep Krasattri, Thalang, Phuket",98.310964790108,,Thep Krasattri,879412.0,733.0
82.0,67073,1,Condo,,Phuket,,7.9759655192476,,0,2,5500000,"Choeng Thale, Thalang, Phuket",98.282499718183,,Choeng Thale,161765.0,1973.0
1006.0,43617,7,Detached House,,Phuket,,8.0631445085222,2178.0,0,5,95000000,"Sa Khu, Thalang, Phuket",98.277849650785,,Sa Khu,2794118.0,1283.0
664.0,58734,4,Detached House,,Phuket,,8.0341758433548,664.0,0,3,39000000,"Choeng Thale, Thalang, Phuket",98.28797115511,,Choeng Thale,1147059.0,1727.0
200.0,35714,4,Detached House,,Phuket,,7.9285965966315,350.0,0,3,12500000,"Kathu, Kathu, Phuket",98.33980517896,,Kathu,367647.0,1050.0
300.0,106666,3,Condo,,Phuket,,7.9747048832794,,0,3,32000000,"Choeng Thale, Thalang, Phuket",98.281038269231,,Choeng Thale,941176.0,3137.0
841.0,28888,4,Detached House,,Phuket,,8.0113403011218,1350.0,0,4,39000000,"Choeng Thale, Thalang, Phuket",98.304934442221,,Choeng Thale,1147059.0,850.0
460.0,50660,4,Detached House,,Phuket,,8.0068241101477,908.0,0,4,46000000,"Choeng Thale, Thalang, Phuket",98.306479241305,,Choeng Thale,1352941.0,1490.0
1140.0,30479,7,Detached House,,Phuket,,8.0134990915473,1542.0,0,5,47000000,"Choeng Thale, Thalang, Phuket",98.307057562793,,Choeng Thale,1382353.0,896.0
799.9999999999999,43750,10,Condo,,Phuket,,7.8951028605214,,0,10,35000000,"Patong, Kathu, Phuket",98.297587658194,,Patong,1029412.0,1287.0
530.0,195121,5,Detached House,,Phuket,,7.9954794377569,410.0,0,4,80000000,"Pa Khlok, Thalang, Phuket",98.40543677873,,Pa Khlok,2352941.0,5739.0
460.0,43595,4,Detached House,,Phuket,,8.0042644002739,890.0,0,4,38800000,"Choeng Thale, Thalang, Phuket",98.305789458253,,Choeng Thale,1141176.0,1282.0
700.0,88888,6,Detached House,,Phuket,,7.7815074420411,450.0,0,6,40000000,"Rawai, Muang Phuket, Phuket",98.321433591821,,Rawai,1176471.0,2614.0
720.0,17361,4,Detached House,,Phuket,,8.0403446797159,720.0,0,3,12500000,"Choeng Thale, Thalang, Phuket",98.291433459949,,Choeng Thale,367647.0,511.0
180.0,37130,3,Detached House,,Phuket,,8.0084354175803,237.0,0,3,8800000,"Choeng Thale, Thalang, Phuket",98.309521504036,,Choeng Thale,258824.0,1092.0
44.0,106590,1,Condo,,Phuket,,7.8457855119002,,0,1,4690000,"Karon, Muang Phuket, Phuket",98.299283868139,,Karon,137941.0,3135.0
425.0,63736,4,Detached House,,Phuket,,7.8859181609839,455.00000000000006,0,3,29000000,"Patong, Kathu, Phuket",98.280885189859,,Patong,852941.0,1875.0
1560.0,47368,15,Detached House,,Phuket,,7.7674713537363,1900.0,0,15,90000000,"Rawai, Muang Phuket, Phuket",98.307501410861,Freehold,Rawai,2647059.0,1393.0
120.0,28125,3,Detached House,,Phuket,,7.7798714327113,480.0,0,3,13500000,"Rawai, Muang Phuket, Phuket",98.306113305835,,Rawai,397059.0,827.0
300.0,13888,4,Detached House,,Phuket,,7.779668374119,1800.0,0,3,25000000,"Rawai, Muang Phuket, Phuket",98.306159160655,,Rawai,735294.0,408.0
250.0,45714,3,Detached House,,Phuket,,7.8955122920232,350.0,0,4,16000000,"Patong, Kathu, Phuket",98.302919904371,,Patong,470588.0,1345.0
1315.0,27376,5,Detached House,,Phuket,,8.0189422280802,1315.0,0,4,36000000,"Choeng Thale, Thalang, Phuket",98.300712488321,,Choeng Thale,1058824.0,805.0
1214.0,29654,5,Detached House,,Phuket,,8.0230850346351,1214.0,0,4,36000000,"Thep Krasattri, Thalang, Phuket",98.326513657585,,Thep Krasattri,1058824.0,872.0
160.0,22135,2,Detached House,,Phuket,,7.7917336314243,384.00000000000006,0,3,8500000,"Rawai, Muang Phuket, Phuket",98.327008370376,,Rawai,250000.0,651.0
160.0,27472,2,Detached House,,Phuket,,7.7811842868989,273.0,0,2,7500000,"Rawai, Muang Phuket, Phuket",98.325842240766,,Rawai,220588.0,808.0
1050.0,16095,4,Detached House,,Phuket,,7.8461692501936,1050.0,0,4,16900000,"Chalong, Muang Phuket, Phuket",98.336300257205,,Chalong,497059.0,473.0
390.0,13571,4,Detached House,,Phuket,,8.0555613353793,2800.0,0,4,38000000,"Sa Khu, Thalang, Phuket",98.28110519377,,Sa Khu,1117647.0,399.0
650.0,33333,6,Detached House,,Phuket,,7.9991370778462,705.0,0,5,23500000,"Choeng Thale, Thalang, Phuket",98.303598864208,,Choeng Thale,691176.0,980.0
400.0,16095,4,Detached House,,Phuket,,7.8436614075439,1050.0,0,4,16900000,"Chalong, Muang Phuket, Phuket",98.354114101087,,Chalong,497059.0,473.0
140.0,46428,2,Condo,,Phuket,,7.7803425481574,,0,2,6500000,"Rawai, Muang Phuket, Phuket",98.307609213718,,Rawai,191176.0,1366.0
314.0,54536,4,Detached House,,Phuket,,7.798609025545,287.0,0,3,15652000,"Rawai, Muang Phuket, Phuket",98.327760716691,,Rawai,460353.0,1604.0
350.0,16875,3,Detached House,,Phuket,,7.7734385350502,799.9999999999999,0,3,13500000,"Rawai, Muang Phuket, Phuket",98.320719080776,,Rawai,397059.0,496.0
671.0,34719,4,Detached House,,Phuket,,8.0103365445638,1034.0,0,4,35900000,"Choeng Thale, Thalang, Phuket",98.29811019053,,Choeng Thale,1055882.0,1021.0
180.0,30769,3,Detached House,,Phuket,,7.9804219028884,260.0,0,3,8000000,"Sri Sunthon, Thalang, Phuket",98.338564262723,,Sri Sunthon,235294.0,905.0
140.0,22692,2,Detached House,,Phuket,,8.0163629302028,260.0,0,2,5900000,"Thep Krasattri, Thalang, Phuket",98.315908238017,,Thep Krasattri,173529.0,667.0
480.0,50925,5,Detached House,,Phuket,,8.0037842007434,1080.0,0,4,55000000,"Choeng Thale, Thalang, Phuket",98.301032014785,,Choeng Thale,1617647.0,1498.0
450.0,47272,4,Detached House,,Phuket,,8.0025534601516,1100.0,0,4,52000000,"Choeng Thale, Thalang, Phuket",98.299542095814,,Choeng Thale,1529412.0,1390.0
300.0,33800,4,Detached House,,Phuket,,8.0029428786208,500.0,0,4,16900000,"Choeng Thale, Thalang, Phuket",98.300833762511,,Choeng Thale,497059.0,994.0
82.0,67073,1,Condo,,Phuket,,7.9760173177593,,0,1,5500000,"Choeng Thale, Thalang, Phuket",98.279688070031,,Choeng Thale,161765.0,1973.0
120.0,45281,2,Detached House,,Phuket,,7.7976328638825,262.8,0,2,11900000,"Rawai, Muang Phuket, Phuket",98.32436322958,,Rawai,350000.0,1332.0
1055.0,28341,4,Detached House,,Phuket,,8.0339465800313,1055.0,0,4,29900000,"Choeng Thale, Thalang, Phuket",98.289044052693,,Choeng Thale,879412.0,834.0
368.0,28684,5,Detached House,,Phuket,,8.0203059480694,950.0,0,4,27250000,"Choeng Thale, Thalang, Phuket",98.310697509911,,Choeng Thale,801471.0,844.0
240.0,34177,4,Detached House,,Phuket,,7.8430030899233,395.00000000000006,0,3,13500000,"Chalong, Muang Phuket, Phuket",98.337990545093,,Chalong,397059.0,1005.0
53.00000000000001,62264,1,Condo,,Phuket,,7.8223144097731,,0,1,3300000,"Karon, Muang Phuket, Phuket",98.300811306742,,Karon,97059.0,1831.0
672.0,52083,7,Detached House,,Phuket,,7.9865305496982,1344.0,0,6,70000000,"Pa Khlok, Thalang, Phuket",98.423455995604,,Pa Khlok,2058824.0,1532.0
319.0,28213,3,Detached House,,Phuket,,7.9247730624299,319.0,0,3,9000000,"Kathu, Kathu, Phuket",98.339661212754,,Kathu,264706.0,830.0
250.0,18625,3,Detached House,,Phuket,,7.9025785212858,799.9999999999999,0,4,14900000,"Kathu, Kathu, Phuket",98.332347516084,,Kathu,438235.0,548.0
200.0,11250,3,Detached House,,Phuket,,7.7799669731964,799.9999999999999,0,3,9000000,"Rawai, Muang Phuket, Phuket",98.306482368672,,Rawai,264706.0,331.0
100.0,50000,2,Detached House,,Phuket,,7.9274988855114,100.0,0,3,5000000,"Kathu, Kathu, Phuket",98.3135069486,,Kathu,147059.0,1471.0
106.0,112264,3,Condo,,Phuket,,7.8967137756957,,0,2,11900000,"Patong, Kathu, Phuket",98.296082680197,,Patong,350000.0,3302.0
91.0,125137,2,Condo,,Phuket,,8.026794092264,,0,2,11387500,"Choeng Thale, Thalang, Phuket",98.293689399411,,Choeng Thale,334926.0,3680.0
45.0,126111,1,Condo,,Phuket,,8.0257644146591,,0,1,5675000,"Choeng Thale, Thalang, Phuket",98.295072277003,,Choeng Thale,166912.0,3709.0
175.0,34228,3,Detached House,,Phuket,,7.9348933087211,175.0,0,4,5990000,"Ko Kaeo, Muang Phuket, Phuket",98.373923058749,,Ko Kaeo,176176.0,1007.0
200.0,23648,4,Detached House,,Phuket,,8.003660645942,740.0,0,3,17500000,"Choeng Thale, Thalang, Phuket",98.301262626698,,Choeng Thale,514706.0,696.0
168.0,33273,3,Detached House,,Phuket,,7.9190523723592,168.0,0,3,5590000,"Ratsada, Muang Phuket, Phuket",98.370133957546,,Ratsada,164412.0,979.0
450.0,30807,5,Detached House,,Phuket,,8.0108348343765,874.8,0,4,26950000,"Sri Sunthon, Thalang, Phuket",98.316816584268,,Sri Sunthon,792647.0,906.0
448.0,18973,3,Detached House,,Phuket,,7.9559006037789,448.0,0,3,8500000,"Ko Kaeo, Muang Phuket, Phuket",98.382004694969,,Ko Kaeo,250000.0,558.0
250.0,37792,4,Detached House,,Phuket,,8.0077901890451,299.0,0,3,11300000,"Sri Sunthon, Thalang, Phuket",98.321252154604,,Sri Sunthon,332353.0,1112.0
144.0,24305,3,Detached House,,Phuket,,7.9570719849992,144.0,0,3,3500000,"Ko Kaeo, Muang Phuket, Phuket",98.377757437789,,Ko Kaeo,102941.0,715.0
310.0,86633,4,Detached House,,Phuket,,8.0386367577294,404.00000000000006,0,3,35000000,"Choeng Thale, Thalang, Phuket",98.28512706566,,Choeng Thale,1029412.0,2548.0
250.0,38000,3,Detached House,,Phuket,,7.9544397072528,400.0,0,3,15200000,"Kammala, Kathu, Phuket",98.283268812803,,Kammala,447059.0,1118.0
214.0,21028,2,Detached House,,Phuket,,7.9561836990619,214.0,0,3,4500000,"Ko Kaeo, Muang Phuket, Phuket",98.371872830851,,Ko Kaeo,132353.0,618.0
184.0,36842,2,Detached House,,Phuket,,7.8336439985992,380.0,0,2,14000000,"Chalong, Muang Phuket, Phuket",98.346895271181,,Chalong,411765.0,1084.0
30.0,126250,1,Condo,,Phuket,,8.0323323299886,,0,1,3787500,"Choeng Thale, Thalang, Phuket",98.293630695813,,Choeng Thale,111397.0,3713.0
493.0,38133,5,Detached House,,Phuket,,7.7767380518583,493.0,0,4,18800000,"Rawai, Muang Phuket, Phuket",98.306258316974,,Rawai,552941.0,1122.0
168.0,21666,3,Detached House,,Phuket,,8.0022726361774,300.0,0,3,6500000,"Choeng Thale, Thalang, Phuket",98.311993718381,,Choeng Thale,191176.0,637.0
101.0,178217,1,Condo,,Phuket,,7.9596019626218,,0,1,18000000,"Kammala, Kathu, Phuket",98.283996521969,,Kammala,529412.0,5242.0
1200.0,20833,7,Detached House,,Phuket,,7.9242912953594,1200.0,0,6,25000000,"Kathu, Kathu, Phuket",98.352819749637,,Kathu,735294.0,613.0
320.0,45000,4,Detached House,,Phuket,,8.0050664954032,400.0,0,3,18000000,"Choeng Thale, Thalang, Phuket",98.309091582727,,Choeng Thale,529412.0,1324.0
799.9999999999999,36250,3,Detached House,,Phuket,,7.9036762408423,799.9999999999999,0,2,29000000,"Kathu, Kathu, Phuket",98.343276611921,,Kathu,852941.0,1066.0
1000.0,19500,4,Detached House,,Phuket,,7.8568642053972,1000.0,0,4,19500000,"Chalong, Muang Phuket, Phuket",98.339952521045,,Chalong,573529.0,574.0
500.0,30423,4,Detached House,,Phuket,,7.9648561367174,756.0,0,4,23000000,"Ko Kaeo, Muang Phuket, Phuket",98.383805627981,,Ko Kaeo,676471.0,895.0
283.0,39575,4,Detached House,,Phuket,,8.0441800312439,283.0,0,3,11200000,"Thep Krasattri, Thalang, Phuket",98.321100287758,,Thep Krasattri,329412.0,1164.0
730.0,18750,6,Detached House,,Phuket,,7.7811194134643,2400.0,0,6,45000000,"Rawai, Muang Phuket, Phuket",98.322251806604,,Rawai,1323529.0,551.0
423.0,49645,5,Detached House,,Phuket,,8.0146538242912,423.0,0,4,21000000,"Choeng Thale, Thalang, Phuket",98.300388411918,,Choeng Thale,617647.0,1460.0
62.0,58064,2,Condo,,Phuket,,7.9036420725409,,0,2,3600000,"Ratsada, Muang Phuket, Phuket",98.407738310303,,Ratsada,105882.0,1708.0
205.0,21666,2,Detached House,,Phuket,,7.786007551975,300.0,0,2,6500000,"Rawai, Muang Phuket, Phuket",98.327860159101,,Rawai,191176.0,637.0
550.0,58333,6,Detached House,,Phuket,,7.9621301128531,600.0,0,5,35000000,"Ko Kaeo, Muang Phuket, Phuket",98.386013113783,,Ko Kaeo,1029412.0,1716.0
995.0,97332,5,Detached House,,Phuket,,7.9238483971731,1387.0,0,5,135000000,"Kammala, Kathu, Phuket",98.269951578309,,Kammala,3970588.0,2863.0
108.0,22222,3,Detached House,,Phuket,,7.9954483611731,180.0,0,3,4000000,"Sri Sunthon, Thalang, Phuket",98.353119668264,,Sri Sunthon,117647.0,654.0
168.0,29166,3,Detached House,,Phuket,,8.0095617135665,168.0,0,3,4900000,"Choeng Thale, Thalang, Phuket",98.295004629165,,Choeng Thale,144118.0,858.0
180.0,11187,4,Detached House,,Phuket,,7.7720220495362,1599.9999999999998,0,4,17900000,"Rawai, Muang Phuket, Phuket",98.321858110883,,Rawai,526471.0,329.0
62.99999999999999,79365,2,Condo,,Phuket,,7.7751179227866,,0,2,5000000,"Rawai, Muang Phuket, Phuket",98.327465057373,,Rawai,147059.0,2334.0
225.0,106666,2,Condo,,Phuket,,7.8202304583068,,0,3,24000000,"Karon, Muang Phuket, Phuket",98.300997225958,,Karon,705882.0,3137.0
43.0,88372,1,Condo,,Phuket,,7.7722190218761,,0,1,3800000,"Rawai, Muang Phuket, Phuket",98.320981579464,,Rawai,111765.0,2599.0
596.0,85333,4,Detached House,,Phuket,,7.7859841403085,375.0,0,3,32000000,"Rawai, Muang Phuket, Phuket",98.330188850561,,Rawai,941176.0,2510.0
129.0,53156,4,Detached House,,Phuket,,7.8255633018664,259.61,0,3,13800000,"Chalong, Muang Phuket, Phuket",98.342506231141,,Chalong,405882.0,1563.0
460.0,35263,4,Detached House,,Phuket,,8.0413140095053,1077.6,0,4,38000000,"Thep Krasattri, Thalang, Phuket",98.30423585016,,Thep Krasattri,1117647.0,1037.0
29.0,103448,1,Condo,,Phuket,,8.0031298291187,,0,1,3000000,"Choeng Thale, Thalang, Phuket",98.295897901552,,Choeng Thale,88235.0,3043.0
410.0,15625,4,Detached House,,Phuket,,7.7902775665067,799.9999999999999,0,3,12500000,"Rawai, Muang Phuket, Phuket",98.314611259794,,Rawai,367647.0,460.0
1599.9999999999998,33750,5,Detached House,,Phuket,,8.0346406711933,1599.9999999999998,0,5,54000000,"Choeng Thale, Thalang, Phuket",98.287365495841,,Choeng Thale,1588235.0,993.0
160.0,32537,2,Detached House,,Phuket,,8.0958540421953,335.0,0,2,10900000,"Sa Khu, Thalang, Phuket",98.301413488934,,Sa Khu,320588.0,957.0
100.0,28571,2,Detached House,,Phuket,,7.995858843893,175.0,0,3,5000000,"Sri Sunthon, Thalang, Phuket",98.352023068327,,Sri Sunthon,147059.0,840.0
32.0,165625,1,Condo,,Phuket,,8.0821393901059,,0,1,5300000,"Sa Khu, Thalang, Phuket",98.283290031348,,Sa Khu,155882.0,4871.0
137.0,38686,2,Condo,,Phuket,,7.9571080272659,,0,2,5300000,"Kammala, Kathu, Phuket",98.283673065122,,Kammala,155882.0,1138.0
34.0,100000,1,Condo,,Phuket,,8.060618650969,,0,1,3400000,"Sa Khu, Thalang, Phuket",98.278124926091,,Sa Khu,100000.0,2941.0
183.0,40895,5,Detached House,,Phuket,,7.783202607291,335.0,0,4,13700000,"Rawai, Muang Phuket, Phuket",98.327029621572,,Rawai,402941.0,1203.0
174.0,155172,2,Condo,,Phuket,,8.004643250922,,0,2,27000000,"Choeng Thale, Thalang, Phuket",98.298454118647,,Choeng Thale,794118.0,4564.0
300.0,21000,3,Detached House,,Phuket,,7.7722630363689,500.0,0,4,10500000,"Rawai, Muang Phuket, Phuket",98.321963181282,,Rawai,308824.0,618.0
250.0,26000,3,Detached House,,Phuket,,7.7722540402007,500.0,0,2,13000000,"Rawai, Muang Phuket, Phuket",98.322046768894,,Rawai,382353.0,765.0
35.0,137142,1,Condo,,Phuket,,7.9995137144619,,0,1,4800000,"Choeng Thale, Thalang, Phuket",98.294150264683,,Choeng Thale,141176.0,4034.0
211.0,58255,2,Detached House,,Phuket,,7.9643130900234,321.0,0,2,18700000,"Kammala, Kathu, Phuket",98.287899801317,,Kammala,550000.0,1713.0
248.0,50119,2,Detached House,,Phuket,,7.9576297821205,417.0,0,3,20900000,"Kammala, Kathu, Phuket",98.286154785739,,Kammala,614706.0,1474.0
431.0,171538,5,Detached House,,Phuket,,7.9540955328813,832.0,0,4,142720000,"Kammala, Kathu, Phuket",98.289398214559,,Kammala,4197647.0,5045.0
231.0,137711,4,Detached House,,Phuket,,7.9572292312366,402.0,0,3,55360000,"Kammala, Kathu, Phuket",98.283898756828,,Kammala,1628235.0,4050.0
200.0,25476,3,Detached House,,Phuket,,7.9577775806556,210.0,0,3,5350000,"Ko Kaeo, Muang Phuket, Phuket",98.367296551489,,Ko Kaeo,157353.0,749.0
214.0,239252,4,Condo,,Phuket,,7.9573760651006,,0,3,51200000,"Kammala, Kathu, Phuket",98.284497310835,,Kammala,1505882.0,7037.0
295.0,117288,5,Condo,,Phuket,,7.9595265971866,,0,4,34600000,"Sri Sunthon, Thalang, Phuket",98.332434948419,,Sri Sunthon,1017647.0,3450.0
231.0,143283,4,Detached House,,Phuket,,7.9569674320743,402.0,0,3,57600000,"Kammala, Kathu, Phuket",98.284751905334,,Kammala,1694118.0,4214.0
214.0,216077,4,Detached House,,Phuket,,7.9570277110993,311.0,0,3,67200000,"Kammala, Kathu, Phuket",98.284282505034,,Kammala,1976471.0,6355.0
110.0,77272,2,Detached House,,Phuket,,8.004839196467,110.0,0,2,8500000,"Sri Sunthon, Thalang, Phuket",98.317608498797,,Sri Sunthon,250000.0,2273.0
102.0,21354,2,Detached House,,Phuket,,7.7734222820689,384.00000000000006,0,3,8200000,"Rawai, Muang Phuket, Phuket",98.323153014692,,Rawai,241176.0,628.0
743.0,208882,5,Condo,,Phuket,,7.9537413551547,,0,4,155200000,"Kammala, Kathu, Phuket",98.288583563821,,Kammala,4564706.0,6144.0
34.0,116932,1,Condo,,Phuket,,7.7719075893566,,0,1,3975700,"Rawai, Muang Phuket, Phuket",98.321735858917,,Rawai,116932.0,3439.0
34.0,128546,1,Condo,,Phuket,,7.7718863287885,,0,1,4370575,"Rawai, Muang Phuket, Phuket",98.32145690918,,Rawai,128546.0,3781.0
1588.0,84561,6,Detached House,,Phuket,,7.9566327864225,1438.0,0,4,121600000,"Kammala, Kathu, Phuket",98.285504755282,,Kammala,3576471.0,2487.0
450.0,292307,6,Detached House,,Phuket,,7.9201615958249,650.0,0,7,190000000,"Patong, Kathu, Phuket",98.282626856611,,Patong,5588235.0,8597.0
320.0,21875,2,Detached House,,Phuket,,8.0045321122439,320.0,0,2,7000000,"Choeng Thale, Thalang, Phuket",98.310786132646,,Choeng Thale,205882.0,643.0
242.0,191735,4,Condo,,Phuket,,7.957268857373,,0,3,46400000,"Kammala, Kathu, Phuket",98.287836231287,,Kammala,1364706.0,5639.0
150.0,32818,2,Detached House,,Phuket,,7.9635751794474,259.0,0,3,8500000,"Kammala, Kathu, Phuket",98.286220002892,,Kammala,250000.0,965.0
190.0,22916,3,Detached House,,Phuket,,7.9548395064143,240.0,0,3,5500000,"Ko Kaeo, Muang Phuket, Phuket",98.367157687108,,Ko Kaeo,161765.0,674.0
41.0,72926,1,Condo,,Phuket,,7.7708289685901,,0,1,2990000,"Rawai, Muang Phuket, Phuket",98.320775440871,,Rawai,87941.0,2145.0
1769.0,130760,8,Detached House,,Phuket,,7.9570715194576,1684.0,0,6,220200000,"Kammala, Kathu, Phuket",98.284982662982,,Kammala,6476471.0,3846.0
1513.0,117511,6,Detached House,,Phuket,,7.9594155528023,1559.0,0,4,183200000,"Kammala, Kathu, Phuket",98.28621904105,,Kammala,5388235.0,3456.0
244.00000000000003,42229,3,Detached House,,Phuket,,8.0563809858154,296.0,0,3,12500000,"Thep Krasattri, Thalang, Phuket",98.319640576172,,Thep Krasattri,367647.0,1242.0
160.0,40950,2,Detached House,,Phuket,,7.8070465429848,200.0,0,2,8190000,"Rawai, Muang Phuket, Phuket",98.33280937129,,Rawai,240882.0,1204.0
1755.0,131100,5,Detached House,,Phuket,,7.9581104796841,1672.0,0,6,219200000,"Kammala, Kathu, Phuket",98.284044536464,,Kammala,6447059.0,3856.0
45.0,100000,1,Condo,,Phuket,,7.9761880516374,,0,1,4500000,"Choeng Thale, Thalang, Phuket",98.279540363886,,Choeng Thale,132353.0,2941.0
768.0000000000001,28530,5,Detached House,,Phuket,,7.9584264142342,1048.0,0,5,29900000,"Kammala, Kathu, Phuket",98.292575969008,,Kammala,879412.0,839.0
337.0,45833,3,Detached House,,Phuket,,8.0046254713157,480.0,0,4,22000000,"Choeng Thale, Thalang, Phuket",98.299808764567,,Choeng Thale,647059.0,1348.0
163.0,30000,2,Detached House,,Phuket,,8.0627964509014,260.0,0,2,7800000,"Sa Khu, Thalang, Phuket",98.27807630054,,Sa Khu,229412.0,882.0
127.0,29609,2,Detached House,,Phuket,,8.0141928221468,128.0,0,3,3790000,"Sri Sunthon, Thalang, Phuket",98.339048960949,,Sri Sunthon,111471.0,871.0
264.0,36875,4,Detached House,,Phuket,,7.8026815278482,160.0,0,3,5900000,"Rawai, Muang Phuket, Phuket",98.32719259115,,Rawai,173529.0,1085.0
90.0,105555,2,Condo,,Phuket,2012.0,8.00735,,0,2,9500000,"29/4 Laguna, Choeng Thale, Thalang, Phuket",98.298095,Freehold,Choeng Thale,279412.0,3105.0
275.0,32846,3,Detached House,,Phuket,,8.0052365064957,548.0,0,3,18000000,"Choeng Thale, Thalang, Phuket",98.308530038304,,Choeng Thale,529412.0,966.0
35.0,117370,1,Detached House,,Phuket,,7.7856054726564,35.0,0,1,4107950,"Rawai, Muang Phuket, Phuket",98.326372457124,,Rawai,120822.0,3452.0
132.0,46791,2,Detached House,,Phuket,,8.0178597658568,208.8,0,2,9770000,"Choeng Thale, Thalang, Phuket",98.310183132795,,Choeng Thale,287353.0,1376.0
51.0,51960,1,Condo,,Phuket,,7.9555198642136,,0,1,2650000,"Kammala, Kathu, Phuket",98.283220564332,,Kammala,77941.0,1528.0
186.0,40322,4,Detached House,,Phuket,,7.8224493842108,186.0,0,3,7500000,"Chalong, Muang Phuket, Phuket",98.344888761952,,Chalong,220588.0,1186.0
160.0,40625,3,Detached House,,Phuket,,7.9609921846675,160.0,0,3,6500000,"Ko Kaeo, Muang Phuket, Phuket",98.373623866812,,Ko Kaeo,191176.0,1195.0
148.0,39370,2,Detached House,,Phuket,,7.7750087258887,248.92,0,2,9800000,"Rawai, Muang Phuket, Phuket",98.313005113008,,Rawai,288235.0,1158.0
290.0,35384,3,Detached House,,Phuket,,7.8132979032844,195.0,0,3,6900000,"Rawai, Muang Phuket, Phuket",98.332390226578,,Rawai,202941.0,1041.0
110.0,84545,2,Condo,,Phuket,2012.0,8.00735,,0,2,9300000,"29/4 Laguna, Choeng Thale, Thalang, Phuket",98.298095,Freehold,Choeng Thale,273529.0,2487.0
148.0,39370,2,Detached House,,Phuket,,7.776287085752,248.92,0,2,9800000,"Rawai, Muang Phuket, Phuket",98.317916840862,,Rawai,288235.0,1158.0
210.0,22941,2,Detached House,,Phuket,,7.779704276465,340.0,0,2,7800000,"Rawai, Muang Phuket, Phuket",98.32494261907,,Rawai,229412.0,675.0
300.0,15384,3,Detached House,,Phuket,,7.7840794517511,520.0,0,3,8000000,"Rawai, Muang Phuket, Phuket",98.323127956724,,Rawai,235294.0,452.0
174.0,31964,3,Detached House,,Phuket,,7.7876325840443,280.0,0,2,8950000,"Rawai, Muang Phuket, Phuket",98.323863576821,,Rawai,263235.0,940.0
229.0,29545,4,Detached House,,Phuket,,7.8015966183227,396.0,0,3,11700000,"Rawai, Muang Phuket, Phuket",98.322831206597,,Rawai,344118.0,869.0
150.0,33730,2,Detached House,,Phuket,,7.9573368597607,252.0,0,3,8500000,"Kammala, Kathu, Phuket",98.284031348766,,Kammala,250000.0,992.0
550.0,33333,5,Detached House,,Phuket,,8.0227939131899,1350.0,0,4,45000000,"Choeng Thale, Thalang, Phuket",98.310596167374,,Choeng Thale,1323529.0,980.0
1100.0,16176,6,Detached House,,Phuket,,8.0448072552054,3400.0,0,5,55000000,"Pa Khlok, Thalang, Phuket",98.42723320781,,Pa Khlok,1617647.0,476.0
600.0,22762,4,Detached House,,Phuket,,7.7880106889656,1296.0,0,4,29500000,"Rawai, Muang Phuket, Phuket",98.312232386412,,Rawai,867647.0,669.0
1755.0,131100,6,Detached House,,Phuket,,7.947612910893,1672.0,0,5,219200000,"Kammala, Kathu, Phuket",98.27532723478,,Kammala,6447059.0,3856.0
850.0,49166,23,Detached House,,Phuket,,7.9007242287379,1200.0,0,24,59000000,"Patong, Kathu, Phuket",98.309932104334,Freehold,Patong,1735294.0,1446.0
613.0,56197,4,Detached House,,Phuket,,7.9568972167027,710.0,0,4,39900000,"Kammala, Kathu, Phuket",98.283004760742,,Kammala,1173529.0,1653.0
750.0,53125,7,Detached House,,Phuket,,7.9860774277497,1599.9999999999998,0,6,85000000,"Pa Khlok, Thalang, Phuket",98.423096413001,,Pa Khlok,2500000.0,1562.0
620.0,42810,5,Detached House,,Phuket,,7.7870923475637,675.0,0,4,28897000,"Rawai, Muang Phuket, Phuket",98.311410474319,,Rawai,849912.0,1259.0
225.0,17941,2,Detached House,,Phuket,,7.8389873031465,340.0,0,3,6100000,"Chalong, Muang Phuket, Phuket",98.338905186457,,Chalong,179412.0,528.0
311.0,73571,3,Detached House,,Phuket,,7.957092401905,700.0,0,3,51500000,"Kammala, Kathu, Phuket",98.283657214013,,Kammala,1514706.0,2164.0
596.0,23132,4,Detached House,,Phuket,,7.7871086197864,1807.0,0,3,41800000,"Rawai, Muang Phuket, Phuket",98.308753967285,,Rawai,1229412.0,680.0
290.0,21348,3,Detached House,,Phuket,,7.8204486028982,445.0,0,3,9500000,"Rawai, Muang Phuket, Phuket",98.329982585622,,Rawai,279412.0,628.0
84.0,109523,1,Condo,,Phuket,,7.9173967754287,,0,2,9200000,"Patong, Kathu, Phuket",98.292893904492,,Patong,270588.0,3221.0
272.0,35774,3,Detached House,,Phuket,,7.7843150735684,478.0,0,2,17100000,"Rawai, Muang Phuket, Phuket",98.309943130486,,Rawai,502941.0,1052.0
340.0,30277,4,Detached House,,Phuket,,7.7868953672267,360.0,0,3,10900000,"Rawai, Muang Phuket, Phuket",98.312884340584,,Rawai,320588.0,890.0
42.0,142857,1,Condo,,Phuket,,7.7751161944077,,0,1,6000000,"Rawai, Muang Phuket, Phuket",98.306594311523,,Rawai,176471.0,4202.0
520.0,24038,4,Detached House,,Phuket,,7.8357275210043,520.0,0,3,12500000,"Chalong, Muang Phuket, Phuket",98.352578700259,,Chalong,367647.0,707.0
200.0,45000,3,Condo,,Phuket,,7.9546153743733,,0,3,9000000,"Kammala, Kathu, Phuket",98.28422292075,,Kammala,264706.0,1324.0
154.0,33816,2,Detached House,,Phuket,,7.7837733973947,207.0,0,2,7000000,"Rawai, Muang Phuket, Phuket",98.316363934114,,Rawai,205882.0,995.0
130.0,30689,2,Detached House,,Phuket,,7.8101966486414,290.0,0,2,8900000,"Rawai, Muang Phuket, Phuket",98.331400896887,,Rawai,261765.0,903.0
43.0,97674,1,Condo,,Phuket,,7.8439959648058,,0,1,4200000,"Karon, Muang Phuket, Phuket",98.293476104736,,Karon,123529.0,2873.0
43.0,81395,1,Condo,,Phuket,,7.8439959648058,,0,1,3500000,"Karon, Muang Phuket, Phuket",98.293647766113,,Karon,102941.0,2394.0
190.0,18593,2,Detached House,,Phuket,,7.7851501656642,640.0,0,3,11900000,"Rawai, Muang Phuket, Phuket",98.316304583973,,Rawai,350000.0,547.0
350.0,26612,3,Detached House,,Phuket,,7.7832844860849,620.0,0,3,16500000,"Rawai, Muang Phuket, Phuket",98.315916273393,,Rawai,485294.0,783.0
70.0,64142,1,Condo,,Phuket,,7.8968484045041,,0,1,4490000,"Patong, Kathu, Phuket",98.295998386129,,Patong,132059.0,1887.0
410.0,80487,4,Condo,,Phuket,,7.8122242839126,,0,3,33000000,"Karon, Muang Phuket, Phuket",98.297064333825,,Karon,970588.0,2367.0
220.0,106818,2,Condo,,Phuket,,7.826637015145,,0,2,23500000,"Karon, Muang Phuket, Phuket",98.294510491345,,Karon,691176.0,3142.0
45.0,62000,1,Condo,,Phuket,,7.8964802734379,,0,1,2790000,"Patong, Kathu, Phuket",98.297058938775,,Patong,82059.0,1824.0
60.0,81666,1,Condo,,Phuket,,7.8963423695195,,0,1,4900000,"Patong, Kathu, Phuket",98.297049651391,,Patong,144118.0,2402.0
284.0,33098,3,Townhouse,,Phuket,,7.7755153044686,196.11,0,3,9400000,"Rawai, Muang Phuket, Phuket",98.306435456614,,Rawai,276471.0,973.0
280.0,38333,4,Detached House,,Phuket,,7.8130104611521,600.0,0,4,23000000,"Wichit, Muang Phuket, Phuket",98.388323939645,,Wichit,676471.0,1127.0
232.0,279698,2,Condo,,Phuket,,7.9628702489819,,0,2,64890000,"Kammala, Kathu, Phuket",98.283869755424,,Kammala,1908529.0,8226.0
148.0,32272,3,Detached House,,Phuket,,7.9542289600394,220.0,0,4,7100000,"Ko Kaeo, Muang Phuket, Phuket",98.370635359161,,Ko Kaeo,208824.0,949.0
324.0,32932,4,Detached House,,Phuket,,7.9932019550588,482.8,0,3,15900000,"Sri Sunthon, Thalang, Phuket",98.325390716608,,Sri Sunthon,467647.0,969.0
280.0,16355,2,Detached House,,Phuket,,7.9000907993811,428.0,0,3,7000000,"Kathu, Kathu, Phuket",98.346505506265,,Kathu,205882.0,481.0
356.0,51075,2,Detached House,,Phuket,,7.7754627906797,186.0,0,2,9500000,"Rawai, Muang Phuket, Phuket",98.321175744109,,Rawai,279412.0,1502.0
149.0,29366,3,Detached House,,Phuket,,7.9554370457283,221.0,0,3,6490000,"Ko Kaeo, Muang Phuket, Phuket",98.372756059988,,Ko Kaeo,190882.0,864.0
650.0,35333,7,Detached House,,Phuket,,7.785620771641,750.0,0,7,26500000,"Rawai, Muang Phuket, Phuket",98.314716590699,,Rawai,779412.0,1039.0
160.0,34073,3,Detached House,,Phuket,,7.9034762377866,261.2,0,3,8900000,"Kathu, Kathu, Phuket",98.336714117701,,Kathu,261765.0,1002.0
221.0,148416,3,Condo,,Phuket,,7.8845507722217,,0,3,32800000,"Patong, Kathu, Phuket",98.280429050296,,Patong,964706.0,4365.0
80.0,71250,1,Condo,,Phuket,,8.0083409181723,,0,1,5700000,"Choeng Thale, Thalang, Phuket",98.299518416006,,Choeng Thale,167647.0,2096.0
329.0,208695,5,Detached House,,Phuket,,7.9225903986232,460.0,0,3,96000000,"Kammala, Kathu, Phuket",98.277235213718,,Kammala,2823529.0,6138.0
156.0,22852,4,Detached House,,Phuket,,7.9103540723482,284.0,0,4,6490000,"Kathu, Kathu, Phuket",98.348992581656,,Kathu,190882.0,672.0
314.0,25704,5,Detached House,,Phuket,,8.0587069136058,603.0,0,5,15500000,"Sa Khu, Thalang, Phuket",98.279907337027,,Sa Khu,455882.0,756.0
256.0,14117,2,Detached House,,Phuket,,7.7773452515677,850.0,0,3,12000000,"Rawai, Muang Phuket, Phuket",98.307019531293,,Rawai,352941.0,415.0
350.0,25000,2,Detached House,,Phuket,,8.0351424113512,600.0,0,2,15000000,"Choeng Thale, Thalang, Phuket",98.293812867646,,Choeng Thale,441176.0,735.0
425.0,49411,3,Townhouse,,Phuket,,8.0045812037157,512.0,0,4,21000000,"Choeng Thale, Thalang, Phuket",98.300095678244,,Choeng Thale,617647.0,1453.0
173.0,72254,4,Townhouse,,Phuket,,8.0053409621782,173.0,0,3,12500000,"Choeng Thale, Thalang, Phuket",98.29869962627,,Choeng Thale,367647.0,2125.0
52.0,75000,1,Condo,,Phuket,,8.0012248705954,,0,1,3900000,"Choeng Thale, Thalang, Phuket",98.297875057506,,Choeng Thale,114706.0,2206.0
472.0,46610,3,Townhouse,,Phuket,,8.0029101957511,578.0,0,4,22000000,"Choeng Thale, Thalang, Phuket",98.301069470094,,Choeng Thale,647059.0,1371.0
527.0,41071,4,Detached House,,Phuket,,7.779421393961,655.0,0,4,26902000,"Rawai, Muang Phuket, Phuket",98.30573485208,,Rawai,791235.0,1208.0
210.0,133333,3,Condo,,Phuket,,7.9178555390746,,0,2,28000000,"Patong, Kathu, Phuket",98.289191877293,,Patong,823529.0,3922.0
240.0,125000,3,Condo,,Phuket,,7.9472578636019,,0,3,30000000,"Kammala, Kathu, Phuket",98.273219017197,,Kammala,882353.0,3676.0
240.0,77083,3,Condo,,Phuket,,7.9470260980733,,0,3,18500000,"Kammala, Kathu, Phuket",98.272739128892,,Kammala,544118.0,2267.0
492.0,31250,5,Detached House,,Phuket,,8.004246641906,799.9999999999999,0,4,25000000,"Choeng Thale, Thalang, Phuket",98.309294816022,,Choeng Thale,735294.0,919.0
300.0,22826,3,Detached House,,Phuket,,7.8211724345954,460.0,0,4,10500000,"Karon, Muang Phuket, Phuket",98.298420951236,,Karon,308824.0,671.0
500.0,216000,4,Detached House,,Phuket,,7.95960707984,1000.0,0,4,216000000,"Kammala, Kathu, Phuket",98.283898638218,,Kammala,6352941.0,6353.0
1000.0,92000,6,Detached House,,Phuket,,8.0319265083073,1000.0,0,5,92000000,"Choeng Thale, Thalang, Phuket",98.287912124922,,Choeng Thale,2705882.0,2706.0
801.0,87207,4,Detached House,,Phuket,,8.0220278384204,555.0,0,4,48400000,"Choeng Thale, Thalang, Phuket",98.301635409179,,Choeng Thale,1423529.0,2565.0
340.0,57352,5,Townhouse,,Phuket,,8.0013796309584,279.0,0,4,19500000,"Choeng Thale, Thalang, Phuket",98.299492850222,,Choeng Thale,573529.0,1687.0
450.0,71285,3,Detached House,,Phuket,,7.8206178412265,700.0,0,3,49900000,"Karon, Muang Phuket, Phuket",98.298587153331,,Karon,1467647.0,2097.0
1120.0,18026,9,Detached House,,Phuket,,7.7847720438385,2108.0,0,7,38000000,"Rawai, Muang Phuket, Phuket",98.313571520591,,Rawai,1117647.0,530.0
140.0,20357,2,Detached House,,Phuket,,7.9588826627017,196.0,0,3,3990000,"Ko Kaeo, Muang Phuket, Phuket",98.370716917152,,Ko Kaeo,117353.0,599.0
400.0,61571,3,Detached House,,Phuket,,8.137080583081,471.0,0,3,29000000,"Mai Khao, Thalang, Phuket",98.301068466256,,Mai Khao,852941.0,1811.0
75.0,126666,2,Condo,,Phuket,,7.9993874529214,,0,2,9500000,"Choeng Thale, Thalang, Phuket",98.296852528381,,Choeng Thale,279412.0,3725.0
173.0,78034,4,Townhouse,,Phuket,,8.0019049830245,192.00000000000003,0,3,13500000,"Choeng Thale, Thalang, Phuket",98.293247639465,,Choeng Thale,397059.0,2295.0
750.0,32000,6,Detached House,,Phuket,,8.0089008022148,750.0,0,5,24000000,"Sri Sunthon, Thalang, Phuket",98.315697257475,,Sri Sunthon,705882.0,941.0
500.0,29600,6,Detached House,,Phuket,,7.9585294636722,5000.0,0,6,148000000,"Kammala, Kathu, Phuket",98.283928656755,,Kammala,4352941.0,871.0
103.0,60194,1,Condo,,Phuket,,7.9402772142157,,0,1,6200000,"Kammala, Kathu, Phuket",98.293846240105,,Kammala,182353.0,1770.0
740.0,85129,5,Detached House,,Phuket,,7.8010450769572,928.0,0,5,79000000,"Wichit, Muang Phuket, Phuket",98.410419677406,,Wichit,2323529.0,2504.0
418.0,39377,3,Detached House,,Phuket,,8.0305639374072,627.0,0,3,24690000,"Thep Krasattri, Thalang, Phuket",98.318308886766,,Thep Krasattri,726176.0,1158.0
400.0,15000,5,Detached House,,Phuket,,7.8481722821369,1200.0,0,3,18000000,"Chalong, Muang Phuket, Phuket",98.341967685427,,Chalong,529412.0,441.0
277.0,173285,3,Condo,,Phuket,,8.0013909888257,,0,3,48000000,"Choeng Thale, Thalang, Phuket",98.300126760581,,Choeng Thale,1411765.0,5097.0
320.0,17647,4,Detached House,,Phuket,,7.9674123586037,935.0,0,4,16500000,"Sri Sunthon, Thalang, Phuket",98.367698354429,,Sri Sunthon,485294.0,519.0
400.0,24303,5,Detached House,,Phuket,,8.0060242895331,1687.0000000000002,0,5,41000000,"Choeng Thale, Thalang, Phuket",98.29878542436,,Choeng Thale,1205882.0,715.0
548.0,27372,5,Detached House,,Phuket,,7.9174197378588,548.0,0,4,15000000,"Kathu, Kathu, Phuket",98.338498868364,,Kathu,441176.0,805.0
261.0,21072,2,Detached House,,Phuket,,7.7874583461636,261.0,0,2,5500000,"Rawai, Muang Phuket, Phuket",98.314962051422,,Rawai,161765.0,620.0
420.0,46428,5,Detached House,,Phuket,,7.9249102513062,420.0,0,4,19500000,"Kathu, Kathu, Phuket",98.33693016594,,Kathu,573529.0,1366.0
250.0,25000,4,Detached House,,Phuket,,7.8936753906845,460.0,0,4,11500000,"Kathu, Kathu, Phuket",98.347393312984,,Kathu,338235.0,735.0
720.0,11875,4,Detached House,,Phuket,,8.007445333942,3199.9999999999995,0,4,38000000,"Pa Khlok, Thalang, Phuket",98.391559640422,,Pa Khlok,1117647.0,349.0
160.0,29473,2,Detached House,,Phuket,,7.9906195030838,285.0,0,2,8400000,"Choeng Thale, Thalang, Phuket",98.305626745815,,Choeng Thale,247059.0,867.0
850.0,16241,10,Detached House,,Phuket,,7.9356773645856,3017.0,0,9,49000000,"Kathu, Kathu, Phuket",98.333532124892,,Kathu,1441176.0,478.0
700.0,35714,25,Condo,,Phuket,,7.9125131818763,,0,25,25000000,"Kathu, Kathu, Phuket",98.349496459796,Freehold,Kathu,735294.0,1050.0
320.0,12900,4,Detached House,,Phuket,,7.7750487947155,1000.0,0,4,12900000,"Rawai, Muang Phuket, Phuket",98.306886992683,,Rawai,379412.0,379.0
750.0,21195,7,Detached House,,Phuket,,7.9938020853764,1840.0,0,5,39000000,"Pa Khlok, Thalang, Phuket",98.40750636397,,Pa Khlok,1147059.0,623.0
187.0,22943,4,Detached House,,Phuket,,7.9060342204758,632.0,0,3,14500000,"Kathu, Kathu, Phuket",98.354055915188,,Kathu,426471.0,675.0
660.0,12187,7,Detached House,,Phuket,,7.8625369879617,1599.9999999999998,0,5,19500000,"Wichit, Muang Phuket, Phuket",98.352957214528,,Wichit,573529.0,358.0
329.0,41552,4,Detached House,,Phuket,,8.0219210523579,512.0,0,3,21275000,"Thep Krasattri, Thalang, Phuket",98.318970227029,,Thep Krasattri,625735.0,1222.0
378.0,41297,3,Detached House,,Phuket,,8.0240278734577,678.0,0,4,28000000,"Thep Krasattri, Thalang, Phuket",98.317163848044,,Thep Krasattri,823529.0,1215.0
248.0,133064,3,Condo,,Phuket,,8.0093033708209,,0,3,33000000,"Choeng Thale, Thalang, Phuket",98.293554964229,,Choeng Thale,970588.0,3914.0
350.0,25428,2,Detached House,,Phuket,,7.8381605917571,350.0,0,3,8900000,"Chalong, Muang Phuket, Phuket",98.340550584776,,Chalong,261765.0,748.0
874.0,38824,5,Detached House,,Phuket,,8.0058289980686,1803.0,0,5,70000000,"Choeng Thale, Thalang, Phuket",98.298786033501,,Choeng Thale,2058824.0,1142.0
150.0,71333,4,Townhouse,,Phuket,,8.0062401955927,173.0,0,3,10700000,"Choeng Thale, Thalang, Phuket",98.300327651552,,Choeng Thale,314706.0,2098.0
1200.0,68181,7,Detached House,,Phuket,,7.9720490767486,1452.0,0,5,99000000,"Choeng Thale, Thalang, Phuket",98.282292084758,,Choeng Thale,2911765.0,2005.0
200.0,24029,2,Detached House,,Phuket,,8.0358210754008,412.0,0,2,9900000,"Choeng Thale, Thalang, Phuket",98.285496658006,,Choeng Thale,291176.0,707.0
180.0,43109,2,Detached House,,Phuket,,8.0024857557349,283.0,0,3,12199999,"Choeng Thale, Thalang, Phuket",98.314980859355,,Choeng Thale,358824.0,1268.0
528.0,111742,5,Condo,,Phuket,,7.9660772560446,,0,4,59000000,"Ko Kaeo, Muang Phuket, Phuket",98.3902962221,,Ko Kaeo,1735294.0,3287.0
220.0,50000,4,Detached House,,Phuket,,7.8807434365507,390.0,0,4,19500000,"Wichit, Muang Phuket, Phuket",98.357297810183,,Wichit,573529.0,1471.0
31.0,132258,1,Condo,,Phuket,,8.0052999026017,,0,1,4100000,"Choeng Thale, Thalang, Phuket",98.300412013149,,Choeng Thale,120588.0,3890.0
799.9999999999999,48387,1,Detached House,,Phuket,,8.0358043692202,1240.0,0,6,60000000,"Choeng Thale, Thalang, Phuket",98.285724539186,,Choeng Thale,1764706.0,1423.0
240.0,26717,3,Detached House,,Phuket,,8.021303124647,524.0,0,3,14000000,"Thep Krasattri, Thalang, Phuket",98.314446826499,,Thep Krasattri,411765.0,786.0
140.0,26538,2,Detached House,,Phuket,,7.7764054069966,260.0,0,2,6900000,"Rawai, Muang Phuket, Phuket",98.30689172849,,Rawai,202941.0,781.0
193.0,35106,3,Detached House,,Phuket,,7.9426273841488,282.0,0,3,9900000,"Kammala, Kathu, Phuket",98.289508475538,,Kammala,291176.0,1033.0
980.0,131147,5,Detached House,,Phuket,,7.8112683588737,915.0,0,4,120000000,"Karon, Muang Phuket, Phuket",98.296629042141,,Karon,3529412.0,3857.0
300.0,25252,4,Detached House,,Phuket,,7.7765296495496,990.0,0,3,25000000,"Rawai, Muang Phuket, Phuket",98.306110808359,,Rawai,735294.0,743.0
285.0,35245,4,Detached House,,Phuket,,8.0059476009336,610.0,0,4,21500000,"Choeng Thale, Thalang, Phuket",98.300506575723,,Choeng Thale,632353.0,1037.0
260.0,27307,2,Detached House,,Phuket,,7.7837248994035,260.0,0,2,7100000,"Rawai, Muang Phuket, Phuket",98.314067463996,,Rawai,208824.0,803.0
115.0,30434,2,Condo,,Phuket,,7.9566930847045,,0,3,3500000,"Kammala, Kathu, Phuket",98.28469514313,,Kammala,102941.0,895.0
115.0,147826,2,Condo,,Phuket,,8.0373008527266,,0,2,17000000,"Choeng Thale, Thalang, Phuket",98.282788290139,,Choeng Thale,500000.0,4348.0
900.0,21666,4,Detached House,,Phuket,,8.0367173543097,900.0,0,4,19500000,"Thep Krasattri, Thalang, Phuket",98.331128331553,,Thep Krasattri,573529.0,637.0
280.0,23275,3,Detached House,,Phuket,,8.0350078499408,580.0,0,3,13500000,"Choeng Thale, Thalang, Phuket",98.285005451608,,Choeng Thale,397059.0,685.0
200.0,18244,2,Detached House,,Phuket,,7.9103326295727,361.2,0,3,6590000,"Ratsada, Muang Phuket, Phuket",98.375321663261,,Ratsada,193824.0,537.0
556.0,16875,12,Detached House,,Phuket,,7.7725636172505,1599.9999999999998,0,1,27000000,"Rawai, Muang Phuket, Phuket",98.322099692626,,Rawai,794118.0,496.0
316.0,31329,3,Detached House,,Phuket,,8.0042766441368,316.0,0,2,9900000,"Sri Sunthon, Thalang, Phuket",98.319419921801,,Sri Sunthon,291176.0,921.0
900.0,38617,5,Detached House,,Phuket,,7.9669543426547,2460.0,0,5,95000000,"Ko Kaeo, Muang Phuket, Phuket",98.387125561409,,Ko Kaeo,2794118.0,1136.0
300.0,140000,4,Detached House,,Phuket,,7.8949492493797,350.0,0,6,49000000,"Patong, Kathu, Phuket",98.298162168228,,Patong,1441176.0,4118.0
300.0,33893,4,Detached House,,Phuket,,8.0026438918377,368.8,0,3,12500000,"Choeng Thale, Thalang, Phuket",98.309183025126,,Choeng Thale,367647.0,997.0
400.0,59447,3,Detached House,,Phuket,,8.1174617054121,471.0,0,3,28000000,"Mai Khao, Thalang, Phuket",98.302587131157,,Mai Khao,823529.0,1748.0
530.0,16792,3,Detached House,,Phuket,,7.8233326470108,530.0,0,3,8900000,"Rawai, Muang Phuket, Phuket",98.329172955266,,Rawai,261765.0,494.0
375.0,29560,3,Detached House,,Phuket,,7.7762335060238,710.4,0,3,21000000,"Rawai, Muang Phuket, Phuket",98.306060956161,,Rawai,617647.0,869.0
1599.9999999999998,23121,5,Detached House,,Phuket,,8.0307369994701,1599.9999999999998,0,4,36995000,"Choeng Thale, Thalang, Phuket",98.295384427873,,Choeng Thale,1088088.0,680.0
65.0,32307,1,Condo,,Phuket,,7.7740869860467,,0,1,2100000,"Rawai, Muang Phuket, Phuket",98.320326895942,,Rawai,61765.0,950.0
730.0,47124,4,Detached House,,Phuket,,7.9904868181802,1443.0,0,4,68000000,"Pa Khlok, Thalang, Phuket",98.417135813975,,Pa Khlok,2000000.0,1386.0
46.0,97826,2,Condo,,Phuket,,7.7738245781581,,0,2,4500000,"Rawai, Muang Phuket, Phuket",98.324041328198,,Rawai,132353.0,2877.0
150.0,71666,3,Detached House,,Phuket,,8.0349519103279,180.0,0,3,12900000,"Choeng Thale, Thalang, Phuket",98.284933287141,,Choeng Thale,379412.0,2108.0
150.0,25000,3,Detached House,,Phuket,,7.7720694305348,180.0,0,3,4500000,"Rawai, Muang Phuket, Phuket",98.321878866597,,Rawai,132353.0,735.0
525.0,29166,5,Detached House,,Phuket,,8.0363336487055,1200.0,0,4,35000000,"Choeng Thale, Thalang, Phuket",98.281836699065,,Choeng Thale,1029412.0,858.0
843.0,19310,5,Detached House,,Phuket,,7.9821507976736,1450.0,0,5,28000000,"Choeng Thale, Thalang, Phuket",98.283181685262,,Choeng Thale,823529.0,568.0
250.0,21771,3,Detached House,,Phuket,,7.9802027139823,408.8,0,3,8900000,"Sri Sunthon, Thalang, Phuket",98.361565973563,,Sri Sunthon,261765.0,640.0
220.0,43823,5,Detached House,,Phuket,,8.0083374148669,340.0,0,4,14900000,"Choeng Thale, Thalang, Phuket",98.310910152983,,Choeng Thale,438235.0,1289.0
680.0,26234,4,Detached House,,Phuket,,8.0058997854388,1296.0,0,4,34000000,"Choeng Thale, Thalang, Phuket",98.298937095601,,Choeng Thale,1000000.0,772.0
250.0,24032,4,Detached House,,Phuket,,7.9595898193854,620.0,0,3,14900000,"Ko Kaeo, Muang Phuket, Phuket",98.386636539506,,Ko Kaeo,438235.0,707.0
65.0,245384,2,Condo,,Phuket,,7.8963558502803,,0,2,15950000,"Patong, Kathu, Phuket",98.296729747493,,Patong,469118.0,7217.0
38.0,60526,1,Condo,,Phuket,,7.8858162855827,,0,1,2300000,"Talat Nua, Muang Phuket, Phuket",98.383696481091,,Talat Nua,67647.0,1780.0
120.0,38666,2,Detached House,,Phuket,,7.7760055864416,150.0,0,2,5800000,"Rawai, Muang Phuket, Phuket",98.306211029357,,Rawai,170588.0,1137.0
313.0,42814,3,Detached House,,Phuket,,7.7761458268676,464.8,0,3,19900000,"Rawai, Muang Phuket, Phuket",98.306159644722,,Rawai,585294.0,1259.0
810.0,12962,4,Detached House,,Phuket,,8.0158036469268,810.0,0,3,10500000,"Choeng Thale, Thalang, Phuket",98.313803378826,,Choeng Thale,308824.0,381.0
515.0,40776,4,Detached House,,Phuket,,8.0131360672584,515.0,0,3,21000000,"Laguna townhome, Choeng Thale, Thalang, Phuket",98.301750572245,,Choeng Thale,617647.0,1199.0
43.0,90697,2,Condo,,Phuket,,7.8209855965316,,0,2,3900000,"Karon, Muang Phuket, Phuket",98.298007773182,,Karon,114706.0,2668.0
474.0,49401,5,Detached House,,Phuket,,8.0025317123271,668.0,0,4,33000000,"Sri Sunthon, Thalang, Phuket",98.319904403581,,Sri Sunthon,970588.0,1453.0
430.0,43333,5,Detached House,,Phuket,,8.0351417035858,600.0,0,5,26000000,"Choeng Thale, Thalang, Phuket",98.284982039668,,Choeng Thale,764706.0,1274.0
288.0,26512,2,Detached House,,Phuket,,8.0055750427472,562.0,0,2,14900000,"Choeng Thale, Thalang, Phuket",98.297005452905,,Choeng Thale,438235.0,780.0
180.0,21000,4,Detached House,,Phuket,,7.8857003855477,500.0,0,4,10500000,"Talat Nua, Muang Phuket, Phuket",98.384190756737,,Talat Nua,308824.0,618.0
370.0,47820,3,Detached House,,Phuket,,7.9971889480966,345.0,0,3,16498000,"Choeng Thale, Thalang, Phuket",98.309041864367,,Choeng Thale,485235.0,1406.0
120.0,46000,2,Detached House,,Phuket,,7.7722459455465,150.0,0,2,6900000,"Rawai, Muang Phuket, Phuket",98.321989210565,,Rawai,202941.0,1353.0
301.0,59468,2,Detached House,,Phuket,,7.9956921529255,301.0,0,2,17900000,"Choeng Thale, Thalang, Phuket",98.304808591888,,Choeng Thale,526471.0,1749.0
450.0,21307,7,Detached House,,Phuket,,7.7951416916383,1872.0,0,7,39888000,"Rawai, Muang Phuket, Phuket",98.329938991204,,Rawai,1173176.0,627.0
277.0,21989,3,Condo,,Phuket,,7.9756106930177,,0,3,6090975,"Choeng Thale, Thalang, Phuket",98.280855440796,,Choeng Thale,179146.0,647.0
296.0,56645,2,Detached House,,Phuket,,8.01104015731,316.0,0,2,17900000,"Choeng Thale, Thalang, Phuket",98.308152014844,,Choeng Thale,526471.0,1666.0
45.0,101955,1,Condo,,Phuket,,8.0178677608658,,0,1,4588000,"Choeng Thale, Thalang, Phuket",98.305276239025,,Choeng Thale,134941.0,2999.0
320.0,15434,3,Detached House,,Phuket,,7.9842724078269,907.0,0,3,13999000,"Choeng Thale, Thalang, Phuket",98.296418726322,,Choeng Thale,411735.0,454.0
350.0,26966,3,Detached House,,Phuket,,7.9577361807518,445.0,0,4,12000000,"Ko Kaeo, Muang Phuket, Phuket",98.382690310992,,Ko Kaeo,352941.0,793.0
370.0,23161,4,Detached House,,Phuket,,8.005644024894,680.0,0,3,15750000,"Choeng Thale, Thalang, Phuket",98.296669022453,,Choeng Thale,463235.0,681.0
150.0,16250,2,Detached House,,Phuket,,7.7724558105341,320.0,0,2,5200000,"Rawai, Muang Phuket, Phuket",98.322026551672,,Rawai,152941.0,478.0
240.0,28787,3,Detached House,,Phuket,,7.7761782308601,330.0,0,5,9500000,"Rawai, Muang Phuket, Phuket",98.306007412646,,Rawai,279412.0,847.0
79.0,44303,1,Condo,,Phuket,,7.9567612860851,,0,1,3500000,"Kammala, Kathu, Phuket",98.283720633809,,Kammala,102941.0,1303.0
433.0,17940,3,Detached House,,Phuket,,7.7763136187741,1114.8,0,3,20000000,"Rawai, Muang Phuket, Phuket",98.306088737325,,Rawai,588235.0,528.0
192.00000000000003,65104,3,Townhouse,,Phuket,,8.0009677939931,192.00000000000003,0,3,12500000,"Choeng Thale, Thalang, Phuket",98.29715087333,,Choeng Thale,367647.0,1915.0
350.0,40056,4,Detached House,,Phuket,,8.0084402874477,624.0,0,4,24995000,"Pasak, Sri Sunthon, Thalang, Phuket",98.318148484351,,Sri Sunthon,735147.0,1178.0
203.0,40639,2,Detached House,,Phuket,,7.7721973663959,219.0,0,2,8900000,"Rawai, Muang Phuket, Phuket",98.32198183549,,Rawai,261765.0,1195.0
130.0,28125,3,Detached House,,Phuket,,7.7727032106246,480.0,0,2,13500000,"Rawai, Muang Phuket, Phuket",98.322580247311,,Rawai,397059.0,827.0
560.0,39189,6,Detached House,,Phuket,,7.8036364211293,740.0,0,5,29000000,"Rawai, Rawai, Muang Phuket, Phuket",98.320663664865,,Rawai,852941.0,1153.0
220.0,35267,3,Detached House,,Phuket,,7.9570473884702,224.0,0,3,7900000,"Kammala, Kathu, Phuket",98.283395764597,,Kammala,232353.0,1037.0
280.0,47142,4,Detached House,,Phuket,,7.957074567896,210.0,0,4,9900000,"Kammala, Kathu, Phuket",98.283452308749,,Kammala,291176.0,1387.0
193.0,51354,3,Detached House,,Phuket,,7.9567968042485,282.35,0,3,14500000,"Kammala, Kathu, Phuket",98.283713435162,,Kammala,426471.0,1510.0
140.0,53571,1,Detached House,,Phuket,,8.0362267547338,140.0,0,1,7500000,"Choeng Thale, Thalang, Phuket",98.282827106992,,Choeng Thale,220588.0,1576.0
190.0,21250,3,Detached House,,Phuket,,7.843284939691,400.0,0,3,8500000,"Chalong, Muang Phuket, Phuket",98.352260553284,,Chalong,250000.0,625.0
230.0,19038,2,Detached House,,Phuket,,7.8232826420803,260.0,0,2,4950000,"Chalong, Muang Phuket, Phuket",98.336800719132,,Chalong,145588.0,560.0
350.0,16875,3,Detached House,,Phuket,,7.7722160370953,799.9999999999999,0,3,13500000,"Rawai, Muang Phuket, Phuket",98.3220178884,,Rawai,397059.0,496.0
680.0,35526,7,Detached House,,Phuket,,8.0683397726572,1520.0,0,7,54000000,"Pa Khlok, Thalang, Phuket",98.44099594236,,Pa Khlok,1588235.0,1045.0
500.0,23121,4,Detached House,,Phuket,,8.0350743179422,1599.9999999999998,0,4,36995000,"Choeng Thale, Thalang, Phuket",98.284361091188,,Choeng Thale,1088088.0,680.0
240.0,17647,3,Detached House,,Phuket,,7.8437479205782,850.0,0,2,15000000,"Karon, Muang Phuket, Phuket",98.293880170105,,Karon,441176.0,519.0
150.0,41666,2,Detached House,,Phuket,,7.7723654509489,180.0,0,2,7500000,"Rawai, Muang Phuket, Phuket",98.322146683224,,Rawai,220588.0,1225.0
180.0,18750,4,Detached House,,Phuket,,7.7777052699727,480.0,0,3,9000000,"Rawai, Muang Phuket, Phuket",98.305691001576,,Rawai,264706.0,551.0
190.0,78947,2,Condo,,Phuket,,7.9569331123758,,0,2,15000000,"Kammala, Kathu, Phuket",98.283266443424,,Kammala,441176.0,2322.0
428.0,181065,5,Detached House,,Phuket,,7.9567128432136,845.0,0,4,153000000,"Kammala, Kathu, Phuket",98.283560345826,,Kammala,4500000.0,5325.0
150.0,34722,4,Detached House,,Phuket,,7.772467543547,187.2,0,4,6500000,"Rawai, Muang Phuket, Phuket",98.322511216855,,Rawai,191176.0,1021.0
340.0,88235,3,Condo,,Phuket,,8.0024217436557,,0,3,30000000,"Choeng Thale, Thalang, Phuket",98.294439560679,,Choeng Thale,882353.0,2595.0
310.0,59677,2,Condo,,Phuket,,7.771311481186,,0,2,18500000,"Rawai, Muang Phuket, Phuket",98.320218449538,,Rawai,544118.0,1755.0
215.0,34858,3,Detached House,,Phuket,,7.9043498891394,212.00000000000003,0,3,7390000,"Kathu, Kathu, Phuket",98.336871821267,,Kathu,217353.0,1025.0
340.0,20558,2,Detached House,,Phuket,,7.9854610500137,340.0,0,3,6990000,"Pa Khlok, Thalang, Phuket",98.421816006625,,Pa Khlok,205588.0,605.0
141.0,78014,2,Condo,,Phuket,,8.0894795216961,,0,2,11000000,"Sa Khu, Thalang, Phuket",98.29787809458,,Sa Khu,323529.0,2295.0
280.0,29247,3,Detached House,,Phuket,,7.7722432838871,359.0,0,3,10500000,"Rawai, Muang Phuket, Phuket",98.321984385319,,Rawai,308824.0,860.0
72.0,65277,1,Condo,,Phuket,,7.8437686005129,,0,1,4700000,"Karon, Muang Phuket, Phuket",98.294654311748,,Karon,138235.0,1920.0
1015.0,24937,6,Detached House,,Phuket,,8.0050234058825,1599.9999999999998,0,6,39900000,"Choeng Thale, Thalang, Phuket",98.298409573237,,Choeng Thale,1173529.0,733.0
845.0,181065,5,Condo,,Phuket,,7.949132887378,,0,4,153000000,"Kammala, Kathu, Phuket",98.275351940918,,Kammala,4500000.0,5325.0
485.0,12634,4,Detached House,,Phuket,,7.9517331399255,1860.0,0,4,23500000,"Ko Kaeo, Muang Phuket, Phuket",98.370015869632,,Ko Kaeo,691176.0,372.0
400.0,28666,5,Detached House,,Phuket,,7.7720390397279,750.0,0,4,21500000,"Rawai, Muang Phuket, Phuket",98.321854496854,,Rawai,632353.0,843.0
397.0,34071,3,Detached House,,Phuket,,8.0025186323001,587.0,0,3,20000000,"Choeng Thale, Thalang, Phuket",98.293172682927,,Choeng Thale,588235.0,1002.0
176.0,37500,2,Condo,,Phuket,,7.9166984266709,,0,2,6600000,"Kathu, Kathu, Phuket",98.341616699068,,Kathu,194118.0,1103.0
1268.0,75000,5,Detached House,,Phuket,,7.9865511395119,1599.9999999999998,0,4,120000000,"Pa Khlok, Thalang, Phuket",98.421495155709,,Pa Khlok,3529412.0,2206.0
500.0,24473,4,Detached House,,Phuket,,8.0017480875632,1140.0,0,3,27900000,"Choeng Thale, Thalang, Phuket",98.294246126588,,Choeng Thale,820588.0,720.0
500.0,45833,9,Detached House,,Phuket,,7.9555502433967,1200.0,0,6,55000000,"Kammala, Kathu, Phuket",98.283483523485,,Kammala,1617647.0,1348.0
117.0,55555,1,Condo,,Phuket,,7.956312016856,,0,1,6500000,"Kammala, Kathu, Phuket",98.284179270077,,Kammala,191176.0,1634.0
421.0,19512,6,Detached House,,Phuket,,8.0021735404053,1025.0,0,4,20000000,"Choeng Thale, Thalang, Phuket",98.293188370292,,Choeng Thale,588235.0,574.0
128.0,42003,3,Detached House,,Phuket,,7.7725603345262,185.7,0,3,7800000,"Rawai, Muang Phuket, Phuket",98.322580556803,,Rawai,229412.0,1235.0
324.0,39312,4,Detached House,,Phuket,,7.9935887651257,407.0,0,3,16000000,"Sri Sunthon, Thalang, Phuket",98.336051349747,,Sri Sunthon,470588.0,1156.0
450.0,25000,5,Detached House,,Phuket,,7.7722775272901,1000.0,0,5,25000000,"Rawai, Muang Phuket, Phuket",98.322250502893,,Rawai,735294.0,735.0
160.0,19911,2,Detached House,,Phuket,,7.7761321420386,226.0,0,2,4500000,"Rawai, Muang Phuket, Phuket",98.306280646454,,Rawai,132353.0,586.0
150.0,31250,2,Detached House,,Phuket,,7.7723232704556,160.0,0,2,5000000,"Rawai, Muang Phuket, Phuket",98.322265874455,,Rawai,147059.0,919.0
260.0,21656,3,Detached House,,Phuket,,8.0026893194114,785.0,0,3,17000000,"Choeng Thale, Thalang, Phuket",98.295000376361,,Choeng Thale,500000.0,637.0
66.0,53030,2,Condo,,Phuket,,7.7760213216451,,0,2,3500000,"Rawai, Muang Phuket, Phuket",98.306277974094,,Rawai,102941.0,1560.0
1312.0,79840,6,Detached House,,Phuket,,7.9753758386153,1503.0,0,4,120000000,"Choeng Thale, Thalang, Phuket",98.278914857877,,Choeng Thale,3529412.0,2348.0
175.0,25625,3,Detached House,,Phuket,,7.7722175881723,640.0,0,3,16400000,"Rawai, Muang Phuket, Phuket",98.322124036725,,Rawai,482353.0,754.0
115.0,110434,2,Condo,,Phuket,,7.8439514766011,,0,2,12700000,"Karon, Muang Phuket, Phuket",98.296286732326,,Karon,373529.0,3248.0
75.0,66666,2,Condo,,Phuket,,7.8219397948413,,0,2,5000000,"Karon, Muang Phuket, Phuket",98.300252910779,,Karon,147059.0,1961.0
280.0,25763,3,Detached House,,Phuket,,7.7724149476191,524.0,0,4,13500000,"Rawai, Muang Phuket, Phuket",98.322536806382,,Rawai,397059.0,758.0
1000.0,16666,5,Detached House,,Phuket,,7.772424213186,1650.0,0,4,27500000,"Rawai, Muang Phuket, Phuket",98.322183028207,,Rawai,808824.0,490.0
1277.0,108065,7,Detached House,,Phuket,,7.8961567577122,1582.37,0,5,171000000,"Patong, Kathu, Phuket",98.296784959001,,Patong,5029412.0,3178.0
168.0,30952,3,Detached House,,Phuket,,7.772486017974,168.0,0,3,5200000,"Rawai, Muang Phuket, Phuket",98.322303535773,,Rawai,152941.0,910.0
781.0,52912,6,Detached House,,Phuket,,8.0019851282412,1133.0,0,5,59950000,"Choeng Thale, Thalang, Phuket",98.294750518214,,Choeng Thale,1763235.0,1556.0
75.0,112000,2,Condo,,Phuket,,7.9998863434726,,0,2,8400000,"Choeng Thale, Thalang, Phuket",98.296719201559,,Choeng Thale,247059.0,3294.0
508.00000000000006,28645,5,Detached House,,Phuket,,7.9850990478731,1920.0,0,4,55000000,"Sri Sunthon, Thalang, Phuket",98.325734739881,,Sri Sunthon,1617647.0,842.0
56.0,67857,2,Condo,,Phuket,,7.9801020619508,,0,1,3800000,"Choeng Thale, Thalang, Phuket",98.283302811036,,Choeng Thale,111765.0,1996.0
200.0,21666,2,Detached House,,Phuket,,7.7725170990166,300.0,0,2,6500000,"Rawai, Muang Phuket, Phuket",98.322581579753,,Rawai,191176.0,637.0
320.0,16842,3,Detached House,,Phuket,,7.9558071953622,950.0,0,3,16000000,"Ko Kaeo, Muang Phuket, Phuket",98.371596581494,,Ko Kaeo,470588.0,495.0
1200.0,75000,5,Detached House,,Phuket,,7.8971257628699,1599.9999999999998,0,4,120000000,"Patong, Kathu, Phuket",98.296146829293,,Patong,3529412.0,2206.0
162.0,23114,2,Detached House,,Phuket,,8.0023460056886,411.0,0,3,9500000,"Choeng Thale, Thalang, Phuket",98.29300987399,,Choeng Thale,279412.0,680.0
1050.0,52083,7,Detached House,,Phuket,,7.9747332098591,2400.0,0,7,125000000,"Choeng Thale, Thalang, Phuket",98.280706063892,,Choeng Thale,3676471.0,1532.0
150.0,58333,3,Detached House,,Phuket,,7.9566078655052,180.0,0,3,10500000,"Kammala, Kathu, Phuket",98.28350931847,,Kammala,308824.0,1716.0
180.0,39919,3,Detached House,,Phuket,,7.7760737358675,248.0,0,3,9900000,"Rawai, Muang Phuket, Phuket",98.306007350035,,Rawai,291176.0,1174.0
1632.0,35416,6,Detached House,,Phuket,,7.9757130589782,2400.0,0,6,85000000,"Choeng Thale, Thalang, Phuket",98.279354393089,,Choeng Thale,2500000.0,1042.0
418.0,80000,4,Detached House,,Phuket,,8.0634458655328,450.0,0,4,36000000,"Sa Khu, Thalang, Phuket",98.283477184263,,Sa Khu,1058824.0,2353.0
550.0,42222,4,Detached House,,Phuket,,7.9568792796288,900.0,0,3,38000000,"Kammala, Kathu, Phuket",98.283927396051,,Kammala,1117647.0,1242.0
250.0,20000,3,Detached House,,Phuket,,7.7761185972656,500.0,0,3,10000000,"Rawai, Muang Phuket, Phuket",98.306041442542,,Rawai,294118.0,588.0
1400.0,20416,6,Detached House,,Phuket,,7.7717351845522,4800.0,0,6,98000000,"Rawai, Muang Phuket, Phuket",98.321176030798,,Rawai,2882353.0,600.0
160.0,38963,4,Detached House,,Phuket,,7.9583375378536,164.0,0,3,6390000,"Ko Kaeo, Muang Phuket, Phuket",98.374612527327,,Ko Kaeo,187941.0,1146.0
720.0,11562,4,Detached House,,Phuket,,7.9855135697079,3199.9999999999995,0,4,37000000,"Pa Khlok, Thalang, Phuket",98.421362463861,,Pa Khlok,1088235.0,340.0
770.0,60714,6,Detached House,,Phuket,,7.8061328945534,1400.0,0,6,85000000,"Wichit, Muang Phuket, Phuket",98.408186817759,,Wichit,2500000.0,1786.0
246.0,33734,3,Detached House,,Phuket,,7.7729709095971,415.00000000000006,0,3,14000000,"Rawai, Muang Phuket, Phuket",98.322656039511,,Rawai,411765.0,992.0
465.0,35263,5,Detached House,,Phuket,,8.0351336893569,1077.6,0,4,38000000,"Choeng Thale, Thalang, Phuket",98.28476799012,,Choeng Thale,1117647.0,1037.0
200.0,39073,3,Detached House,,Phuket,,7.9888185033136,276.4,0,3,10800000,"Choeng Thale, Thalang, Phuket",98.310851380474,,Choeng Thale,317647.0,1149.0
28.0,92500,1,Detached House,,Phuket,,8.0603228690028,28.0,0,2,2590000,"Sa Khu, Thalang, Phuket",98.278766193585,,Sa Khu,76176.0,2721.0
200.0,100000,2,Detached House,,Phuket,,8.0607698205865,220.0,0,2,22000000,"Sa Khu, Thalang, Phuket",98.277759866684,,Sa Khu,647059.0,2941.0
300.0,155263,5,Detached House,,Phuket,,7.9756713261782,380.0,0,5,59000000,"Choeng Thale, Thalang, Phuket",98.279076676628,,Choeng Thale,1735294.0,4567.0
250.0,17375,4,Detached House,,Phuket,,7.7760731654102,400.0,0,4,6950000,"Rawai, Muang Phuket, Phuket",98.306067867798,,Rawai,204412.0,511.0
200.0,33000,3,Detached House,,Phuket,,7.9261450248755,250.0,0,3,8250000,"Kathu, Kathu, Phuket",98.332915581486,,Kathu,242647.0,971.0
200.0,28214,2,Detached House,,Phuket,,7.8215988752458,280.0,0,2,7900000,"Chalong, Muang Phuket, Phuket",98.343923319599,,Chalong,232353.0,830.0
200.0,55879,4,Detached House,,Phuket,,7.9568920984645,377.6,0,3,21100000,"Kammala, Kathu, Phuket",98.283475968388,,Kammala,620588.0,1644.0
300.0,18457,4,Detached House,,Phuket,,7.9270355179739,428.0,0,4,7900000,"Kathu, Kathu, Phuket",98.332354931714,,Kathu,232353.0,543.0
46.0,84782,1,Condo,,Phuket,,7.7719451408462,,0,1,3900000,"Rawai, Muang Phuket, Phuket",98.321620404628,,Rawai,114706.0,2494.0
115.0,25000,4,Detached House,,Phuket,,7.772382548746,300.0,0,3,7500000,"Rawai, Muang Phuket, Phuket",98.320838843383,,Rawai,220588.0,735.0
330.0,33750,3,Detached House,,Phuket,,8.0193239139469,560.0,0,3,18900000,"Choeng Thale, Thalang, Phuket",98.304767326341,,Choeng Thale,555882.0,993.0
300.0,15909,5,Detached House,,Phuket,,7.9986512994655,748.0,0,4,11900000,"Sri Sunthon, Thalang, Phuket",98.338122565841,,Sri Sunthon,350000.0,468.0
170.0,29062,3,Detached House,,Phuket,,7.7779368224488,320.0,0,3,9300000,"Rawai, Muang Phuket, Phuket",98.306593431405,,Rawai,273529.0,855.0
130.0,20050,3,Detached House,,Phuket,,7.7716737097544,394.0,0,3,7900000,"Rawai, Muang Phuket, Phuket",98.31968292264,,Rawai,232353.0,590.0
280.0,18750,3,Detached House,,Phuket,,8.0362569944171,400.0,0,3,7500000,"Choeng Thale, Thalang, Phuket",98.281727083038,,Choeng Thale,220588.0,551.0
310.0,31800,3,Detached House,,Phuket,,7.8133401636563,500.0,0,3,15900000,"Wichit, Muang Phuket, Phuket",98.392529688188,,Wichit,467647.0,935.0
450.0,32000,4,Detached House,,Phuket,,7.9795298058679,1000.0,0,3,32000000,"Sri Sunthon, Thalang, Phuket",98.32631028291,,Sri Sunthon,941176.0,941.0
202.00000000000003,37586,2,Detached House,,Phuket,,7.9912361857247,290.0,0,3,10900000,"Sri Sunthon, Thalang, Phuket",98.325603212117,,Sri Sunthon,320588.0,1105.0
110.0,69090,2,Condo,,Phuket,,8.006764469197,,0,2,7600000,"Choeng Thale, Thalang, Phuket",98.297982472277,,Choeng Thale,223529.0,2032.0
895.0,24375,6,Detached House,,Phuket,,7.9904603835048,1599.9999999999998,0,4,39000000,"Pa Khlok, Thalang, Phuket",98.419316534965,,Pa Khlok,1147059.0,717.0
500.0,50000,4,Condo,,Phuket,,7.9934976736707,,0,3,25000000,"Choeng Thale, Thalang, Phuket",98.315765509136,,Choeng Thale,735294.0,1471.0
477.00000000000006,24916,5,Detached House,,Phuket,,7.9010177860159,1200.0,0,3,29900000,"Kathu, Kathu, Phuket",98.336007409966,,Kathu,879412.0,733.0
671.0,34719,5,Detached House,,Phuket,,8.0000658136846,1034.0,0,4,35900000,"Choeng Thale, Thalang, Phuket",98.296573063571,,Choeng Thale,1055882.0,1021.0
790.0000000000001,30222,5,Detached House,,Phuket,,7.7761420328296,943.0,0,5,28500000,"Rawai, Muang Phuket, Phuket",98.305964175571,,Rawai,838235.0,889.0
200.0,19120,2,Detached House,,Phuket,,7.7778577300349,250.0,0,2,4780000,"Rawai, Muang Phuket, Phuket",98.305729583313,,Rawai,140588.0,562.0
280.0,107142,3,Condo,,Phuket,,7.9660778173793,,0,3,30000000,"Ko Kaeo, Muang Phuket, Phuket",98.390711753096,,Ko Kaeo,882353.0,3151.0
47.0,61702,1,Condo,,Phuket,,7.7714499870976,,0,1,2900000,"Rawai, Muang Phuket, Phuket",98.320060435546,,Rawai,85294.0,1815.0
214.0,52974,3,Detached House,,Phuket,,7.9453665562372,353.0,0,2,18700000,"Kammala, Kathu, Phuket",98.291402618274,,Kammala,550000.0,1558.0
299.0,37545,4,Detached House,,Phuket,,8.0042816312197,338.0,0,3,12690495,"Sri Sunthon, Thalang, Phuket",98.329014769908,,Sri Sunthon,373250.0,1104.0
284.0,40922,4,Detached House,,Phuket,,7.9940749291645,282.39,0,3,11556000,"Choeng Thale, Thalang, Phuket",98.323100925444,,Choeng Thale,339882.0,1204.0
250.0,25641,2,Detached House,,Phuket,,8.0014623722323,468.0,0,3,12000000,"Choeng Thale, Thalang, Phuket",98.294481083553,,Choeng Thale,352941.0,754.0
304.0,105245,2,Detached House,,Phuket,,7.9753672987373,304.05,0,3,32000000,"Choeng Thale, Thalang, Phuket",98.281999151695,,Choeng Thale,941176.0,3095.0
843.0,22068,5,Detached House,,Phuket,,8.0022659087483,1450.0,0,5,32000000,"Choeng Thale, Thalang, Phuket",98.294805876546,,Choeng Thale,941176.0,649.0
596.0,58558,3,Detached House,,Phuket,,8.0358155592169,666.0,0,3,39000000,"Choeng Thale, Thalang, Phuket",98.285402495642,,Choeng Thale,1147059.0,1722.0
200.0,29200,4,Detached House,,Phuket,,7.7745352379295,250.0,0,4,7300000,"Rawai, Muang Phuket, Phuket",98.324638324623,,Rawai,214706.0,859.0
263.0,60795,3,Detached House,,Phuket,,7.7777395499455,542.8,0,3,33000000,"Rawai, Muang Phuket, Phuket",98.305342613476,,Rawai,970588.0,1788.0
880.0,44444,7,Detached House,,Phuket,,7.8206534880678,900.0,0,6,40000000,"Rawai, Muang Phuket, Phuket",98.332561329263,,Rawai,1176471.0,1307.0
152.0,23333,2,Detached House,,Phuket,,7.7767057041113,300.0,0,2,7000000,"Rawai, Muang Phuket, Phuket",98.30646092235,,Rawai,205882.0,686.0
246.0,33816,3,Detached House,,Phuket,,7.7778818475026,414.0,0,3,14000000,"Rawai, Muang Phuket, Phuket",98.305955208026,,Rawai,411765.0,995.0
1250.0,32000,8,Detached House,,Phuket,,8.0360188684501,1500.0,0,7,48000000,"Choeng Thale, Thalang, Phuket",98.279649066888,,Choeng Thale,1411765.0,941.0
1200.0,60869,5,Detached House,,Phuket,,7.9935913220173,575.0,0,4,35000000,"Sri Sunthon, Thalang, Phuket",98.335130221005,,Sri Sunthon,1029412.0,1790.0
710.0,81666,6,Detached House,,Phuket,,7.9138753751687,600.0,0,4,49000000,"Patong, Kathu, Phuket",98.295749586332,,Patong,1441176.0,2402.0
65.0,130769,1,Condo,Partially Furnished,Phuket,,7.8918455521567,,0,2,8500000,"Thaweewong Road, Patong, Kathu, Phuket",98.29554891353,Freehold,Patong,250000.0,3846.0
110.0,71818,2,Condo,Fully Furnished,Phuket,2012.0,7.811111,,0,2,7900000,"32 Karon, Karon, Muang Phuket, Phuket",98.29744,Freehold,Karon,232353.0,2112.0
57.99999999999999,108620,1,Condo,Fully Furnished,Phuket,2013.0,7.90159,,0,1,6300000,"Soi Hongyok Utis Yaowarat Road, Talat Yai, Muang Phuket, Phuket",98.378572,Freehold,Talat Yai,185294.0,3195.0
89.0,191011,2,Condo,Fully Furnished,Phuket,2015.0,8.154175769124732,,0,2,17000000,"8 Moo 3, Mai Khao, Thalang, Phuket",98.2978065925904,Freehold,Mai Khao,500000.0,5618.0
62.0,45967,2,Condo,Fully Furnished,Phuket,2014.0,7.9118,,0,2,2850000,"Wichit Songkhram  Wichit Songkhram, Kathu, Kathu, Phuket",98.349717,Freehold,Kathu,83824.0,1352.0
66.0,98484,1,Condo,Fully Furnished,Phuket,,7.9407,,0,1,6500000,"Kammala, Kathu, Phuket",98.2905,,Kammala,191176.0,2897.0
271.0,66420,4,Condo,Fully Furnished,Phuket,2012.0,7.81493,,0,3,18000000,"7/24 Sakdaj, Wichit, Muang Phuket, Phuket",98.386401,Freehold,Wichit,529412.0,1954.0
79.0,85443,1,Apartment,,Phuket,,8.0073636,79.364,0,1,6750000,"Choeng Thale, Thalang, Phuket",98.2979592,,Choeng Thale,198529.0,2513.0
93.0,106989,2,Apartment,,Phuket,,8.0005089,93.0,0,2,9950000,"Choeng Thale, Thalang, Phuket",98.2965949,,Choeng Thale,292647.0,3147.0
62.0,182258,2,Apartment,,Phuket,,8.0005089,62.0,0,2,11300000,"Choeng Thale, Thalang, Phuket",98.2965949,,Choeng Thale,332353.0,5361.0
205.0,87317,,Condo,,Phuket,,7.9060822468363,,0,3,17900000,"Patong, Kathu, Phuket",98.302307079456,,Patong,526471.0,2568.0
530.0,30074,4,Detached House,,Phuket,,8.02118,1213.66,0,4,36500000,"Choeng Thale, Thalang, Phuket",98.3049632,,Choeng Thale,1073529.0,885.0
140.0,82142,2,Apartment,,Phuket,,7.9940304489732,140.0,0,2,11500000,"Choeng Thale, Thalang, Phuket",98.294349674456,,Choeng Thale,338235.0,2416.0
80.0,93750,1,Apartment,,Phuket,,8.0073636,80.23,0,1,7500000,"Choeng Thale, Thalang, Phuket",98.2979592,,Choeng Thale,220588.0,2757.0
850.0,74561,4,Detached House,,Phuket,,7.9173991032521,1140.0,0,4,85000000,"Patong, Kathu, Phuket",98.2890523264,,Patong,2500000.0,2193.0
150.0,26388,2,Detached House,,Phuket,,7.8812105,144.0,0,2,3800000,"Ratsada, Muang Phuket, Phuket",98.4104482,,Ratsada,111765.0,776.0
,27083,2,Detached House,,Phuket,,7.8812105,144.0,0,4,3900000,"Ratsada, Muang Phuket, Phuket",98.4104482,,Ratsada,114706.0,797.0
,32954,3,Detached House,,Phuket,,7.9542624,88.0,0,3,2900000,"Ko Kaeo, Muang Phuket, Phuket",98.3888633,,Ko Kaeo,85294.0,969.0
,27812,2,Detached House,,Phuket,,8.070413,320.0,0,2,8900000,"Thep Krasattri, Thalang, Phuket",98.3430622,,Thep Krasattri,261765.0,818.0
,25657,2,Detached House,,Phuket,,7.9542624,152.0,0,3,3900000,"Ko Kaeo, Muang Phuket, Phuket",98.3888633,,Ko Kaeo,114706.0,755.0
,32807,4,Detached House,,Phuket,,7.8812105,1204.0,0,4,39500000,"Ratsada, Muang Phuket, Phuket",98.4104482,,Ratsada,1161765.0,965.0
,21875,2,Detached House,,Phuket,,7.8812105,160.0,0,3,3500000,"Ratsada, Muang Phuket, Phuket",98.4104482,,Ratsada,102941.0,643.0
,31250,2,Detached House,,Phuket,,7.8077767,160.0,0,3,5000000,"Rawai, Muang Phuket, Phuket",98.3372239,,Rawai,147059.0,919.0
,27500,2,Detached House,,Phuket,,7.8890489,200.0,0,3,5500000,"Talat Yai, Muang Phuket, Phuket",98.398062,,Talat Yai,161765.0,809.0
,30508,3,Detached House,,Phuket,,7.9542624,236.0,0,4,7200000,"Ko Kaeo, Muang Phuket, Phuket",98.3888633,,Ko Kaeo,211765.0,897.0
,29166,2,Detached House,,Phuket,,7.9542624,144.0,0,3,4200000,"Ko Kaeo, Muang Phuket, Phuket",98.3888633,,Ko Kaeo,123529.0,858.0
,16129,3,Detached House,,Phuket,,7.8890489,744.0,0,4,12000000,"Talat Yai, Muang Phuket, Phuket",98.398062,,Talat Yai,352941.0,474.0
,18000,,Detached House,,Phuket,,7.8077767,200.0,0,,3600000,"Rawai, Muang Phuket, Phuket",98.3372239,,Rawai,105882.0,529.0
,21357,2,Detached House,,Phuket,,7.8473284,140.0,0,2,2990000,"Wichit, Muang Phuket, Phuket",98.3823088,,Wichit,87941.0,628.0
30.0,49666,1,Condo,Fully Furnished,Phuket,2014.0,7.907531,,0,,1490000,"- Vichitsongkram Road, Kathu, Kathu, Phuket",98.35512,Freehold,Kathu,43824.0,1461.0
297.0,70707,2,Condo,,Phuket,,7.9925831,,0,2,21000000,"Choeng Thale, Thalang, Phuket",98.2962201,,Choeng Thale,617647.0,2080.0
272.0,99264,2,Condo,,Phuket,,7.9726603,,0,2,27000000,"Choeng Thale, Thalang, Phuket",98.2802004,,Choeng Thale,794118.0,2920.0
108.0,31481,2,Condo,,Phuket,,7.8208786942853,,0,2,3400000,"Wichit, Muang Phuket, Phuket",98.400406416272,,Wichit,100000.0,926.0
484.0,19090,3,Detached House,,Phuket,,8.0087292803086,484.0,0,3,9240000,"Pa Khlok, Thalang, Phuket",98.395669051954,,Pa Khlok,271765.0,561.0
1400.0,18571,3,Detached House,,Phuket,,7.7855072083745,1400.0,0,3,26000000,"Rawai, Muang Phuket, Phuket",98.308474850084,,Rawai,764706.0,546.0
400.0,59447,3,Detached House,,Phuket,,8.1174474389381,471.0,0,3,28000000,"Mai Khao, Thalang, Phuket",98.30260652337,,Mai Khao,823529.0,1748.0
30.0,126250,,Apartment,,Phuket,,8.0290337333645,,0,,3787500,"Choeng Thale, Thalang, Phuket",98.295031547608,,Choeng Thale,111397.0,3713.0
357.0,55882,2,Condo,,Phuket,,7.9925831,,0,2,19950000,"Choeng Thale, Thalang, Phuket",98.2962201,,Choeng Thale,586765.0,1644.0
870.0000000000001,31171,5,Detached House,,Phuket,,7.9854884882321,1920.0,0,4,59850000,"Sri Sunthon, Thalang, Phuket",98.327896127579,,Sri Sunthon,1760294.0,917.0
206.0,208779,2,Detached House,,Phuket,,7.7743724,132.81,0,2,27728000,"Rawai, Muang Phuket, Phuket",98.3152417,,Rawai,815529.0,6141.0
842.0,19315,5,Detached House,,Phuket,,7.982364,1449.6,0,5,28000000,"Choeng Thale, Thalang, Phuket",98.283297,,Choeng Thale,823529.0,568.0
46.0,196739,2,Condo,,Phuket,,7.9884287,,0,2,9050000,"Choeng Thale, Thalang, Phuket",98.2945574,,Choeng Thale,266176.0,5786.0
202.00000000000003,63836,2,Detached House,,Phuket,,8.0021845,276.0,0,2,17618858,"Choeng Thale, Thalang, Phuket",98.3147162,,Choeng Thale,518202.0,1878.0
465.0,24376,4,Detached House,,Phuket,,8.0306998560572,1599.9,0,4,39000000,"Choeng Thale, Thalang, Phuket",98.294161060978,,Choeng Thale,1147059.0,717.0
665.0,24060,5,Apartment,,Phuket,,7.9069495,456.0,0,5,16000000,"Patong, Kathu, Phuket",98.3080818,,Patong,470588.0,708.0
1599.9999999999998,240384,12,Detached House,,Phuket,,7.9721951,1040.0,0,11,250000000,"Choeng Thale, Thalang, Phuket",98.2799888,,Choeng Thale,7352941.0,7070.0
282.0,63829,2,Condo,,Phuket,,7.9925831,,0,2,18000000,"Choeng Thale, Thalang, Phuket",98.2962201,,Choeng Thale,529412.0,1877.0
320.0,58653,,Detached House,,Phuket,,7.9876306,520.0,0,3,30500000,"Choeng Thale, Thalang, Phuket",98.2983501,,Choeng Thale,897059.0,1725.0
47.0,244680,1,Apartment,,Phuket,,7.9614205,,0,1,11500000,"Kammala, Kathu, Phuket",98.2842421,,Kammala,338235.0,7196.0
210.0,138095,2,Apartment,,Phuket,,8.0043925,,0,2,29000000,"Choeng Thale, Thalang, Phuket",98.2978298,,Choeng Thale,852941.0,4062.0
296.0,66240,2,Detached House,,Phuket,,8.0006594,391.0,0,2,25900000,"Sri Sunthon, Thalang, Phuket",98.321426,,Sri Sunthon,761765.0,1948.0
33.0,199696,1,Condo,,Phuket,,7.9884287,,0,1,6590000,"Choeng Thale, Thalang, Phuket",98.2945574,,Choeng Thale,193824.0,5873.0
240.0,55416,2,Detached House,,Phuket,,7.998504,240.0,0,2,13300000,"Choeng Thale, Thalang, Phuket",98.306378,,Choeng Thale,391176.0,1630.0
113.0,79646,2,Apartment,,Phuket,,8.0073636,,0,2,9000000,"Choeng Thale, Thalang, Phuket",98.2979592,,Choeng Thale,264706.0,2343.0
160.0,40312,2,Apartment,,Phuket,,8.0662984,160.53,0,2,6450000,"Pa Khlok, Thalang, Phuket",98.4334575,,Pa Khlok,189706.0,1186.0
250.0,41250,3,Detached House,,Phuket,,8.0163585,320.0,0,3,13200000,"Choeng Thale, Thalang, Phuket",98.3099692,,Choeng Thale,388235.0,1213.0
150.0,100000,3,Condo,,Phuket,,8.070413,,0,3,15000000,"Thep Krasattri, Thalang, Phuket",98.3430622,,Thep Krasattri,441176.0,2941.0
309.8,59715,3,Condo,Fully Furnished,Phuket,,7.8187367,,0,3,18500000,"Rawai, Muang Phuket, Phuket",98.3402589,Freehold,Rawai,544118.0,1756.0
,61250,10,Detached House,,Phuket,,8.121671,1599.9999999999998,0,8,98000000,"Mai Khao, Thalang, Phuket",98.3083991,,Mai Khao,2882353.0,1801.0
553.0,67045,6,Detached House,,Phuket,,7.8438991,880.0,0,5,59000000,"Karon, Muang Phuket, Phuket",98.2936186,,Karon,1735294.0,1972.0
,66964,7,Detached House,,Phuket,,7.9497593,2464.0,0,5,165000000,"Kammala, Kathu, Phuket",98.2846511,,Kammala,4852941.0,1970.0
113.0,30973,2,Townhouse,Fully Furnished,Phuket,,7.9502403,80.0,0,3,3500000,"ถนนเทพกระษัตรี, Ko Kaeo, Muang Phuket, Phuket",98.3905473,,Ko Kaeo,102941.0,911.0
65.0,75384,1,Apartment,Fully Furnished,Phuket,,7.955024624837,,0,1,4900000,"kamala, Kammala, Kathu, Phuket",98.285638046875,90-year Leasehold,Kammala,144118.0,2217.0
28.0,90428,1,Condo,,Phuket,,7.8473284,,0,1,2532000,"Wichit, Muang Phuket, Phuket",98.3823088,,Wichit,74471.0,2660.0
34.0,76470,1,Condo,,Phuket,2014.0,7.889122,,0,1,2600000,"Wichit Songkhram  Wichit Songkhram, Wichit, Muang Phuket, Phuket",98.365071,Freehold,Wichit,76471.0,2249.0
34.0,76470,1,Condo,,Phuket,2014.0,7.889122,,0,1,2600000,"Wichit Songkhram  Wichit Songkhram, Wichit, Muang Phuket, Phuket",98.365071,Freehold,Wichit,76471.0,2249.0
29.0,50000,1,Condo,,Phuket,2012.0,7.909649,,0,1,1450000,"Rama 2 Rama 2, Kathu, Kathu, Phuket",98.34737,Freehold,Kathu,42647.0,1471.0
35.0,67142,1,Condo,,Phuket,2014.0,7.909715,,0,1,2350000,"155 Chalerm Phrakiat Rama 9 Road, Ratsada, Muang Phuket, Phuket",98.3689,Freehold,Ratsada,69118.0,1975.0
43.0,104651,1,Condo,,Phuket,2015.0,7.902868011173183,,0,1,4500000,"81 Rattahut Road, Patong, Kathu, Phuket",98.30264167638065,Freehold,Patong,132353.0,3078.0
27.0,81481,1,Condo,,Phuket,2014.0,7.992271,,0,1,2200000,"Thep Kasattri Thep Kasattri, Choeng Thale, Thalang, Phuket",98.30626,Freehold,Choeng Thale,64706.0,2396.0
62.0,80645,2,Condo,,Phuket,2012.0,7.909649,,0,2,5000000,"Rama 2 Rama 2, Kathu, Kathu, Phuket",98.34737,Freehold,Kathu,147059.0,2372.0
34.0,102941,1,Condo,,Phuket,,7.8077767,,0,1,3500000,"Rawai, Muang Phuket, Phuket",98.3372239,,Rawai,102941.0,3028.0
60.0,56666,2,Condo,,Phuket,2012.0,7.909649,,0,2,3400000,"Rama 2 Rama 2, Kathu, Kathu, Phuket",98.34737,Freehold,Kathu,100000.0,1667.0
30.0,49666,1,Condo,,Phuket,2013.0,7.90662,,0,1,1490000,"ถนน รัษฎานุสรณ์, Ratsada, Muang Phuket, Phuket",98.40374,,Ratsada,43824.0,1461.0
29.0,51724,1,Condo,,Phuket,2013.0,7.880216,,0,1,1500000,"ถนน ตะกั่วป่า, Talat Nua, Muang Phuket, Phuket",98.388745,,Talat Nua,44118.0,1521.0
34.0,43823,1,Condo,,Phuket,2013.0,7.89095,,0,1,1490000,"ถนน เทพกระษัตรี, Talat Yai, Muang Phuket, Phuket",98.390763,,Talat Yai,43824.0,1289.0
34.0,102941,1,Condo,,Phuket,,7.8077767,,0,1,3500000,"Rawai, Muang Phuket, Phuket",98.3372239,,Rawai,102941.0,3028.0
66.0,59090,1,Condo,,Phuket,2013.0,7.89095,,0,2,3900000,"ถนน เทพกระษัตรี, Talat Yai, Muang Phuket, Phuket",98.390763,,Talat Yai,114706.0,1738.0
43.0,76744,1,Condo,,Phuket,,7.8077767,,0,1,3300000,"Rawai, Muang Phuket, Phuket",98.3372239,,Rawai,97059.0,2257.0
37.0,157188,1,Condo,,Phuket,2021.0,8.034256,,0,1,5815980,"Soi Layan 4, Choeng Thale, Thalang, Phuket",98.292068,Freehold,Choeng Thale,171058.0,4623.0
35.0,71428,1,Condo,,Phuket,2014.0,7.889122,,0,1,2500000,"Wichit Songkhram  Wichit Songkhram, Wichit, Muang Phuket, Phuket",98.365071,Freehold,Wichit,73529.0,2101.0
191.00000000000003,78534,3,Condo,,Phuket,,7.977966,,0,3,15000000,"Choeng Thale, Thalang, Phuket",98.280105,,Choeng Thale,441176.0,2310.0
163.94,57948,1,Condo,,Phuket,2012.0,7.893112,,0,1,9500000,"169/30 Rat U-Thit, Kammala, Kathu, Phuket",98.30024,Freehold,Kammala,279412.0,1704.0
278.0,158273,3,Condo,,Phuket,2014.0,7.901286,,0,3,44000000,"ถนน มนตรี, Talat Yai, Muang Phuket, Phuket",98.378577,,Talat Yai,1294118.0,4655.0
855.0,36250,6,Detached House,Fully Furnished,Phuket,,7.907221,799.9999999999999,0,5,29000000,"รัษฎา, Ratsada, Muang Phuket, Phuket",98.403356,,Ratsada,852941.0,1066.0
,14331,5,Detached House,,Phuket,,7.80388,3140.0,0,5,45000000,"วิเศษ, Rawai, Muang Phuket, Phuket",98.336146,,Rawai,1323529.0,422.0
85.0,174117,2,Condo,Fully Furnished,Phuket,2014.0,7.901286,,0,2,14800000,"ถนน มนตรี, Talat Yai, Muang Phuket, Phuket",98.378577,,Talat Yai,435294.0,5121.0
220.0,34722,3,Detached House,Fully Furnished,Phuket,,7.7785069,576.0,0,4,20000000,"Rawai, Muang Phuket, Phuket",98.3031488,,Rawai,588235.0,1021.0
140.0,30666,2,Detached House,Fully Furnished,Phuket,,7.8033135864359,300.0,0,2,9200000,"Rawai, Muang Phuket, Phuket",98.329739570618,,Rawai,270588.0,902.0
182.0,33101,2,Detached House,Fully Furnished,Phuket,,8.0761728,287.0,0,2,9500000,"Sa Khu, Thalang, Phuket",98.292839,,Sa Khu,279412.0,974.0
466.00000000000006,61197,4,Detached House,Fully Furnished,Phuket,,8.0461539853748,768.0000000000001,0,4,47000000,"Choeng Thale, Thalang, Phuket",98.297233209014,,Choeng Thale,1382353.0,1800.0
664.0,57352,4,Detached House,Fully Furnished,Phuket,2022.0,8.028937170548243,680.0,0,3,39000000,"147 Moo 6, Choeng Thale, Thalang, Phuket",98.295040268494,Freehold,Choeng Thale,1147059.0,1687.0
1312.0,79840,4,Detached House,Fully Furnished,Phuket,2002.0,7.974426859181857,1503.0,0,4,120000000,"125 Si Soonthon Road, Choeng Thale, Thalang, Phuket",98.28282249719392,Freehold,Choeng Thale,3529412.0,2348.0
282.0,106000,3,Detached House,Unfurnished,Phuket,,7.904083,200.0,0,3,21200000,"Patong, Kathu, Phuket",98.298499,,Patong,623529.0,3118.0
362.0,35310,3,Detached House,Unfurnished,Phuket,,8.008627,354.0,0,3,12500000,"Sri Sunthon, Thalang, Phuket",98.3160654,,Sri Sunthon,367647.0,1039.0
239.0,40358,3,Detached House,Fully Furnished,Phuket,,8.0365633,669.0,0,3,27000000,"Choeng Thale, Thalang, Phuket",98.2843123,,Choeng Thale,794118.0,1187.0
450.0,34000,4,Detached House,Fully Furnished,Phuket,2012.0,8.0348216,500.0,0,3,17000000,"57/4 Kamala, Kammala, Kathu, Phuket",98.3377935,,Kammala,500000.0,1000.0
685.0,23382,6,Detached House,Fully Furnished,Phuket,,7.9068738331828,1283.0,0,5,30000000,"Patong, Kathu, Phuket",98.298073452737,,Patong,882353.0,688.0
150.0,39351,2,Detached House,Unfurnished,Phuket,,7.9445638,216.0,0,3,8500000,"Kammala, Kathu, Phuket",98.2876671,,Kammala,250000.0,1157.0
230.0,24475,3,Detached House,Fully Furnished,Phuket,,7.8077767,572.0,0,3,14000000,"Rawai, Muang Phuket, Phuket",98.3372239,,Rawai,411765.0,720.0
313.0,183107,2,Detached House,Fully Furnished,Phuket,,7.7739838,97.0,0,2,17761400,"Rawai, Muang Phuket, Phuket",98.3152023,,Rawai,522394.0,5386.0
320.0,44000,3,Detached House,Unfurnished,Phuket,,7.9639477,500.0,0,3,22000000,"Sri Sunthon, Thalang, Phuket",98.3484039,,Sri Sunthon,647059.0,1294.0
148.0,44285,3,Detached House,Fully Furnished,Phuket,,7.9442385,350.0,0,3,15500000,"Kammala, Kathu, Phuket",98.287903,,Kammala,455882.0,1302.0
404.00000000000006,41691,3,Detached House,Unfurnished,Phuket,,8.008627,331.0,0,3,13800000,"Sri Sunthon, Thalang, Phuket",98.3160654,,Sri Sunthon,405882.0,1226.0
1000.0,41935,6,Detached House,Unfurnished,Phuket,,7.8074116,3100.0,0,6,130000000,"Wichit, Muang Phuket, Phuket",98.409148,,Wichit,3823529.0,1233.0
270.0,28571,4,Detached House,Fully Furnished,Phuket,,7.8367169,490.0,0,3,14000000,"Chalong, Muang Phuket, Phuket",98.3483897,,Chalong,411765.0,840.0
780.0,45838,7,Detached House,Fully Furnished,Phuket,2015.0,7.779959,829.0,0,6,38000000,"ซอยสวนวัด ตำบลราไวย์ อำเภอเมือง ภูเก็ต, Rawai, Muang Phuket, Phuket",98.314715,Freehold,Rawai,1117647.0,1348.0
150.0,51062,3,Detached House,Fully Furnished,Phuket,,8.0365633,207.0,0,3,10570000,"Choeng Thale, Thalang, Phuket",98.2843123,,Choeng Thale,310882.0,1502.0
338.0,61081,4,Detached House,Unfurnished,Phuket,,8.0054079,259.0,0,3,15820000,"Sri Sunthon, Thalang, Phuket",98.3206382,,Sri Sunthon,465294.0,1796.0
190.0,18593,2,Detached House,Fully Furnished,Phuket,,7.7979808231905,640.0,0,3,11900000,"Rawai, Muang Phuket, Phuket",98.32917201549,,Rawai,350000.0,547.0
816.0,104347,4,Detached House,Fully Furnished,Phuket,,7.9429085,1150.0,0,5,120000000,"Kammala, Kathu, Phuket",98.2809963,,Kammala,3529412.0,3069.0
161.0,39663,3,Detached House,Fully Furnished,Phuket,,7.9472644,653.0,0,4,25900000,"Kammala, Kathu, Phuket",98.2888317,,Kammala,761765.0,1167.0
380.0,154589,3,Detached House,Unfurnished,Phuket,,7.820749,207.0,0,3,32000000,"Karon, Muang Phuket, Phuket",98.310399,,Karon,941176.0,4547.0
204.0,65753,2,Detached House,Fully Furnished,Phuket,,7.9472515,292.0,0,2,19200000,"Kammala, Kathu, Phuket",98.2888305,,Kammala,564706.0,1934.0
493.0,41777,3,Detached House,Fully Furnished,Phuket,,7.7785093,675.0,0,3,28200000,"Rawai, Muang Phuket, Phuket",98.3031575,,Rawai,829412.0,1229.0
550.0,26315,6,Detached House,Fully Furnished,Phuket,,7.976335,1140.0,0,4,30000000,"Choeng Thale, Thalang, Phuket",98.284781,,Choeng Thale,882353.0,774.0
215.0,53333,2,Detached House,Fully Furnished,Phuket,,7.9974167,240.0,0,2,12800000,"Choeng Thale, Thalang, Phuket",98.305575,,Choeng Thale,376471.0,1569.0
200.0,65909,2,Detached House,Fully Furnished,Phuket,,7.7785093,220.0,0,3,14500000,"Rawai, Muang Phuket, Phuket",98.3031575,,Rawai,426471.0,1938.0
287.0,64000,2,Detached House,Fully Furnished,Phuket,,7.8077767,500.0,0,2,32000000,"Rawai, Muang Phuket, Phuket",98.3372239,,Rawai,941176.0,1882.0
205.0,55350,3,Detached House,Fully Furnished,Phuket,,7.7718869,271.0,0,3,15000000,"Talat Yai, Muang Phuket, Phuket",98.3217411,,Talat Yai,441176.0,1628.0
265.0,48352,3,Detached House,Fully Furnished,Phuket,,8.0199145,440.0,0,3,21275000,"Choeng Thale, Thalang, Phuket",98.3126359,,Choeng Thale,625735.0,1422.0
296.0,43222,2,Detached House,Fully Furnished,Phuket,2021.0,8.000164668691545,391.0,0,2,16900000,"38/2 Soi Cherngtalay 2, Bandon - Cherngtalay Road, Choeng Thale, Thalang, Phuket",98.3212503360308,Freehold,Choeng Thale,497059.0,1271.0
178.0,152777,3,Detached House,Fully Furnished,Phuket,,7.7958941387471,144.0,0,3,22000000,"Rawai, Muang Phuket, Phuket",98.328393101692,,Rawai,647059.0,4493.0
238.0,50868,3,Detached House,Fully Furnished,Phuket,,7.9472515,403.0,0,3,20500000,"Kammala, Kathu, Phuket",98.2888305,,Kammala,602941.0,1496.0
100.0,160000,2,Detached House,Fully Furnished,Phuket,,7.8077767,35.0,0,3,5600000,"Rawai, Muang Phuket, Phuket",98.3372239,,Rawai,164706.0,4706.0
390.0,46428,5,Detached House,Fully Furnished,Phuket,,7.8885865,1400.0,0,5,65000000,"Talat Yai, Muang Phuket, Phuket",98.3937532,,Talat Yai,1911765.0,1366.0
137.0,142857,2,Detached House,Fully Furnished,Phuket,,7.8885865,62.99999999999999,0,2,9000000,"Talat Yai, Muang Phuket, Phuket",98.3937532,,Talat Yai,264706.0,4202.0
190.0,87352,3,Detached House,Unfurnished,Phuket,,7.8885865,170.0,0,3,14850000,"Talat Yai, Muang Phuket, Phuket",98.3937532,,Talat Yai,436765.0,2569.0
320.0,27551,3,Detached House,Fully Furnished,Phuket,,7.8885865,980.0,0,3,27000000,"Talat Yai, Muang Phuket, Phuket",98.3937532,,Talat Yai,794118.0,810.0
110.0,72666,2,Detached House,Fully Furnished,Phuket,,7.9519331,150.0,0,2,10900000,"Sri Sunthon, Thalang, Phuket",98.3380884,,Sri Sunthon,320588.0,2137.0
900.0,52224,7,Detached House,Fully Furnished,Phuket,,7.8885865,2585.0,0,7,135000000,"Talat Yai, Muang Phuket, Phuket",98.3937532,,Talat Yai,3970588.0,1536.0
232.0,47380,4,Detached House,Fully Furnished,Phuket,,7.8885865,420.0,0,4,19900000,"Talat Yai, Muang Phuket, Phuket",98.3937532,,Talat Yai,585294.0,1394.0
202.00000000000003,48052,3,Detached House,Fully Furnished,Phuket,,8.002164,283.0,0,3,13598900,"Choeng Thale, Thalang, Phuket",98.314751,,Choeng Thale,399968.0,1413.0
193.0,54983,3,Detached House,Unfurnished,Phuket,,7.8885865,309.0,0,3,16990000,"Talat Yai, Muang Phuket, Phuket",98.3937532,,Talat Yai,499706.0,1617.0
841.0,28259,4,Detached House,Unfurnished,Phuket,,8.0048829,1327.0,0,4,37500000,"Sri Sunthon, Thalang, Phuket",98.3211304,,Sri Sunthon,1102941.0,831.0
296.0,23154,3,Detached House,Unfurnished,Phuket,,7.7844063,1807.0,0,3,41840000,"Rawai, Muang Phuket, Phuket",98.3102618,,Rawai,1230588.0,681.0
248.0,37931,3,Detached House,Fully Furnished,Phuket,,7.8885865,580.0,0,3,22000000,"Talat Yai, Muang Phuket, Phuket",98.3937532,,Talat Yai,647059.0,1116.0
260.0,104037,4,Detached House,Unfurnished,Phuket,,7.8885865,322.0,0,4,33500000,"Talat Yai, Muang Phuket, Phuket",98.3937532,,Talat Yai,985294.0,3060.0
385.0,85106,3,Detached House,Fully Furnished,Phuket,,7.7851135,329.0,0,3,28000000,"Rawai, Muang Phuket, Phuket",98.3332871,,Rawai,823529.0,2503.0
799.9999999999999,187500,7,Detached House,Fully Furnished,Phuket,,7.8885865,1200.0,0,4,225000000,"Talat Yai, Muang Phuket, Phuket",98.3937532,,Talat Yai,6617647.0,5515.0
101.0,83962,2,Detached House,Fully Furnished,Phuket,,7.8885865,106.0,0,2,8900000,"Talat Yai, Muang Phuket, Phuket",98.3937532,,Talat Yai,261765.0,2469.0
147.0,78947,3,Detached House,Fully Furnished,Phuket,,7.8206945,247.0,0,3,19500000,"Karon, Muang Phuket, Phuket",98.2976473,,Karon,573529.0,2322.0
,230000,4,Detached House,Fully Furnished,Phuket,,7.930519,500.0,0,4,115000000,"Kammala, Kathu, Phuket",98.262919,,Kammala,3382353.0,6765.0
799.9999999999999,62384,8,Detached House,Fully Furnished,Phuket,,8.0427485,2164.0,0,7,135000000,"Choeng Thale, Thalang, Phuket",98.2930385,,Choeng Thale,3970588.0,1835.0
160.0,74375,2,Condo,Fully Furnished,Phuket,2012.0,7.9030869,,0,3,11900000,"39/12 Prabaramee, Patong, Kathu, Phuket",98.3105809,,Patong,350000.0,2188.0
332.0,105421,4,Condo,Fully Furnished,Phuket,,7.917708,,0,4,35000000,"Patong, Kathu, Phuket",98.29133,,Patong,1029412.0,3101.0
280.0,59821,3,Condo,Fully Furnished,Phuket,,7.8074211,,0,3,16750000,"Wichit, Muang Phuket, Phuket",98.4091312,,Wichit,492647.0,1759.0
252.0,55555,3,Condo,Fully Furnished,Phuket,,8.0025463,,0,3,14000000,"Choeng Thale, Thalang, Phuket",98.2926317,,Choeng Thale,411765.0,1634.0
112.0,84821,2,Condo,Fully Furnished,Phuket,,7.9760261,,0,2,9500000,"Choeng Thale, Thalang, Phuket",98.2827329,,Choeng Thale,279412.0,2495.0
47.0,138297,1,Condo,Fully Furnished,Phuket,,7.9497593,,0,1,6500000,"Kammala, Kathu, Phuket",98.2846511,,Kammala,191176.0,4068.0
284.0,123239,4,Condo,Fully Furnished,Phuket,,7.9667795,,0,4,35000000,"Ko Kaeo, Muang Phuket, Phuket",98.3907544,,Ko Kaeo,1029412.0,3625.0
60.0,116666,2,Condo,Fully Furnished,Phuket,2012.0,7.818965,,0,2,7000000,"9/52 Chaofa (East), Chalong, Muang Phuket, Phuket",98.312682,Freehold,Chalong,205882.0,3431.0
84.0,77380,2,Condo,Fully Furnished,Phuket,,7.8885865,,0,2,6500000,"Talat Yai, Muang Phuket, Phuket",98.3937532,,Talat Yai,191176.0,2276.0
87.0,86206,2,Condo,Fully Furnished,Phuket,,,,0,2,7500000,"Talat Yai, Muang Phuket, Phuket",,Freehold,Talat Yai,220588.0,2535.0
229.0,96069,2,Condo,Fully Furnished,Phuket,2012.0,7.813321,,0,2,22000000,"เจ้าฟ้าใน Kata Sai Yuan, Karon, Muang Phuket, Phuket",98.30143,Freehold,Karon,647059.0,2826.0
79.0,94936,2,Condo,Unfurnished,Phuket,2012.0,7.818965,,0,2,7500000,"9/52 Chaofa (East), Chalong, Muang Phuket, Phuket",98.312682,Freehold,Chalong,220588.0,2792.0
112.0,75000,2,Condo,Fully Furnished,Phuket,2012.0,7.833275,,0,2,8400000,"264 Patak Road, Karon, Muang Phuket, Phuket",98.299533,Freehold,Karon,247059.0,2206.0
180.0,116666,3,Condo,Fully Furnished,Phuket,,7.8885865,,0,3,21000000,"Talat Yai, Muang Phuket, Phuket",98.3937532,,Talat Yai,617647.0,3431.0
100.0,79000,1,Condo,Fully Furnished,Phuket,,7.800735,,0,1,7900000,"Rawai, Muang Phuket, Phuket",98.33741,,Rawai,232353.0,2324.0
90.0,132222,2,Condo,Fully Furnished,Phuket,,7.8885865,,0,2,11900000,"Talat Yai, Muang Phuket, Phuket",98.3937532,,Talat Yai,350000.0,3889.0
200.0,95000,2,Condo,Fully Furnished,Phuket,,7.8885865,,0,2,19000000,"Talat Yai, Muang Phuket, Phuket",98.3937532,,Talat Yai,558824.0,2794.0
88.0,130681,2,Condo,Fully Furnished,Phuket,,7.9497593,,0,2,11500000,"Kammala, Kathu, Phuket",98.2846511,,Kammala,338235.0,3844.0
59.0,169152,1,Condo,Fully Furnished,Phuket,,7.8885865,,0,1,9980000,"Talat Yai, Muang Phuket, Phuket",98.3937532,,Talat Yai,293529.0,4975.0
40.0,162500,1,Condo,Fully Furnished,Phuket,,7.7785093,,0,1,6500000,"Rawai, Muang Phuket, Phuket",98.3031575,,Rawai,191176.0,4779.0
53.00000000000001,101886,1,Condo,Fully Furnished,Phuket,,7.8885865,,0,1,5400000,"Talat Yai, Muang Phuket, Phuket",98.3937532,,Talat Yai,158824.0,2997.0
86.0,97162,1,Condo,Unfurnished,Phuket,,7.8885865,,0,1,8356000,"Talat Yai, Muang Phuket, Phuket",98.3937532,,Talat Yai,245765.0,2858.0
191.00000000000003,235602,2,Condo,Fully Furnished,Phuket,,7.8130874,,0,2,45000000,"Karon, Muang Phuket, Phuket",98.297173,,Karon,1323529.0,6929.0
86.0,87209,2,Condo,Fully Furnished,Phuket,,7.8885865,,0,2,7500000,"Talat Yai, Muang Phuket, Phuket",98.3937532,,Talat Yai,220588.0,2565.0
69.0,108695,1,Condo,Fully Furnished,Phuket,,7.8885865,,0,1,7500000,"Talat Yai, Muang Phuket, Phuket",98.3937532,,Talat Yai,220588.0,3197.0
71.0,59452,1,Detached House,Unfurnished,Phuket,,8.0735844,84.0,0,2,4994000,"Thep Krasattri, Thalang, Phuket",98.3460048,,Thep Krasattri,146882.0,1749.0
53.00000000000001,75000,1,Condo,Fully Furnished,Phuket,2012.0,7.976032,,0,,3975000,"25/3 Hadsurin, Choeng Thale, Thalang, Phuket",98.282733,Freehold,Choeng Thale,116912.0,2206.0
268.0,68688,4,Detached House,Unfurnished,Phuket,,7.9818277,432.0,0,3,29673300,"Choeng Thale, Thalang, Phuket",98.3008373,,Choeng Thale,872744.0,2020.0
99.0,90148,3,Detached House,Unfurnished,Phuket,,7.773505,194.0,0,2,17488800,"Rawai, Muang Phuket, Phuket",98.314949,,Rawai,514376.0,2651.0
99.0,123377,3,Detached House,Unfurnished,Phuket,,7.773505,133.0,0,2,16409200,"Rawai, Muang Phuket, Phuket",98.314949,,Rawai,482624.0,3629.0
685.0,23382,6,Detached House,Fully Furnished,Phuket,,7.907312,1283.0,0,5,30000000,"Patong, Kathu, Phuket",98.298963,,Patong,882353.0,688.0
671.0,29609,4,Detached House,,Phuket,,8.01693,1486.0,0,4,44000000,"Choeng Thale, Thalang, Phuket",98.30354,,Choeng Thale,1294118.0,871.0
36.0,83333,1,Condo,Fully Furnished,Phuket,2014.0,7.889122,,0,1,3000000,"Wichit Songkhram  Wichit Songkhram, Wichit, Muang Phuket, Phuket",98.365071,Freehold,Wichit,88235.0,2451.0
91.0,82065,2,Condo,,Phuket,,7.85287,,0,1,7468000,"89/103 เจ้าฟ้าตะวันตก (ทล.4024), Chalong, Muang Phuket, Phuket",98.340487,,Chalong,219647.0,2414.0
43.0,35418,1,Condo,,Phuket,,7.88848,,0,1,1523000,"24/239 สุขสันติ แม่หลวน, Talat Nua, Muang Phuket, Phuket",98.379144,,Talat Nua,44794.0,1042.0
31.0,138903,1,Condo,,Phuket,,7.892659,,0,1,4306000,"68/34 แอฟโซลูปบางลา บางลา, Patong, Kathu, Phuket",98.296864,,Patong,126647.0,4085.0
57.0,25824,1,Condo,,Phuket,,7.888554,,0,2,1472000,"24/88-89 สุขสันติ แม่หลวน, Talat Nua, Muang Phuket, Phuket",98.37912,,Talat Nua,43294.0,760.0
,14146,3,Detached House,,Phuket,,7.91852,500.0,0,5,7073000,"128/186 หมู่ 5 ประชาอุทิศ, Ratsada, Muang Phuket, Phuket",98.376193,,Ratsada,208029.0,416.0
,16591,4,Detached House,,Phuket,,7.903915,263.2,0,4,4367000,"34/62 ร่วมพัฒนา, Ratsada, Muang Phuket, Phuket",98.405421,,Ratsada,128441.0,488.0
,15796,5,Detached House,,Phuket,,7.985445,216.0,0,4,3412000,"59/57 1 เพชรเกษม (ทล.402), Sri Sunthon, Thalang, Phuket",98.360613,,Sri Sunthon,100353.0,465.0
,16454,8,Detached House,,Phuket,,7.927625,176.0,0,7,2896000,"54/72 เทพกระษัตรี (ทล.402), Ratsada, Muang Phuket, Phuket",98.394433,,Ratsada,85176.0,484.0
,12450,3,Detached House,,Phuket,,7.983873,300.0,0,6,3735000,"38/126-128 ศรีสุนทร (ทล.4025), Sri Sunthon, Thalang, Phuket",98.332774,,Sri Sunthon,109853.0,366.0
,18479,3,Detached House,,Phuket,,7.829083,240.0,0,3,4435000,"74/4 หมู่ 10 ภายในโครงการ เจ้าฟ้าตะวันตก (ทล.4022), Chalong, Muang Phuket, Phuket",98.338231,,Chalong,130441.0,544.0
,13942,2,Detached House,,Phuket,,7.837362,524.0,0,3,7306000,"12/25 บุณณดา 1 เจ้าฟ้าตะวันออก (ทล.4021), Chalong, Muang Phuket, Phuket",98.349411,,Chalong,214882.0,410.0
,15161,2,Detached House,,Phuket,,7.90567,180.0,0,4,2729000,"130/77 พระบารมี (ทล.4029), Kathu, Kathu, Phuket",98.330133,,Kathu,80265.0,446.0
,15314,3,Detached House,,Phuket,,7.836893,508.00000000000006,0,2,7780000,"65/30 เจ้าฟ้านอก (ทล.4022), Chalong, Muang Phuket, Phuket",98.33964,,Chalong,228824.0,450.0
,40154,1,Detached House,,Phuket,,7.884482,304.0,0,1,12207000,"168/51 ภายในโครงการ พระเมตตา, Patong, Kathu, Phuket",98.298495,,Patong,359029.0,1181.0
,30208,4,Detached House,,Phuket,,7.89525,177.2,0,3,5353000,"109/61 พิศิษฐ์กรณีย์ 15 พิศิษฐ์กรณีย์, Patong, Kathu, Phuket",98.308342,,Patong,157441.0,888.0
,12161,2,Detached House,,Phuket,,7.99992,218.8,0,5,2661000,"55/3 หมู่ 1 ภายในโครงการ เทพกระษัตรี (ทล.402), Sri Sunthon, Thalang, Phuket",98.345003,,Sri Sunthon,78265.0,358.0
,14103,3,Detached House,,Phuket,,7.841804,308.0,0,3,4344000,"45/1 มุดง เจ้าฟ้าตะวันออก, Chalong, Muang Phuket, Phuket",98.370055,,Chalong,127765.0,415.0
,18449,6,Detached House,,Phuket,,7.92994,206.4,0,5,3808000,"124/400 1 สายบ้านทุ่งคา - บ้านควนดินแดง, Ko Kaeo, Muang Phuket, Phuket",98.387342,,Ko Kaeo,112000.0,543.0
,39513,2,Detached House,,Phuket,,7.884926,144.0,0,3,5690000,"134 ภายในโครงการ พระเมตตา, Patong, Kathu, Phuket",98.296443,,Patong,167353.0,1162.0
112.0,58253,2,Townhouse,Fully Furnished,Phuket,,7.9905625,,0,2,6524385,"Thep Krasattri, Thalang, Phuket",98.3529375,,Thep Krasattri,191894.0,1713.0
31.25,63680,1,Condo,Fully Furnished,Phuket,,7.8287744,,0,,1990000,"Karon, Muang Phuket, Phuket",98.3012857,,Karon,58529.0,1873.0
38.7,124005,1,Condo,Unfurnished,Phuket,2022.0,7.979949250487842,,0,1,4799000,"66/2 Soi Hua Tiao, Choeng Thale, Thalang, Phuket",98.288185097334,Freehold,Choeng Thale,141147.0,3647.0
28.0,107107,1,Condo,Unfurnished,Phuket,2022.0,7.979949250487842,,0,,2999000,"66/2 Soi Hua Tiao, Choeng Thale, Thalang, Phuket",98.288185097334,Freehold,Choeng Thale,88206.0,3150.0
36.0,115000,1,Condo,Fully Furnished,Phuket,,8.0118764,,0,,4140000,"Choeng Thale, Thalang, Phuket",98.3033694,Freehold,Choeng Thale,121765.0,3382.0
32.25,165000,1,Condo,Unfurnished,Phuket,,8.0824375,,0,,5321250,"Sa Khu, Thalang, Phuket",98.2870625,,Sa Khu,156507.0,4853.0
45.0,106666,1,Condo,Fully Furnished,Phuket,2012.0,7.833138,,0,1,4800000,"ปฏัก Patak, Karon, Muang Phuket, Phuket",98.299902,Freehold,Karon,141176.0,3137.0
120.0,31282,2,Detached House,Fully Furnished,Phuket,,7.910732395721,156.0,0,3,4880000,"Kathu, Kathu, Phuket",98.331381742944,,Kathu,143529.0,920.0
100.0,17948,1,Detached House,Fully Furnished,Phuket,,7.9089471,156.0,0,2,2800000,"Kathu, Kathu, Phuket",98.3197946,,Kathu,82353.0,528.0
100.0,25000,2,Detached House,Unfurnished,Phuket,,7.9089471,128.0,0,2,3200000,"Kathu, Kathu, Phuket",98.3197946,,Kathu,94118.0,735.0
100.0,30000,3,Townhouse,Partially Furnished,Phuket,,7.8402922,80.0,0,2,3000000,"Chalong, Muang Phuket, Phuket",98.3449368,,Chalong,88235.0,882.0
37.0,156756,1,Condo,Fully Furnished,Phuket,2019.0,7.777845,,0,1,5800000,"Soi Suan Wat, Vises Road, Rawai, Muang Phuket, Phuket",98.314841,Freehold,Rawai,170588.0,4610.0
180.0,48387,3,Detached House,Fully Furnished,Phuket,,8.0235327054327,248.0,0,3,12000000,"Choeng Thale, Thalang, Phuket",98.309241486206,,Choeng Thale,352941.0,1423.0
120.0,23750,2,Detached House,Unfurnished,Phuket,,7.9089471,168.0,0,3,3990000,"Kathu, Kathu, Phuket",98.3197946,,Kathu,117353.0,699.0
27.7,124187,1,Condo,Fully Furnished,Phuket,,7.9621224592248,,0,,3440000,"Kammala, Kathu, Phuket",98.287826729431,,Kammala,101176.0,3653.0
100.0,38636,2,Detached House,Fully Furnished,Phuket,,7.9101372980061,88.0,0,3,3400000,"Kathu, Kathu, Phuket",98.333012526025,,Kathu,100000.0,1136.0
150.0,20774,3,Detached House,Partially Furnished,Phuket,,7.9089471,284.0,0,3,5900000,"Kathu, Kathu, Phuket",98.3197946,,Kathu,173529.0,611.0
1000.0,18750,4,Detached House,Unfurnished,Phuket,,7.9089471,1599.9999999999998,0,5,30000000,"Kathu, Kathu, Phuket",98.3197946,,Kathu,882353.0,551.0
300.0,37698,4,Detached House,Fully Furnished,Phuket,,7.9092871569237,504.0,0,4,19000000,"Kathu, Kathu, Phuket",98.332411711206,,Kathu,558824.0,1109.0
72.0,41666,3,Detached House,Fully Furnished,Phuket,,7.9089471,288.0,0,3,12000000,"Kathu, Kathu, Phuket",98.3197946,,Kathu,352941.0,1225.0
150.0,31218,3,Detached House,,Phuket,,7.8403772283479,320.0,0,4,9990000,"Chalong, Muang Phuket, Phuket",98.337812852856,,Chalong,293824.0,918.0
320.0,39333,4,Detached House,Fully Furnished,Phuket,,7.8407173415658,300.0,0,3,11800000,"Chalong, Muang Phuket, Phuket",98.337898683545,,Chalong,347059.0,1157.0
170.0,17500,3,Detached House,Fully Furnished,Phuket,,7.830513824143,400.0,0,4,7000000,"Chalong, Muang Phuket, Phuket",98.342276048657,,Chalong,205882.0,515.0
435.00000000000006,67500,3,Detached House,Fully Furnished,Phuket,,8.0118764,400.0,0,3,27000000,"Choeng Thale, Thalang, Phuket",98.3033694,,Choeng Thale,794118.0,1985.0
368.0,85156,5,Detached House,Fully Furnished,Phuket,,8.0118764,320.0,0,4,27250000,"Choeng Thale, Thalang, Phuket",98.3033694,,Choeng Thale,801471.0,2505.0
271.0,71428,4,Detached House,Fully Furnished,Phuket,,8.0118764,280.0,0,3,20000000,"Choeng Thale, Thalang, Phuket",98.3033694,,Choeng Thale,588235.0,2101.0
170.0,21000,2,Detached House,Fully Furnished,Phuket,,7.8952647,200.0,0,3,4200000,"Thep Krasattri, Thalang, Phuket",98.3894819,,Thep Krasattri,123529.0,618.0
520.0,16923,4,Detached House,Fully Furnished,Phuket,,7.8952647,520.0,0,3,8800000,"Thep Krasattri, Thalang, Phuket",98.3894819,,Thep Krasattri,258824.0,498.0
120.0,27500,3,Detached House,Fully Furnished,Phuket,,8.0021020977945,200.0,0,3,5500000,"Choeng Thale, Thalang, Phuket",98.309978363013,,Choeng Thale,161765.0,809.0
150.0,13690,3,Detached House,Fully Furnished,Phuket,,8.0068617872976,504.0,0,3,6900000,"Choeng Thale, Thalang, Phuket",98.312295791602,,Choeng Thale,202941.0,403.0
180.0,32500,2,Detached House,Fully Furnished,Phuket,,7.9542624,200.0,0,3,6500000,"Ko Kaeo, Muang Phuket, Phuket",98.3888633,,Ko Kaeo,191176.0,956.0
35.0,82857,1,Condo,Fully Furnished,Phuket,2013.0,7.90159,,0,1,2900000,"Soi Hongyok Utis Yaowarat Road, Talat Yai, Muang Phuket, Phuket",98.378572,Freehold,Talat Yai,85294.0,2437.0
140.0,14285,2,Detached House,Fully Furnished,Phuket,,7.9809664,336.0,0,3,4800000,"Sri Sunthon, Thalang, Phuket",98.3640183,,Sri Sunthon,141176.0,420.0
250.0,40833,2,Detached House,Fully Furnished,Phuket,,7.8077767,240.0,0,2,9800000,"Rawai, Muang Phuket, Phuket",98.3372239,,Rawai,288235.0,1201.0
504.0,82031,4,Detached House,Fully Furnished,Phuket,,7.8077767,320.0,0,3,26250000,"Rawai, Muang Phuket, Phuket",98.3372239,,Rawai,772059.0,2413.0
274.0,28750,2,Detached House,Fully Furnished,Phuket,,8.0026970620228,240.0,0,2,6900000,"Choeng Thale, Thalang, Phuket",98.313669082617,,Choeng Thale,202941.0,846.0
100.0,31000,3,Townhouse,Partially Furnished,Phuket,,7.9853425997962,120.0,0,2,3100000,"Thep Krasattri, Thalang, Phuket",98.357020627417,,Thep Krasattri,91176.0,912.0
120.0,35304,3,Detached House,Fully Furnished,Phuket,,7.9115825338239,164.0,0,3,5790000,"Kathu, Kathu, Phuket",98.336617414941,,Kathu,170294.0,1038.0
110.0,30000,2,Townhouse,Fully Furnished,Phuket,,7.912262643044,,0,3,3300000,"Kathu, Kathu, Phuket",98.334557478418,,Kathu,97059.0,882.0
47.0,163829,1,Condo,Fully Furnished,Phuket,,7.9038781,,0,,7700000,"Kammala, Kathu, Phuket",98.3033694,,Kammala,226471.0,4818.0
93.0,166666,2,Condo,Fully Furnished,Phuket,2015.0,8.154175769124732,,0,2,15500000,"8 Moo 3, Mai Khao, Thalang, Phuket",98.2978065925904,Freehold,Mai Khao,455882.0,4902.0
87.15,91681,2,Condo,Fully Furnished,Phuket,2015.0,8.154175769124732,,0,2,7990000,"8 Moo 3, Mai Khao, Thalang, Phuket",98.2978065925904,Freehold,Mai Khao,235000.0,2696.0
89.0,201123,2,Condo,Fully Furnished,Phuket,2015.0,8.154175769124732,,0,2,17900000,"8 Moo 3, Mai Khao, Thalang, Phuket",98.2978065925904,Freehold,Mai Khao,526471.0,5915.0
34.0,47058,1,Condo,Fully Furnished,Phuket,,7.9526473037452,,0,,1600000,"Ko Kaeo, Muang Phuket, Phuket",98.3910948979,,Ko Kaeo,47059.0,1384.0
150.0,30701,3,Detached House,Fully Furnished,Phuket,,7.9542624,228.0,0,4,7000000,"Ko Kaeo, Muang Phuket, Phuket",98.3888633,,Ko Kaeo,205882.0,903.0
30.0,60000,1,Condo,Fully Furnished,Phuket,2014.0,7.907531,,0,1,1800000,"- Vichitsongkram Road, Kathu, Kathu, Phuket",98.35512,Freehold,Kathu,52941.0,1765.0
47.0,66808,1,Condo,Fully Furnished,Phuket,,7.8886494248802,,0,2,3140000,"Wichit, Muang Phuket, Phuket",98.367545921582,,Wichit,92353.0,1965.0
30.0,59666,1,Condo,Fully Furnished,Phuket,2014.0,7.907531,,0,1,1790000,"- Vichitsongkram Road, Kathu, Kathu, Phuket",98.35512,Freehold,Kathu,52647.0,1755.0
414.0,79710,3,Condo,,Phuket,2012.0,7.813321,,0,3,33000000,"เจ้าฟ้าใน Kata Sai Yuan, Karon, Muang Phuket, Phuket",98.30143,Freehold,Karon,970588.0,2344.0
61.00000000000001,109876,2,Condo,,Phuket,,7.980374,,0,2,6702488,"Choeng Thale, Thalang, Phuket",98.283129,,Choeng Thale,197132.0,3232.0
69.0,128959,2,Condo,,Phuket,,7.980374,,0,2,8898206,"Choeng Thale, Thalang, Phuket",98.283129,,Choeng Thale,261712.0,3793.0
34.0,131420,1,Condo,,Phuket,,7.980374,,0,1,4468308,"Choeng Thale, Thalang, Phuket",98.283129,,Choeng Thale,131421.0,3865.0
236.0,16101,2,Detached House,,Phuket,,7.937314,236.0,0,2,3800000,"Ko Kaeo, Muang Phuket, Phuket",98.396604,,Ko Kaeo,111765.0,474.0
219.0,86757,2,Condo,,Phuket,2012.0,7.813321,,0,2,19000000,"เจ้าฟ้าใน Kata Sai Yuan, Karon, Muang Phuket, Phuket",98.30143,Freehold,Karon,558824.0,2552.0
295.0,117288,5,Condo,,Phuket,,7.931531,,0,4,34600000,"Kammala, Kathu, Phuket",98.277927,,Kammala,1017647.0,3450.0
295.0,117288,5,Condo,,Phuket,,7.931531,,0,4,34600000,"Kammala, Kathu, Phuket",98.277927,,Kammala,1017647.0,3450.0
295.0,117288,5,Condo,,Phuket,,7.931531,,0,4,34600000,"Kammala, Kathu, Phuket",98.277927,,Kammala,1017647.0,3450.0
295.0,117288,5,Condo,,Phuket,,7.931531,,0,4,34600000,"Kammala, Kathu, Phuket",98.277927,,Kammala,1017647.0,3450.0
,15517,2,Detached House,,Phuket,,7.889498,232.0,0,3,3600000,"Talat Yai, Muang Phuket, Phuket",98.385333,,Talat Yai,105882.0,456.0
40.0,121346,1,Condo,,Phuket,,7.980374,,0,1,4853858,"Choeng Thale, Thalang, Phuket",98.283129,,Choeng Thale,142761.0,3569.0
32.0,169312,1,Condo,,Phuket,,8.082377,,0,,5418000,"Sa Khu, Thalang, Phuket",98.287007,,Sa Khu,159353.0,4980.0
41.0,165000,1,Condo,,Phuket,,8.082377,,0,1,6765000,"Sa Khu, Thalang, Phuket",98.287007,,Sa Khu,198971.0,4853.0
234.0,140000,3,Detached House,,Phuket,,7.974384,386.02,0,3,54042800,"Choeng Thale, Thalang, Phuket",98.285086,,Choeng Thale,1589494.0,4118.0
35.0,224285,1,Condo,,Phuket,2021.0,7.9642,,0,1,7850000,"Kammala, Kathu, Phuket",98.285203,Freehold,Kammala,230882.0,6597.0
37.0,185270,1,Condo,,Phuket,2021.0,7.9642,,0,1,6855000,"Kammala, Kathu, Phuket",98.285203,Freehold,Kammala,201618.0,5449.0
37.0,141351,1,Condo,,Phuket,2021.0,7.9642,,0,1,5230000,"Kammala, Kathu, Phuket",98.285203,Freehold,Kammala,153824.0,4157.0
28.0,154285,1,Condo,,Phuket,2021.0,7.9642,,0,1,4320000,"Kammala, Kathu, Phuket",98.285203,Freehold,Kammala,127059.0,4538.0
38.0,155263,1,Condo,,Phuket,2021.0,7.9642,,0,1,5900000,"Kammala, Kathu, Phuket",98.285203,Freehold,Kammala,173529.0,4567.0
28.0,155357,1,Condo,,Phuket,2021.0,7.9642,,0,1,4350000,"Kammala, Kathu, Phuket",98.285203,Freehold,Kammala,127941.0,4569.0
,102222,5,Detached House,,Phuket,,8.030227,900.0,0,4,92000000,"Choeng Thale, Thalang, Phuket",98.300042,,Choeng Thale,2705882.0,3007.0
,52000,4,Detached House,,Phuket,,8.030227,1000.0,0,4,52000000,"Choeng Thale, Thalang, Phuket",98.300042,,Choeng Thale,1529412.0,1529.0
1700.0,124235,3,Detached House,,Phuket,,7.99782,1634.0000000000002,0,3,203000000,"Choeng Thale, Thalang, Phuket",98.314075,,Choeng Thale,5970588.0,3654.0
57.99999999999999,128500,2,Condo,,Phuket,,7.949138,,0,2,7453000,"Kammala, Kathu, Phuket",98.278066,,Kammala,219206.0,3779.0
57.99999999999999,120000,2,Condo,,Phuket,,7.949138,,0,2,6960000,"Kammala, Kathu, Phuket",98.278066,,Kammala,204706.0,3529.0
38.0,120000,1,Condo,,Phuket,,7.949138,,0,1,4560000,"Kammala, Kathu, Phuket",98.278066,,Kammala,134118.0,3529.0
133.0,33505,1,Detached House,,Phuket,,8.016279,194.0,0,1,6500000,"Choeng Thale, Thalang, Phuket",98.310026,,Choeng Thale,191176.0,985.0
250.0,40312,3,Detached House,,Phuket,,8.016279,320.0,0,3,12900000,"Choeng Thale, Thalang, Phuket",98.310026,,Choeng Thale,379412.0,1186.0
117.0,81196,2,Condo,,Phuket,,7.833128,,0,2,9500000,"Karon, Muang Phuket, Phuket",98.299904,,Karon,279412.0,2388.0
117.0,115384,2,Condo,,Phuket,,7.833128,,0,2,13500000,"Karon, Muang Phuket, Phuket",98.299904,,Karon,397059.0,3394.0
,24444,3,Detached House,,Phuket,,7.846383,450.0,0,3,11000000,"Chalong, Muang Phuket, Phuket",98.338359,,Chalong,323529.0,719.0
300.0,49075,2,Detached House,,Phuket,,8.041037,443.0,0,3,21740400,"Choeng Thale, Thalang, Phuket",98.29636,,Choeng Thale,639424.0,1443.0
46.0,102369,1,Condo,,Phuket,,7.77363,,0,1,4709000,"Rawai, Muang Phuket, Phuket",98.317801,,Rawai,138500.0,3011.0
46.0,145630,1,Condo,,Phuket,,7.77363,,0,1,6699000,"Rawai, Muang Phuket, Phuket",98.317801,,Rawai,197029.0,4283.0
35.0,130928,1,Condo,,Phuket,,7.978989,,0,1,4582500,"Choeng Thale, Thalang, Phuket",98.282195,,Choeng Thale,134779.0,3851.0
35.0,130928,1,Condo,,Phuket,,7.978989,,0,1,4582500,"Choeng Thale, Thalang, Phuket",98.282195,,Choeng Thale,134779.0,3851.0
35.0,130928,1,Condo,,Phuket,,7.978989,,0,1,4582500,"Choeng Thale, Thalang, Phuket",98.282195,,Choeng Thale,134779.0,3851.0
45.0,108888,1,Condo,,Phuket,,7.975397,,0,1,4899999,"Choeng Thale, Thalang, Phuket",98.280976,,Choeng Thale,144118.0,3203.0
45.0,172088,1,Condo,,Phuket,,7.975397,,0,1,7744000,"Choeng Thale, Thalang, Phuket",98.280976,,Choeng Thale,227765.0,5061.0
45.0,139822,1,Condo,,Phuket,,7.975397,,0,1,6292000,"Choeng Thale, Thalang, Phuket",98.280976,,Choeng Thale,185059.0,4112.0
45.0,121000,1,Condo,,Phuket,,7.975397,,0,1,5445000,"Choeng Thale, Thalang, Phuket",98.280976,,Choeng Thale,160147.0,3559.0
45.0,173128,1,Condo,,Phuket,,7.975397,,0,1,7790800,"Choeng Thale, Thalang, Phuket",98.280976,,Choeng Thale,229141.0,5092.0
45.0,146175,1,Condo,,Phuket,,7.975397,,0,1,6577900,"Choeng Thale, Thalang, Phuket",98.280976,,Choeng Thale,193468.0,4299.0
45.0,135355,1,Condo,,Phuket,,7.975397,,0,1,6090975,"Choeng Thale, Thalang, Phuket",98.280976,,Choeng Thale,179146.0,3981.0
380.0,129032,4,Detached House,,Phuket,,7.820883,248.0,0,4,32000000,"Karon, Muang Phuket, Phuket",98.310462,,Karon,941176.0,3795.0
380.0,154589,4,Detached House,,Phuket,,7.820883,207.0,0,4,32000000,"Karon, Muang Phuket, Phuket",98.310462,,Karon,941176.0,4547.0
179.0,121574,3,Condo,,Phuket,2014.0,7.9926086802389,,0,3,21761775,"26/3 หมู่ 4 ถนน ศรีสุนทร, Thalang, Phuket",98.296857276172,,26/3 หมู่ 4 ถนน ศรีสุนทร,640052.0,3576.0
39.0,148934,1,Condo,,Phuket,2014.0,7.9926086802389,,0,1,5808443,"26/3 หมู่ 4 ถนน ศรีสุนทร, Thalang, Phuket",98.296857276172,,26/3 หมู่ 4 ถนน ศรีสุนทร,170837.0,4380.0
87.0,143181,2,Condo,,Phuket,2014.0,7.9926086802389,,0,2,12456780,"26/3 หมู่ 4 ถนน ศรีสุนทร, Thalang, Phuket",98.296857276172,,26/3 หมู่ 4 ถนน ศรีสุนทร,366376.0,4211.0
78.0,135227,2,Condo,,Phuket,2014.0,7.9926086802389,,0,2,10547775,"26/3 หมู่ 4 ถนน ศรีสุนทร, Thalang, Phuket",98.296857276172,,26/3 หมู่ 4 ถนน ศรีสุนทร,310229.0,3977.0
51.0,119000,1,Condo,,Phuket,,8.05846,,0,1,6069000,"Sa Khu, Thalang, Phuket",98.278117,,Sa Khu,178500.0,3500.0
49.99999999999999,123000,1,Condo,,Phuket,,8.05846,,0,1,6150000,"Sa Khu, Thalang, Phuket",98.278117,,Sa Khu,180882.0,3618.0
34.0,126939,1,Condo,,Phuket,,8.05846,,0,,4315950,"Sa Khu, Thalang, Phuket",98.278117,,Sa Khu,126940.0,3734.0
42.0,140000,1,Condo,,Phuket,,8.05846,,0,1,5880000,"Sa Khu, Thalang, Phuket",98.278117,,Sa Khu,172941.0,4118.0
34.0,118720,1,Condo,,Phuket,,8.05846,,0,,4036500,"Sa Khu, Thalang, Phuket",98.278117,,Sa Khu,118721.0,3492.0
69.0,138000,2,Condo,,Phuket,,8.05846,,0,2,9522000,"Sa Khu, Thalang, Phuket",98.278117,,Sa Khu,280059.0,4059.0
41.0,143000,1,Condo,,Phuket,,8.05846,,0,,5863000,"Sa Khu, Thalang, Phuket",98.278117,,Sa Khu,172441.0,4206.0
138.0,165860,2,Condo,,Phuket,,7.774325,,0,2,22888800,"Rawai, Muang Phuket, Phuket",98.318844,,Rawai,673200.0,4878.0
66.0,141187,1,Condo,,Phuket,,7.774325,,0,1,9318400,"Rawai, Muang Phuket, Phuket",98.318844,,Rawai,274071.0,4153.0
84.0,135948,1,Condo,,Phuket,,7.774325,,0,1,11419650,"Rawai, Muang Phuket, Phuket",98.318844,,Rawai,335872.0,3998.0
34.0,132447,1,Condo,,Phuket,,7.774325,,0,,4503200,"Rawai, Muang Phuket, Phuket",98.318844,,Rawai,132447.0,3896.0
103.0,131199,2,Condo,,Phuket,,7.774325,,0,2,13513500,"Rawai, Muang Phuket, Phuket",98.318844,,Rawai,397456.0,3859.0
78.0,114171,2,Condo,,Phuket,,7.773421,,0,2,8905380,"Rawai, Muang Phuket, Phuket",98.320485,,Rawai,261923.0,3358.0
360.0,29197,3,Detached House,,Phuket,,7.896576,548.0,0,2,16000000,"Patong, Kathu, Phuket",98.302104,,Patong,470588.0,859.0
33.0,152106,1,Condo,,Phuket,,7.947763,,0,,5019500,"Kammala, Kathu, Phuket",98.271861,,Kammala,147632.0,4474.0
69.0,171849,2,Condo,,Phuket,,7.947763,,0,2,11857624,"Kammala, Kathu, Phuket",98.271861,,Kammala,348754.0,5054.0
69.0,131424,2,Condo,,Phuket,,7.947763,,0,2,9068306,"Kammala, Kathu, Phuket",98.271861,,Kammala,266715.0,3865.0
33.0,178493,1,Condo,,Phuket,,7.948206,,0,,5890294,"Kammala, Kathu, Phuket",98.277564,,Kammala,173244.0,5250.0
33.0,151484,1,Condo,,Phuket,,7.948206,,0,,4999000,"Kammala, Kathu, Phuket",98.277564,,Kammala,147029.0,4455.0
33.0,190120,1,Condo,,Phuket,,7.947763,,0,,6273964,"Kammala, Kathu, Phuket",98.271861,,Kammala,184528.0,5592.0
33.0,141186,1,Condo,,Phuket,,7.947763,,0,,4659153,"Kammala, Kathu, Phuket",98.271861,,Kammala,137034.0,4153.0
33.0,199170,1,Condo,,Phuket,,7.948206,,0,,6572620,"Kammala, Kathu, Phuket",98.277564,,Kammala,193312.0,5858.0
34.0,147029,1,Condo,,Phuket,,7.948206,,0,,4999000,"Kammala, Kathu, Phuket",98.277564,,Kammala,147029.0,4324.0
33.0,136363,1,Condo,,Phuket,,7.948206,,0,,4500000,"Kammala, Kathu, Phuket",98.277564,,Kammala,132353.0,4011.0
60.0,231784,2,Condo,,Phuket,,7.820724,,0,2,13907085,"Karon, Muang Phuket, Phuket",98.310531,,Karon,409032.0,6817.0
57.0,141498,2,Condo,,Phuket,,7.820724,,0,2,8065400,"Karon, Muang Phuket, Phuket",98.310531,,Karon,237218.0,4162.0
240.0,127716,3,Detached House,,Phuket,,7.978108,227.77,0,3,29090000,"Choeng Thale, Thalang, Phuket",98.285533,,Choeng Thale,855588.0,3756.0
240.0,110055,3,Detached House,,Phuket,,7.978108,264.32,0,3,29090000,"Choeng Thale, Thalang, Phuket",98.285533,,Choeng Thale,855588.0,3237.0
240.0,145909,3,Detached House,,Phuket,,7.978108,198.0,0,3,28890000,"Choeng Thale, Thalang, Phuket",98.285533,,Choeng Thale,849706.0,4291.0
240.0,125567,3,Detached House,,Phuket,,7.978108,235.81000000000003,0,3,29610000,"Choeng Thale, Thalang, Phuket",98.285533,,Choeng Thale,870882.0,3693.0
240.0,145653,3,Detached House,,Phuket,,7.978108,203.29,0,3,29610000,"Choeng Thale, Thalang, Phuket",98.285533,,Choeng Thale,870882.0,4284.0
78.0,136555,2,Condo,,Phuket,,7.979352,,0,2,10651290,"Choeng Thale, Thalang, Phuket",98.282768,,Choeng Thale,313273.0,4016.0
38.0,136555,1,Condo,,Phuket,,7.979352,,0,,5189090,"Choeng Thale, Thalang, Phuket",98.282768,,Choeng Thale,152620.0,4016.0
78.0,126555,2,Condo,,Phuket,,7.979352,,0,2,9871290,"Choeng Thale, Thalang, Phuket",98.282768,,Choeng Thale,290332.0,3722.0
51.0,100000,1,Condo,,Phuket,,7.979352,,0,1,5100000,"Choeng Thale, Thalang, Phuket",98.282768,,Choeng Thale,150000.0,2941.0
40.0,100000,1,Condo,,Phuket,,7.979352,,0,,4000000,"Choeng Thale, Thalang, Phuket",98.282768,,Choeng Thale,117647.0,2941.0
36.0,157638,1,Condo,,Phuket,,7.978085,,0,1,5675000,"Choeng Thale, Thalang, Phuket",98.285527,,Choeng Thale,166912.0,4636.0
49.0,146285,1,Condo,,Phuket,,7.978085,,0,1,7168000,"Choeng Thale, Thalang, Phuket",98.285527,,Choeng Thale,210824.0,4302.0
92.0,181967,1,Condo,,Phuket,,7.978085,,0,1,16741000,"Choeng Thale, Thalang, Phuket",98.285527,,Choeng Thale,492382.0,5352.0
166.0,160024,2,Condo,,Phuket,,7.978085,,0,2,26564000,"Choeng Thale, Thalang, Phuket",98.285527,,Choeng Thale,781294.0,4707.0
53.00000000000001,168188,2,Condo,,Phuket,,7.978085,,0,2,8914000,"Choeng Thale, Thalang, Phuket",98.285527,,Choeng Thale,262176.0,4947.0
46.0,162934,1,Condo,,Phuket,,7.978085,,0,1,7495000,"Choeng Thale, Thalang, Phuket",98.285527,,Choeng Thale,220441.0,4792.0
44.0,132000,1,Condo,,Phuket,,7.960614,,0,,5808000,"Kammala, Kathu, Phuket",98.285881,,Kammala,170824.0,3882.0
40.0,132475,1,Condo,,Phuket,,7.960614,,0,,5299000,"Kammala, Kathu, Phuket",98.285881,,Kammala,155853.0,3896.0
44.0,157000,1,Condo,,Phuket,,7.960614,,0,,6908000,"Kammala, Kathu, Phuket",98.285881,,Kammala,203176.0,4618.0
42.0,125785,1,Condo,,Phuket,,7.960614,,0,,5283000,"Kammala, Kathu, Phuket",98.285881,,Kammala,155382.0,3700.0
37.0,221837,1,Condo,,Phuket,,7.960614,,0,,8208000,"Kammala, Kathu, Phuket",98.285881,,Kammala,241412.0,6525.0
40.0,135475,1,Condo,,Phuket,,7.960614,,0,,5419000,"Kammala, Kathu, Phuket",98.285881,,Kammala,159382.0,3985.0
40.0,154400,1,Condo,,Phuket,,7.960614,,0,,6176000,"Kammala, Kathu, Phuket",98.285881,,Kammala,181647.0,4541.0
40.0,139475,1,Condo,,Phuket,,7.960614,,0,,5579000,"Kammala, Kathu, Phuket",98.285881,,Kammala,164088.0,4102.0
40.0,157400,1,Condo,,Phuket,,7.960614,,0,,6296000,"Kammala, Kathu, Phuket",98.285881,,Kammala,185176.0,4629.0
40.0,132475,1,Condo,,Phuket,,7.960614,,0,,5299000,"Kammala, Kathu, Phuket",98.285881,,Kammala,155853.0,3896.0
135.0,86017,3,Detached House,,Phuket,,7.995973,88.0,0,3,7569529,"Pa Khlok, Thalang, Phuket",98.403479,,Pa Khlok,222633.0,2530.0
86.0,60494,2,Detached House,,Phuket,,7.995973,92.52,0,3,5596942,"Pa Khlok, Thalang, Phuket",98.403479,,Pa Khlok,164616.0,1779.0
86.0,33662,2,Detached House,,Phuket,,7.995973,180.42,0,3,6073412,"Pa Khlok, Thalang, Phuket",98.403479,,Pa Khlok,178630.0,990.0
86.0,61638,2,Detached House,,Phuket,,7.995973,92.52,0,3,5702824,"Pa Khlok, Thalang, Phuket",98.403479,,Pa Khlok,167730.0,1813.0
67.0,58035,2,Detached House,,Phuket,,7.995973,72.96,0,2,4234235,"Pa Khlok, Thalang, Phuket",98.403479,,Pa Khlok,124536.0,1707.0
70.0,40144,1,Detached House,,Phuket,,8.073505,108.16,0,1,4342000,"Thep Krasattri, Thalang, Phuket",98.346124,,Thep Krasattri,127706.0,1181.0
70.0,43160,1,Detached House,,Phuket,,8.073505,97.52,0,1,4209000,"Thep Krasattri, Thalang, Phuket",98.346124,,Thep Krasattri,123794.0,1269.0
70.0,52311,1,Detached House,,Phuket,,8.073505,106.0,0,1,5545000,"Thep Krasattri, Thalang, Phuket",98.346124,,Thep Krasattri,163088.0,1539.0
70.0,42649,1,Detached House,,Phuket,,8.073505,117.0,0,1,4990000,"Thep Krasattri, Thalang, Phuket",98.346124,,Thep Krasattri,146765.0,1254.0
70.0,40209,1,Detached House,,Phuket,,8.073505,111.64,0,1,4489000,"Thep Krasattri, Thalang, Phuket",98.346124,,Thep Krasattri,132029.0,1183.0
70.0,40208,1,Detached House,,Phuket,,8.073505,111.51999999999998,0,1,4484000,"Thep Krasattri, Thalang, Phuket",98.346124,,Thep Krasattri,131882.0,1183.0
182.0,33066,2,Detached House,,Phuket,,8.075111,287.3,0,2,9500000,"Sa Khu, Thalang, Phuket",98.295053,,Sa Khu,279412.0,973.0
144.0,46180,3,Townhouse,,Phuket,,7.808527,130.0,0,2,6650000,"Rawai, Muang Phuket, Phuket",98.33168,,Rawai,195588.0,1358.0
144.0,46180,3,Townhouse,,Phuket,,7.808527,127.7,0,2,6650000,"Rawai, Muang Phuket, Phuket",98.33168,,Rawai,195588.0,1358.0
144.0,48145,3,Townhouse,,Phuket,,7.808527,158.96,0,2,6933000,"Rawai, Muang Phuket, Phuket",98.33168,,Rawai,203912.0,1416.0
144.0,47748,3,Townhouse,,Phuket,,7.808527,153.12,0,2,6875820,"Rawai, Muang Phuket, Phuket",98.33168,,Rawai,202230.0,1404.0
144.0,47347,3,Townhouse,,Phuket,,7.808527,147.28,0,2,6818000,"Rawai, Muang Phuket, Phuket",98.33168,,Rawai,200529.0,1393.0
144.0,46545,3,Townhouse,,Phuket,,7.808527,135.65,0,2,6702488,"Rawai, Muang Phuket, Phuket",98.33168,,Rawai,197132.0,1369.0
49.0,153632,1,Condo,,Phuket,,8.022553,,0,,7528000,"Choeng Thale, Thalang, Phuket",98.292124,,Choeng Thale,221412.0,4519.0
33.0,155939,1,Condo,,Phuket,,8.022553,,0,,5146000,"Choeng Thale, Thalang, Phuket",98.292124,,Choeng Thale,151353.0,4586.0
45.0,150888,1,Condo,,Phuket,,8.022553,,0,1,6790000,"Choeng Thale, Thalang, Phuket",98.292124,,Choeng Thale,199706.0,4438.0
44.0,143227,1,Condo,,Phuket,,8.022553,,0,1,6302000,"Choeng Thale, Thalang, Phuket",98.292124,,Choeng Thale,185353.0,4213.0
44.0,136500,1,Condo,,Phuket,,8.022553,,0,1,6006000,"Choeng Thale, Thalang, Phuket",98.292124,,Choeng Thale,176647.0,4015.0
32.0,138625,1,Condo,,Phuket,,8.022553,,0,,4436000,"Choeng Thale, Thalang, Phuket",98.292124,,Choeng Thale,130471.0,4077.0
112.0,129767,2,Condo,,Phuket,,8.022553,,0,2,14534000,"Choeng Thale, Thalang, Phuket",98.292124,,Choeng Thale,427471.0,3817.0
779.0,71863,9,Detached House,,Phuket,,7.943294,789.0,0,9,56700000,"Kammala, Kathu, Phuket",98.292657,,Kammala,1667647.0,2114.0
529.0,72832,6,Detached House,,Phuket,,7.943294,519.0,0,6,37800000,"Kammala, Kathu, Phuket",98.292657,,Kammala,1111765.0,2142.0
250.0,70000,3,Detached House,,Phuket,,7.943294,270.0,0,3,18900000,"Kammala, Kathu, Phuket",98.292657,,Kammala,555882.0,2059.0
150.0,41879,2,Detached House,,Phuket,,7.944577,252.0,0,3,10553532,"Kammala, Kathu, Phuket",98.287671,,Kammala,310398.0,1232.0
150.0,34362,3,Detached House,,Phuket,,7.944577,259.0,0,3,8900000,"Kammala, Kathu, Phuket",98.287671,,Kammala,261765.0,1011.0
150.0,40587,3,Detached House,,Phuket,,7.944577,264.0,0,3,10715000,"Kammala, Kathu, Phuket",98.287671,,Kammala,315147.0,1194.0
66.0,83333,1,Condo,,Phuket,,7.833128,,0,2,5500000,"Karon, Muang Phuket, Phuket",98.299904,,Karon,161765.0,2451.0
35.0,155605,1,Condo,,Phuket,,7.903914,,0,1,5446188,"Patong, Kathu, Phuket",98.312386,,Patong,160182.0,4577.0
46.0,148348,1,Condo,,Phuket,,7.903914,,0,1,6824048,"Patong, Kathu, Phuket",98.312386,,Patong,200707.0,4363.0
49.0,168373,1,Condo,,Phuket,,7.903914,,0,1,8250308,"Patong, Kathu, Phuket",98.312386,,Patong,242656.0,4952.0
40.0,172938,1,Condo,,Phuket,,7.903914,,0,1,6917548,"Patong, Kathu, Phuket",98.312386,,Patong,203457.0,5086.0
53.00000000000001,104649,1,Condo,,Phuket,,7.845478,,0,1,5546436,"Karon, Muang Phuket, Phuket",98.302104,,Karon,163130.0,3078.0
62.0,113960,1,Condo,,Phuket,,7.845478,,0,1,7065520,"Karon, Muang Phuket, Phuket",98.302104,,Karon,207809.0,3352.0
62.0,165000,1,Condo,,Phuket,,7.845478,,0,1,10230000,"Karon, Muang Phuket, Phuket",98.302104,,Karon,300882.0,4853.0
43.0,143770,1,Condo,,Phuket,,7.845478,,0,1,6182118,"Karon, Muang Phuket, Phuket",98.302104,,Karon,181827.0,4229.0
62.0,154000,1,Condo,,Phuket,,7.845478,,0,1,9548000,"Karon, Muang Phuket, Phuket",98.302104,,Karon,280824.0,4529.0
41.0,142433,1,Condo,,Phuket,,7.845478,,0,,5839760,"Karon, Muang Phuket, Phuket",98.302104,,Karon,171758.0,4189.0
53.00000000000001,141418,1,Condo,,Phuket,,7.845478,,0,1,7495184,"Karon, Muang Phuket, Phuket",98.302104,,Karon,220447.0,4159.0
287.0,26578,3,Detached House,,Phuket,,8.017986,950.0,0,3,25250000,"Thep Krasattri, Thalang, Phuket",98.322252,,Thep Krasattri,742647.0,782.0
271.0,29585,3,Detached House,,Phuket,,8.017986,676.0,0,3,20000000,"Thep Krasattri, Thalang, Phuket",98.322252,,Thep Krasattri,588235.0,870.0
222.00000000000003,34302,3,Detached House,,Phuket,,8.017986,430.0,0,3,14750000,"Thep Krasattri, Thalang, Phuket",98.322252,,Thep Krasattri,433824.0,1009.0
368.0,28684,5,Detached House,,Phuket,,8.017986,950.0,0,4,27250000,"Thep Krasattri, Thalang, Phuket",98.322252,,Thep Krasattri,801471.0,844.0
435.00000000000006,31505,4,Detached House,,Phuket,,8.017986,857.0000000000001,0,3,27000000,"Thep Krasattri, Thalang, Phuket",98.322252,,Thep Krasattri,794118.0,927.0
120.0,21666,2,Townhouse,,Phuket,,7.921756,,0,3,2600000,"Ratsada, Muang Phuket, Phuket",98.386152,,Ratsada,76471.0,637.0
400.0,51610,4,Detached House,,Phuket,,8.029702,590.0,0,3,30450000,"Thep Krasattri, Thalang, Phuket",98.310351,,Thep Krasattri,895588.0,1518.0
500.0,55158,4,Detached House,,Phuket,,8.029702,756.0,0,3,41700000,"Thep Krasattri, Thalang, Phuket",98.310351,,Thep Krasattri,1226471.0,1622.0
530.0,56250,6,Detached House,,Phuket,,8.029702,799.9999999999999,0,4,45000000,"Thep Krasattri, Thalang, Phuket",98.310351,,Thep Krasattri,1323529.0,1654.0
297.0,48523,4,Detached House,,Phuket,,7.949156,237.0,0,4,11500000,"Kammala, Kathu, Phuket",98.29842,,Kammala,338235.0,1427.0
207.0,44346,3,Detached House,,Phuket,,8.008357,306.0,0,3,13570000,"Sri Sunthon, Thalang, Phuket",98.319716,,Sri Sunthon,399118.0,1304.0
164.0,47083,2,Detached House,,Phuket,,8.008357,216.0,0,2,10170000,"Sri Sunthon, Thalang, Phuket",98.319716,,Sri Sunthon,299118.0,1385.0
150.0,51013,3,Detached House,,Phuket,,8.008357,207.2,0,3,10570000,"Sri Sunthon, Thalang, Phuket",98.319716,,Sri Sunthon,310882.0,1500.0
132.0,46791,2,Detached House,,Phuket,,8.008357,208.8,0,2,9770000,"Sri Sunthon, Thalang, Phuket",98.319716,,Sri Sunthon,287353.0,1376.0
208.0,39079,4,Detached House,,Phuket,,7.840821,186.8,0,,7300000,"Chalong, Muang Phuket, Phuket",98.362926,,Chalong,214706.0,1149.0
208.0,38172,4,Detached House,,Phuket,,7.840821,186.0,0,3,7100000,"Chalong, Muang Phuket, Phuket",98.362926,,Chalong,208824.0,1123.0
161.0,42968,3,Detached House,,Phuket,,7.952707,153.6,0,3,6600000,"Ko Kaeo, Muang Phuket, Phuket",98.381607,,Ko Kaeo,194118.0,1264.0
161.0,37753,3,Detached House,,Phuket,,7.952707,153.6,0,3,5799000,"Ko Kaeo, Muang Phuket, Phuket",98.381607,,Ko Kaeo,170559.0,1110.0
161.0,34937,3,Detached House,,Phuket,,7.952707,160.0,0,3,5590000,"Ko Kaeo, Muang Phuket, Phuket",98.381607,,Ko Kaeo,164412.0,1028.0
161.0,35937,3,Detached House,,Phuket,,7.952707,160.0,0,3,5750000,"Ko Kaeo, Muang Phuket, Phuket",98.381607,,Ko Kaeo,169118.0,1057.0
161.0,34937,3,Detached House,,Phuket,,7.952707,160.0,0,3,5590000,"Ko Kaeo, Muang Phuket, Phuket",98.381607,,Ko Kaeo,164412.0,1028.0
39.0,135733,1,Condo,,Phuket,,7.980021,,0,1,5293598,"Choeng Thale, Thalang, Phuket",98.287195,,Choeng Thale,155694.0,3992.0
38.0,135796,1,Condo,,Phuket,,7.980021,,0,1,5160258,"Choeng Thale, Thalang, Phuket",98.287195,,Choeng Thale,151772.0,3994.0
33.0,206060,1,Condo,,Phuket,2019.0,7.83473,,0,1,6800000,"Soi Patak 14, Karon, Muang Phuket, Phuket",98.301049,Freehold,Karon,200000.0,6061.0
33.0,196969,1,Condo,,Phuket,2019.0,7.83473,,0,1,6500000,"Soi Patak 14, Karon, Muang Phuket, Phuket",98.301049,Freehold,Karon,191176.0,5793.0
33.0,181818,1,Condo,,Phuket,2019.0,7.83473,,0,,6000000,"Soi Patak 14, Karon, Muang Phuket, Phuket",98.301049,Freehold,Karon,176471.0,5348.0
33.0,172727,1,Condo,,Phuket,2019.0,7.83473,,0,,5700000,"Soi Patak 14, Karon, Muang Phuket, Phuket",98.301049,Freehold,Karon,167647.0,5080.0
33.0,160606,1,Condo,,Phuket,2019.0,7.83473,,0,,5300000,"Soi Patak 14, Karon, Muang Phuket, Phuket",98.301049,Freehold,Karon,155882.0,4724.0
33.0,145454,1,Condo,,Phuket,2019.0,7.83473,,0,,4800000,"Soi Patak 14, Karon, Muang Phuket, Phuket",98.301049,Freehold,Karon,141176.0,4278.0
33.0,142424,1,Condo,,Phuket,2019.0,7.83473,,0,1,4700000,"Soi Patak 14, Karon, Muang Phuket, Phuket",98.301049,Freehold,Karon,138235.0,4189.0
33.0,140909,1,Condo,,Phuket,2019.0,7.83473,,0,1,4650000,"Soi Patak 14, Karon, Muang Phuket, Phuket",98.301049,Freehold,Karon,136765.0,4144.0
260.0,20947,3,Detached House,,Phuket,,7.880448,262.56,0,3,5500000,"Talat Yai, Muang Phuket, Phuket",98.39225,,Talat Yai,161765.0,616.0
520.0,49482,5,Detached House,,Phuket,,8.041037,801.0,0,4,39635750,"Choeng Thale, Thalang, Phuket",98.29636,,Choeng Thale,1165757.0,1455.0
263.0,51008,3,Detached House,,Phuket,,7.940146,386.8,0,3,19730200,"Kammala, Kathu, Phuket",98.291893,,Kammala,580300.0,1500.0
263.0,37890,3,Detached House,,Phuket,,7.940146,545.7,0,3,20677100,"Kammala, Kathu, Phuket",98.291893,,Kammala,608150.0,1114.0
263.0,48140,3,Detached House,,Phuket,,7.940146,372.8,0,3,17946900,"Kammala, Kathu, Phuket",98.291893,,Kammala,527850.0,1416.0
263.0,50756,3,Detached House,,Phuket,,7.940146,370.0,0,3,18779900,"Kammala, Kathu, Phuket",98.291893,,Kammala,552350.0,1493.0
193.0,41786,3,Detached House,,Phuket,,7.940146,319.1,0,3,13333950,"Kammala, Kathu, Phuket",98.291893,,Kammala,392175.0,1229.0
193.0,32465,3,Detached House,,Phuket,,7.940146,367.2,0,3,11921250,"Kammala, Kathu, Phuket",98.291893,,Kammala,350625.0,955.0
47.0,159574,1,Condo,,Phuket,,7.961429,,0,,7500000,"Kammala, Kathu, Phuket",98.284406,,Kammala,220588.0,4693.0
35.0,122857,1,Condo,,Phuket,,7.924907,,0,1,4300000,"Kammala, Kathu, Phuket",98.268979,,Kammala,126471.0,3613.0
45.0,128000,1,Condo,,Phuket,,7.88299,,0,1,5760000,"Patong, Kathu, Phuket",98.275775,,Patong,169412.0,3765.0
45.0,132000,1,Condo,,Phuket,,7.88299,,0,1,5940000,"Patong, Kathu, Phuket",98.275775,,Patong,174706.0,3882.0
45.0,116000,1,Condo,,Phuket,,7.88299,,0,1,5220000,"Patong, Kathu, Phuket",98.275775,,Patong,153529.0,3412.0
45.0,100000,1,Condo,,Phuket,,7.88299,,0,1,4500000,"Patong, Kathu, Phuket",98.275775,,Patong,132353.0,2941.0
41.0,83166,1,Detached House,,Phuket,2022.0,7.891229,60.0,0,1,4990000,"Hasip Pee Road, Patong, Kathu, Phuket",98.308621,Leasehold,Patong,146765.0,2446.0
60.0,108000,1,Condo,,Phuket,,7.88299,,0,1,6480000,"Patong, Kathu, Phuket",98.275775,,Patong,190588.0,3176.0
41.0,81666,1,Detached House,,Phuket,2022.0,7.891229,60.0,0,1,4900000,"Hasip Pee Road, Patong, Kathu, Phuket",98.308621,Leasehold,Patong,144118.0,2402.0
41.0,78428,1,Detached House,,Phuket,2022.0,7.891229,70.0,0,1,5490000,"Hasip Pee Road, Patong, Kathu, Phuket",98.308621,Leasehold,Patong,161471.0,2307.0
41.0,92714,1,Detached House,,Phuket,2022.0,7.891229,70.0,0,1,6490000,"Hasip Pee Road, Patong, Kathu, Phuket",98.308621,Leasehold,Patong,190882.0,2727.0
41.0,127142,1,Detached House,,Phuket,2022.0,7.891229,70.0,0,1,8900000,"Hasip Pee Road, Patong, Kathu, Phuket",98.308621,Leasehold,Patong,261765.0,3739.0
45.0,100000,1,Condo,,Phuket,2022.0,7.89166,,0,1,4500000,"Hasip Pee Road, Patong, Kathu, Phuket",98.308399,Leasehold,Patong,132353.0,2941.0
45.0,108888,1,Condo,,Phuket,2022.0,7.89166,,0,1,4900000,"Hasip Pee Road, Patong, Kathu, Phuket",98.308399,Leasehold,Patong,144118.0,3203.0
45.0,122222,1,Condo,,Phuket,2022.0,7.89166,,0,1,5500000,"Hasip Pee Road, Patong, Kathu, Phuket",98.308399,Leasehold,Patong,161765.0,3595.0
34.0,132352,1,Condo,,Phuket,,7.951789,,0,1,4500000,"Kammala, Kathu, Phuket",98.287623,,Kammala,132353.0,3893.0
69.0,126086,2,Condo,,Phuket,,7.951789,,0,2,8700000,"Kammala, Kathu, Phuket",98.287623,,Kammala,255882.0,3708.0
69.0,131884,2,Condo,,Phuket,,7.951789,,0,2,9100000,"Kammala, Kathu, Phuket",98.287623,,Kammala,267647.0,3879.0
69.0,141304,2,Condo,,Phuket,,7.951789,,0,2,9750000,"Kammala, Kathu, Phuket",98.287623,,Kammala,286765.0,4156.0
35.0,134757,1,Condo,,Phuket,,7.951789,,0,1,4716500,"Kammala, Kathu, Phuket",98.287623,,Kammala,138721.0,3963.0
35.0,154071,1,Condo,,Phuket,,7.951789,,0,1,5392500,"Kammala, Kathu, Phuket",98.287623,,Kammala,158603.0,4532.0
33.0,132424,1,Condo,,Phuket,,7.951789,,0,1,4370000,"Kammala, Kathu, Phuket",98.287623,,Kammala,128529.0,3895.0
162.0,206959,3,Detached House,,Phuket,,7.949297,244.00000000000003,0,2,50498000,"Kammala, Kathu, Phuket",98.275121,Freehold,Kammala,1485235.0,6087.0
428.0,172781,5,Detached House,,Phuket,,7.949297,845.0,0,4,146000000,"Kammala, Kathu, Phuket",98.275121,Freehold,Kammala,4294118.0,5082.0
652.0,57389,4,Detached House,,Phuket,,8.024417,914.0,0,4,52454000,"Choeng Thale, Thalang, Phuket",98.305577,,Choeng Thale,1542765.0,1688.0
361.0,65818,3,Detached House,,Phuket,,7.999707,322.4,0,3,21219734,"Choeng Thale, Thalang, Phuket",98.30908,Leasehold,Choeng Thale,624110.0,1936.0
228.0,81797,2,Detached House,,Phuket,,7.999707,207.0,0,2,16932026,"Choeng Thale, Thalang, Phuket",98.30908,Leasehold,Choeng Thale,498001.0,2406.0
264.0,70576,2,Detached House,,Phuket,,7.999707,266.5,0,2,18808505,"Choeng Thale, Thalang, Phuket",98.30908,Leasehold,Choeng Thale,553191.0,2076.0
361.0,69076,3,Detached House,,Phuket,,7.999707,303.6,0,3,20971574,"Choeng Thale, Thalang, Phuket",98.30908,Leasehold,Choeng Thale,616811.0,2032.0
228.0,78335,2,Detached House,,Phuket,,7.999707,218.0,0,2,17077226,"Choeng Thale, Thalang, Phuket",98.30908,Leasehold,Choeng Thale,502271.0,2304.0
228.0,81140,2,Detached House,,Phuket,,7.999707,209.0,0,2,16958426,"Choeng Thale, Thalang, Phuket",98.30908,Leasehold,Choeng Thale,498777.0,2386.0
215.0,172945,3,Detached House,,Phuket,,7.949297,311.0,0,3,53786000,"Kammala, Kathu, Phuket",98.275121,,Kammala,1581941.0,5087.0
781.0,49685,6,Detached House,,Phuket,,8.024417,1206.0,0,5,59921000,"Choeng Thale, Thalang, Phuket",98.305577,,Choeng Thale,1762382.0,1461.0
625.0,53356,4,Detached House,,Phuket,,8.024417,1149.0,0,4,61307000,"Choeng Thale, Thalang, Phuket",98.305577,,Choeng Thale,1803147.0,1569.0
596.0,55286,5,Detached House,,Phuket,,7.987597,910.0,0,4,50310750,"Choeng Thale, Thalang, Phuket",98.298909,,Choeng Thale,1479728.0,1626.0
45.0,137755,1,Condo,,Phuket,,7.77363,,0,1,6199000,"Rawai, Muang Phuket, Phuket",98.317801,,Rawai,182324.0,4052.0
852.0000000000001,42793,5,Detached House,,Phuket,,8.044814,1168.4,0,5,50000000,"Choeng Thale, Thalang, Phuket",98.296291,Freehold,Choeng Thale,1470588.0,1259.0
41.0,172000,1,Condo,,Phuket,,8.082377,,0,1,7052000,"Sa Khu, Thalang, Phuket",98.287007,,Sa Khu,207412.0,5059.0
32.0,169312,1,Condo,,Phuket,,8.082377,,0,1,5418000,"Sa Khu, Thalang, Phuket",98.287007,,Sa Khu,159353.0,4980.0
41.0,168000,1,Condo,,Phuket,,8.082377,,0,1,6888000,"Sa Khu, Thalang, Phuket",98.287007,,Sa Khu,202588.0,4941.0
41.0,168000,1,Condo,,Phuket,,8.082377,,0,1,6888000,"Sa Khu, Thalang, Phuket",98.287007,,Sa Khu,202588.0,4941.0
32.0,170320,1,Condo,,Phuket,,8.082377,,0,,5450250,"Sa Khu, Thalang, Phuket",98.287007,,Sa Khu,160301.0,5009.0
32.0,170320,1,Condo,,Phuket,,8.082377,,0,,5450250,"Sa Khu, Thalang, Phuket",98.287007,,Sa Khu,160301.0,5009.0
549.0,118915,6,Detached House,,Phuket,,7.949297,1438.0,0,4,171000000,"Kammala, Kathu, Phuket",98.275121,,Kammala,5029412.0,3498.0
723.0,116269,5,Detached House,,Phuket,,7.949297,1767.9999999999998,0,6,205564000,"Kammala, Kathu, Phuket",98.275121,,Kammala,6046000.0,3420.0
47.0,200771,1,Condo,,Phuket,,8.124435,,0,1,9436250,"Mai Khao, Thalang, Phuket",98.301841,,Mai Khao,277537.0,5905.0
47.0,190271,1,Condo,,Phuket,,8.124435,,0,1,8942750,"Mai Khao, Thalang, Phuket",98.301841,,Mai Khao,263022.0,5596.0
60.0,197083,1,Condo,,Phuket,,8.124435,,0,1,11825000,"Mai Khao, Thalang, Phuket",98.301841,,Mai Khao,347794.0,5797.0
47.0,185021,1,Condo,,Phuket,,8.124435,,0,1,8696000,"Mai Khao, Thalang, Phuket",98.301841,,Mai Khao,255765.0,5442.0
41.0,187533,1,Condo,,Phuket,,8.124435,,0,,7688888,"Mai Khao, Thalang, Phuket",98.301841,,Mai Khao,226144.0,5516.0
56.0,199821,1,Condo,,Phuket,,8.124435,,0,1,11190000,"Mai Khao, Thalang, Phuket",98.301841,,Mai Khao,329118.0,5877.0
47.0,169893,1,Condo,,Phuket,,8.124435,,0,1,7985000,"Mai Khao, Thalang, Phuket",98.301841,,Mai Khao,234853.0,4997.0
41.0,165853,1,Condo,,Phuket,,8.124435,,0,,6800000,"Mai Khao, Thalang, Phuket",98.301841,,Mai Khao,200000.0,4878.0
41.0,172073,1,Condo,,Phuket,,8.124435,,0,,7055000,"Mai Khao, Thalang, Phuket",98.301841,,Mai Khao,207500.0,5061.0
244.00000000000003,42263,2,Detached House,,Phuket,,8.055853,296.0,0,3,12510000,"Thep Krasattri, Thalang, Phuket",98.319474,,Thep Krasattri,367941.0,1243.0
360.0,37892,4,Detached House,,Phuket,,8.055853,484.0,0,3,18340000,"Thep Krasattri, Thalang, Phuket",98.319474,,Thep Krasattri,539412.0,1114.0
360.0,38541,4,Detached House,,Phuket,,8.055853,473.0,0,3,18230000,"Thep Krasattri, Thalang, Phuket",98.319474,,Thep Krasattri,536176.0,1134.0
781.0,61496,6,Detached House,,Phuket,,8.024417,1052.0,0,5,64694000,"Choeng Thale, Thalang, Phuket",98.305577,,Choeng Thale,1902765.0,1809.0
360.0,36946,4,Detached House,,Phuket,,8.055853,501.0,0,3,18510000,"Thep Krasattri, Thalang, Phuket",98.319474,,Thep Krasattri,544412.0,1087.0
672.0,71473,4,Detached House,,Phuket,,7.949297,1588.0,0,4,113500000,"Kammala, Kathu, Phuket",98.275121,Freehold,Kammala,3338235.0,2102.0
799.9999999999999,62361,7,Detached House,,Phuket,,8.044814,2164.8,0,7,135000000,"Choeng Thale, Thalang, Phuket",98.296291,Freehold,Choeng Thale,3970588.0,1834.0
250.0,34246,4,Detached House,,Phuket,,7.8470253,584.0,0,3,20000000,"วัดฉลอง, Chalong, Muang Phuket, Phuket",98.3365852,,Chalong,588235.0,1007.0
69.0,63623,2,Condo,,Phuket,,7.8718125,,0,2,4390000,"Wichit, Muang Phuket, Phuket",98.3783125,,Wichit,129118.0,1871.0
52.0,75000,1,Condo,Fully Furnished,Phuket,,8.0001875,,0,,3900000,"Choeng Thale, Thalang, Phuket",98.2965625,,Choeng Thale,114706.0,2206.0
700.0,42340,6,Detached House,Fully Furnished,Phuket,,8.0817977405928,470.0,0,5,19900000,"Pa Khlok, Thalang, Phuket",98.414066263013,,Pa Khlok,585294.0,1245.0
264.0,23484,4,Detached House,Fully Furnished,Phuket,,8.0584068,264.0,0,4,6200000,"Pa Khlok, Thalang, Phuket",98.4074573,,Pa Khlok,182353.0,691.0
356.0,21910,3,Detached House,Fully Furnished,Phuket,,8.0118764,356.0,0,3,7800000,"Choeng Thale, Thalang, Phuket",98.3033694,Freehold,Choeng Thale,229412.0,644.0
320.0,18125,2,Detached House,Partially Furnished,Phuket,,7.8402922,320.0,0,3,5800000,"Chalong, Muang Phuket, Phuket",98.3449368,,Chalong,170588.0,533.0
351.6,11945,,Detached House,,Phuket,,7.8402922,351.6,0,,4200000,"Chalong, Muang Phuket, Phuket",98.3449368,,Chalong,123529.0,351.0
72.0,76388,1,Apartment,,Phuket,,7.9844628119832,72.0,0,1,5500000,"Choeng Thale, Thalang, Phuket",98.281269674299,,Choeng Thale,161765.0,2247.0
557.0,32703,3,Detached House,,Phuket,,8.0149833,550.4,0,3,18000000,"Choeng Thale, Thalang, Phuket",98.3018137,,Choeng Thale,529412.0,962.0
344.0,54069,5,Townhouse,Fully Furnished,Phuket,2014.0,8.0902854,237.0,0,3,18600000,"ถนน เทพกระษัตรี, Kammala, Kathu, Phuket",98.3401364,,Kammala,547059.0,1590.0
370.0,32500,5,Detached House,Fully Furnished,Phuket,,7.901831,799.9999999999999,0,5,26000000,"Kathu, Kathu, Phuket",98.348207,,Kathu,764706.0,956.0
210.0,157142,3,Detached House,Fully Furnished,Phuket,,8.128627,210.0,0,3,33000000,"Mai Khao, Thalang, Phuket",98.300978,,Mai Khao,970588.0,4622.0
350.0,36779,4,Detached House,Unfurnished,Phuket,,7.8366147073289,326.0,0,5,11990000,"84/4 โซนมัณฑณา, Chalong, Muang Phuket, Phuket",98.340645265576,Freehold,Chalong,352647.0,1082.0
490.0,238000,3,Detached House,Unfurnished,Phuket,,8.01636,100.0,0,3,23800000,"Choeng Thale, Thalang, Phuket",98.31391,,Choeng Thale,700000.0,7000.0
49.99999999999999,118000,1,Condo,,Phuket,,8.1022262435104,,0,1,5900000,"Sri Sunthon, Thalang, Phuket",98.4284603125,,Sri Sunthon,173529.0,3471.0
39.3,109073,1,Condo,Fully Furnished,Phuket,,7.9920345471686,,0,1,4286608,"Choeng Thale, Thalang, Phuket",98.299404484644,,Choeng Thale,126077.0,3208.0
35.25,130000,1,Condo,Fully Furnished,Phuket,,7.887142736704,,0,1,4582500,"Surin-Patong, Choeng Thale, Thalang, Phuket",98.296238136902,,Choeng Thale,134779.0,3824.0
46.0,120000,1,Condo,,Phuket,,8.0937287596196,,0,1,5520000,"Sa Khu, Thalang, Phuket",98.305722427979,Freehold,Sa Khu,162353.0,3529.0
300.0,106666,2,Condo,Fully Furnished,Phuket,,8.0355161859125,,0,2,32000000,"Choeng Thale, Thalang, Phuket",98.301945877686,,Choeng Thale,941176.0,3137.0
154.0,29805,2,Detached House,Partially Furnished,Phuket,,7.8987125,154.0,0,3,4590000,"Kathu, Kathu, Phuket",98.3324531,,Kathu,135000.0,877.0
32.8,45426,1,Condo,Fully Furnished,Phuket,,7.8769375,,0,,1490000,"Wichit, Muang Phuket, Phuket",98.3709375,Freehold,Wichit,43824.0,1336.0
682.0,17225,5,Detached House,Fully Furnished,Phuket,,7.9470227874966,4000.0,0,4,68900000,"Kammala, Kathu, Phuket",98.265339597717,,Kammala,2026471.0,507.0
110.0,22272,1,Townhouse,,Phuket,,7.9076318,116.8,0,2,2450000,"Ratsada, Muang Phuket, Phuket",98.385532,Freehold,Ratsada,72059.0,655.0
32.0,120000,1,Condo,,Phuket,,7.949138,,0,1,3840000,"Kammala, Kathu, Phuket",98.278066,,Kammala,112941.0,3529.0
24.000000000000004,114318,1,Condo,,Phuket,,7.820719,,0,1,2743640,"Karon, Muang Phuket, Phuket",98.310552,,Karon,80695.0,3362.0
31.0,109154,1,Condo,,Phuket,,7.980374,,0,,3383780,"Choeng Thale, Thalang, Phuket",98.283129,,Choeng Thale,99523.0,3210.0
34.0,68477,1,Condo,,Phuket,,8.120488,,0,1,2328250,"Mai Khao, Thalang, Phuket",98.306879,,Mai Khao,68478.0,2014.0
48.00000000000001,70875,1,Condo,,Phuket,,7.779957,,0,1,3402000,"Rawai, Muang Phuket, Phuket",98.314713,,Rawai,100059.0,2085.0
31.0,107733,1,Condo,,Phuket,,7.835138,,0,1,3339730,"Karon, Muang Phuket, Phuket",98.301473,,Karon,98227.0,3169.0
31.0,104620,1,Condo,,Phuket,,7.980374,,0,,3243240,"Choeng Thale, Thalang, Phuket",98.283129,,Choeng Thale,95389.0,3077.0
28.0,125670,1,Condo,,Phuket,,7.980021,,0,,3518760,"Choeng Thale, Thalang, Phuket",98.287195,,Choeng Thale,103493.0,3696.0
30.0,131555,1,Condo,,Phuket,,7.979352,,0,,3946650,"Choeng Thale, Thalang, Phuket",98.282768,,Choeng Thale,116078.0,3869.0
36.0,67000,1,Condo,,Phuket,,8.120488,,0,1,2412000,"Mai Khao, Thalang, Phuket",98.306879,,Mai Khao,70941.0,1971.0
40.0,122512,1,Condo,,Phuket,,7.773421,,0,1,4900500,"Rawai, Muang Phuket, Phuket",98.320485,,Rawai,144132.0,3603.0
220.0,145000,3,Condo,,Phuket,,7.884773,,0,3,31900000,"Patong, Kathu, Phuket",98.281776,,Patong,938235.0,4265.0
53.00000000000001,141509,1,Condo,Fully Furnished,Phuket,2015.0,7.902868011173183,,0,1,7500000,"81 Rattahut Road, Patong, Kathu, Phuket",98.30264167638065,Freehold,Patong,220588.0,4162.0
34.0,68872,1,Condo,,Phuket,,8.120488,,0,1,2341650,"Mai Khao, Thalang, Phuket",98.306879,,Mai Khao,68872.0,2026.0
30.0,117108,1,Condo,,Phuket,,7.820724,,0,,3513250,"Karon, Muang Phuket, Phuket",98.310531,,Karon,103331.0,3444.0
52.0,70192,1,Condo,,Phuket,,7.833128,,0,1,3650000,"Karon, Muang Phuket, Phuket",98.299904,,Karon,107353.0,2064.0
500.0,130000,5,Detached House,Fully Furnished,Phuket,,7.801395,500.0,0,5,65000000,"Wichit, Muang Phuket, Phuket",98.410378,,Wichit,1911765.0,3824.0
70.0,114675,2,Condo,,Phuket,,7.773421,,0,2,8027305,"Rawai, Muang Phuket, Phuket",98.320485,,Rawai,236097.0,3373.0
824.0,192500,4,Condo,Fully Furnished,Phuket,,7.962777,,0,3,158620000,"Kammala, Kathu, Phuket",98.283752,,Kammala,4665294.0,5662.0
96.0,140625,2,Condo,Fully Furnished,Phuket,2015.0,8.154175769124732,,0,2,13500000,"8 Moo 3, Mai Khao, Thalang, Phuket",98.2978065925904,Freehold,Mai Khao,397059.0,4136.0
29.0,108620,1,Condo,,Phuket,,7.77363,,0,,3150000,"Rawai, Muang Phuket, Phuket",98.317801,,Rawai,92647.0,3195.0
368.0,54347,4,Detached House,Unfurnished,Phuket,,8.016186,368.0,0,3,20000000,"Choeng Thale, Thalang, Phuket",98.311912,,Choeng Thale,588235.0,1598.0
32.0,120204,1,Condo,,Phuket,,7.781023,,0,,3846528,"Rawai, Muang Phuket, Phuket",98.314713,,Rawai,113133.0,3535.0
25.0,113300,1,Condo,,Phuket,,7.820719,,0,1,2832500,"Karon, Muang Phuket, Phuket",98.310552,,Karon,83309.0,3332.0
185.0,19945,3,Detached House,Unfurnished,Phuket,,7.995612,185.0,0,3,3690000,"Sri Sunthon, Thalang, Phuket",98.345988,,Sri Sunthon,108529.0,587.0
190.0,24157,2,Detached House,Partially Furnished,Phuket,,7.926148,190.0,0,3,4590000,"Kathu, Kathu, Phuket",98.332054,,Kathu,135000.0,710.0
39.0,84615,1,Condo,,Phuket,,8.086476,,0,1,3300000,"Sa Khu, Thalang, Phuket",98.300576,,Sa Khu,97059.0,2489.0
43.0,167441,1,Condo,Fully Furnished,Phuket,2015.0,7.902868011173183,,0,1,7200000,"81 Rattahut Road, Patong, Kathu, Phuket",98.30264167638065,Freehold,Patong,211765.0,4925.0
52.0,130769,1,Condo,Fully Furnished,Phuket,2015.0,7.902868011173183,,0,1,6800000,"81 Rattahut Road, Patong, Kathu, Phuket",98.30264167638065,Freehold,Patong,200000.0,3846.0
29.0,104136,1,Condo,,Phuket,,7.820719,,0,1,3019960,"Karon, Muang Phuket, Phuket",98.310552,,Karon,88822.0,3063.0
170.0,24705,2,Detached House,Unfurnished,Phuket,,7.916402,170.0,0,3,4200000,"Kathu, Kathu, Phuket",98.335564,,Kathu,123529.0,727.0
134.0,200000,3,Condo,Fully Furnished,Phuket,2015.0,8.154175769124732,,0,2,26800000,"8 Moo 3, Mai Khao, Thalang, Phuket",98.2978065925904,Freehold,Mai Khao,788235.0,5882.0
150.0,46666,2,Detached House,Fully Furnished,Phuket,2012.0,7.789263,150.0,0,2,7000000,"ราไวย์ Wiset, Chalong, Muang Phuket, Phuket",98.330707,Freehold,Chalong,205882.0,1373.0
78.0,121387,2,Condo,,Phuket,,7.773421,,0,2,9468250,"Rawai, Muang Phuket, Phuket",98.320485,,Rawai,278478.0,3570.0
250.0,23600,2,Detached House,Fully Furnished,Phuket,,7.988169,250.0,0,3,5900000,"Choeng Thale, Thalang, Phuket",98.317674,,Choeng Thale,173529.0,694.0
39.0,84615,1,Condo,,Phuket,,8.086476,,0,1,3300000,"Sa Khu, Thalang, Phuket",98.300576,,Sa Khu,97059.0,2489.0
65.0,146153,2,Condo,Fully Furnished,Phuket,2015.0,7.902868011173183,,0,2,9500000,"81 Rattahut Road, Patong, Kathu, Phuket",98.30264167638065,Freehold,Patong,279412.0,4299.0
80.0,87500,1,Condo,Fully Furnished,Phuket,,8.005389,,0,1,7000000,"Choeng Thale, Thalang, Phuket",98.298246,,Choeng Thale,205882.0,2574.0
35.0,67382,1,Condo,,Phuket,,8.120488,,0,1,2358400,"Mai Khao, Thalang, Phuket",98.306879,,Mai Khao,69365.0,1982.0
44.0,159090,1,Condo,Fully Furnished,Phuket,2015.0,7.902868011173183,,0,1,7000000,"81 Rattahut Road, Patong, Kathu, Phuket",98.30264167638065,Freehold,Patong,205882.0,4679.0
29.0,110000,1,Condo,,Phuket,,8.05846,,0,,3190000,"Sa Khu, Thalang, Phuket",98.278117,,Sa Khu,93824.0,3235.0
36.0,67248,1,Condo,,Phuket,,8.120488,,0,1,2420933,"Mai Khao, Thalang, Phuket",98.306879,,Mai Khao,71204.0,1978.0
44.0,147727,1,Condo,Fully Furnished,Phuket,2015.0,7.902868011173183,,0,1,6500000,"81 Rattahut Road, Patong, Kathu, Phuket",98.30264167638065,Freehold,Patong,191176.0,4345.0
178.0,24662,2,Detached House,Unfurnished,Phuket,,7.917987,178.0,0,3,4390000,"Kathu, Kathu, Phuket",98.329183,,Kathu,129118.0,725.0
33.0,112090,1,Condo,,Phuket,,7.948206,,0,,3699000,"Kammala, Kathu, Phuket",98.277564,,Kammala,108794.0,3297.0
70.0,47500,1,Detached House,,Phuket,,8.073505,84.0,0,1,3990000,"Thep Krasattri, Thalang, Phuket",98.346124,,Thep Krasattri,117353.0,1397.0
35.0,67000,1,Condo,,Phuket,,8.120488,,0,1,2345000,"Mai Khao, Thalang, Phuket",98.306879,,Mai Khao,68971.0,1971.0
230.0,19560,2,Detached House,,Phuket,,7.914843,230.0,0,3,4499000,"Kathu, Kathu, Phuket",98.332868,,Kathu,132324.0,575.0
30.0,131300,,Condo,,Phuket,,8.028948,,0,,3939000,"Choeng Thale, Thalang, Phuket",98.295051,,Choeng Thale,115853.0,3862.0
43.0,88372,1,Condo,,Phuket,,7.833128,,0,1,3800000,"Karon, Muang Phuket, Phuket",98.299904,,Karon,111765.0,2599.0
44.0,154545,1,Condo,Fully Furnished,Phuket,2015.0,7.902868011173183,,0,1,6800000,"81 Rattahut Road, Patong, Kathu, Phuket",98.30264167638065,Freehold,Patong,200000.0,4545.0
29.0,148241,1,Condo,,Phuket,,7.77363,,0,1,4299000,"Rawai, Muang Phuket, Phuket",98.317801,,Rawai,126441.0,4360.0
30.0,58333,,Condo,Fully Furnished,Phuket,,7.8737811278,,0,1,1750000,"Talat Nua, Muang Phuket, Phuket",98.3845049143,,Talat Nua,51471.0,1716.0
35.0,91428,1,Condo,,Phuket,,8.086476,,0,1,3200000,"Sa Khu, Thalang, Phuket",98.300576,,Sa Khu,94118.0,2689.0
60.0,38333,1,Condo,Fully Furnished,Phuket,2012.0,7.789263,,0,2,2300000,"ราไวย์ Wiset, Chalong, Muang Phuket, Phuket",98.330707,Freehold,Chalong,67647.0,1127.0
57.0,114035,2,Condo,Fully Furnished,Phuket,2014.0,7.909715,,0,2,6500000,"155 Chalerm Phrakiat Rama 9 Road, Ratsada, Muang Phuket, Phuket",98.3689,Freehold,Ratsada,191176.0,3354.0
350.0,13687,2,Detached House,Fully Furnished,Phuket,,7.8553841,1599.9999999999998,0,3,21900000,"Rawai, Rawai, Muang Phuket, Phuket",98.3494366,Freehold,Rawai,644118.0,403.0
500.0,31250,5,Detached House,Fully Furnished,Phuket,,7.8402922,799.9999999999999,0,5,25000000,"Chalong, Chalong, Muang Phuket, Phuket",98.3449368,Freehold,Chalong,735294.0,919.0
350.0,25201,6,Detached House,Fully Furnished,Phuket,,7.8553841,992.0,0,4,25000000,"ในหาน, Rawai, Muang Phuket, Phuket",98.3494366,Freehold,Rawai,735294.0,741.0
520.0,61290,6,Detached House,Fully Furnished,Phuket,,7.8553841,620.0,0,5,38000000,"Rawai, Rawai, Muang Phuket, Phuket",98.3494366,Freehold,Rawai,1117647.0,1803.0
460.0,81250,5,Detached House,Fully Furnished,Phuket,,7.8553841,799.9999999999999,0,3,65000000,"Rawai, Rawai, Muang Phuket, Phuket",98.3494366,Freehold,Rawai,1911765.0,2390.0
450.0,17004,7,Detached House,Unfurnished,Phuket,,7.8553841,988.0,0,7,16800000,"Sai-Yuan, Rawai, Muang Phuket, Phuket",98.3494366,Freehold,Rawai,494118.0,500.0
1200.0,30625,9,Detached House,Fully Furnished,Phuket,,7.8553841,1599.9999999999998,0,10,49000000,"Rawai, Rawai, Muang Phuket, Phuket",98.3494366,Freehold,Rawai,1441176.0,901.0
280.0,14660,4,Detached House,Fully Furnished,Phuket,,7.8553841,648.0,0,3,9500000,"Rawai, Rawai, Muang Phuket, Phuket",98.3494366,Freehold,Rawai,279412.0,431.0
300.0,32839,2,Detached House,Partially Furnished,Phuket,,7.9200435564457,182.4,0,3,5990000,"Kathu, Kathu, Phuket",98.339404629083,Freehold,Kathu,176176.0,966.0
207.6,31743,2,Detached House,Partially Furnished,Phuket,,8.007881158745,207.6,0,2,6590000,"Pa Khlok, Thalang, Phuket",98.3959130724,Freehold,Pa Khlok,193824.0,934.0
110.0,81818,2,Condo,Fully Furnished,Phuket,2012.0,8.00735,,0,2,9000000,"29/4 Laguna, Choeng Thale, Thalang, Phuket",98.298095,Freehold,Choeng Thale,264706.0,2406.0
269.6,32270,2,Detached House,Fully Furnished,Phuket,,7.9201875,269.6,0,2,8700000,"Ratsada, Muang Phuket, Phuket",98.3793125,,Ratsada,255882.0,949.0
650.0,33891,6,Detached House,,Phuket,,8.0707888,705.2,0,5,23900000,"49/75 Bandon-Cherngtalay Road, Choeng Thale, Thalang, Phuket",98.3307468,Freehold,Choeng Thale,702941.0,997.0
34.31,66744,1,Condo,Fully Furnished,Phuket,2013.0,7.90159,,0,1,2290000,"Soi Hongyok Utis Yaowarat Road, Talat Yai, Muang Phuket, Phuket",98.378572,Freehold,Talat Yai,67353.0,1963.0
34.12,94958,1,Condo,Fully Furnished,Phuket,2013.0,7.90159,,0,1,3240000,"Soi Hongyok Utis Yaowarat Road, Talat Yai, Muang Phuket, Phuket",98.378572,Freehold,Talat Yai,95294.0,2793.0
60.12,59713,2,Condo,Fully Furnished,Phuket,2014.0,7.90808,,0,2,3590000,"Phra Phuket Kaew  Phra Phuket Kaew, Kathu, Kathu, Phuket",98.35506,Freehold,Kathu,105588.0,1756.0
60.92,45961,2,Condo,Fully Furnished,Phuket,,7.9064375,,0,2,2800000,"Ratsada, Muang Phuket, Phuket",98.4031875,,Ratsada,82353.0,1352.0
61.650000000000006,48499,2,Condo,Fully Furnished,Phuket,,7.9064375,,0,2,2990000,"Ratsada, Muang Phuket, Phuket",98.4031875,,Ratsada,87941.0,1426.0
62.0,45967,2,Condo,Fully Furnished,Phuket,,7.9099375,,0,2,2850000,"Kathu, Kathu, Phuket",98.3471875,,Kathu,83824.0,1352.0
61.86,56579,2,Condo,Fully Furnished,Phuket,,7.9099375,,0,2,3500000,"Kathu, Kathu, Phuket",98.3471875,,Kathu,102941.0,1664.0
44.11,149625,1,Condo,Fully Furnished,Phuket,2015.0,7.902868011173183,,0,1,6600000,"81 Rattahut Road, Patong, Kathu, Phuket",98.30264167638065,Freehold,Patong,194118.0,4401.0
134.12,199821,3,Condo,Fully Furnished,Phuket,2015.0,8.154175769124732,,0,2,26800000,"8 Moo 3, Mai Khao, Thalang, Phuket",98.2978065925904,Freehold,Mai Khao,788235.0,5877.0
95.95999999999998,92538,2,Condo,Fully Furnished,Phuket,2015.0,8.154175769124732,,0,2,8880000,"8 Moo 3, Mai Khao, Thalang, Phuket",98.2978065925904,Freehold,Mai Khao,261176.0,2722.0
70.0,155714,1,Condo,Fully Furnished,Phuket,2015.0,8.154175769124732,,0,1,10900000,"8 Moo 3, Mai Khao, Thalang, Phuket",98.2978065925904,Freehold,Mai Khao,320588.0,4580.0
44.0,95454,1,Condo,Fully Furnished,Phuket,2012.0,7.877555,,0,2,4200000,"นาใน Haad Patong, Kammala, Kathu, Phuket",98.290139,Freehold,Kammala,123529.0,2807.0
360.0,144444,3,Condo,,Phuket,,8.009261,,0,3,52000000,"Choeng Thale, Thalang, Phuket",98.293318,,Choeng Thale,1529412.0,4248.0
112.0,98214,1,Condo,Fully Furnished,Phuket,,7.811069,,0,1,11000000,"Karon, Muang Phuket, Phuket",98.297402,,Karon,323529.0,2889.0
44.0,90906,1,Condo,Fully Furnished,Phuket,2012.0,7.947826,,0,,3999900,"11/5 Kamala, Kammala, Kathu, Phuket",98.285515,Freehold,Kammala,117644.0,2674.0
69.0,113043,2,Condo,Fully Furnished,Phuket,,7.9497593,,0,2,7800000,"Kammala, Kathu, Phuket",98.2846511,,Kammala,229412.0,3325.0
117.5,24680,2,Townhouse,Partially Furnished,Phuket,,7.8986875,,0,2,2900000,"Ratsada, Muang Phuket, Phuket",98.4148125,Freehold,Ratsada,85294.0,726.0
320.0,16875,2,Detached House,Partially Furnished,Phuket,,7.9199875,320.0,0,3,5400000,"Ratsada, Muang Phuket, Phuket",98.3749844,,Ratsada,158824.0,496.0
24.000000000000004,112500,1,Condo,Unfurnished,Phuket,2022.0,7.780462,,0,,2700000,"Soi Suanwat, Rawai, Muang Phuket, Phuket",98.316451,Freehold,Rawai,79412.0,3309.0
150.0,47297,3,Detached House,Fully Furnished,Phuket,,8.0118764,207.2,0,3,9800000,"Choeng Thale, Thalang, Phuket",98.3033694,,Choeng Thale,288235.0,1391.0
34.0,46764,1,Condo,Fully Furnished,Phuket,,7.8885865,,0,,1590000,"Talat Yai, Muang Phuket, Phuket",98.3937532,,Talat Yai,46765.0,1375.0
432.0,71572,5,Detached House,Fully Furnished,Phuket,,8.0022829,337.0,0,5,24120000,"Choeng Thale, Thalang, Phuket",98.3141961,,Choeng Thale,709412.0,2105.0
34.0,82352,1,Condo,Fully Furnished,Phuket,2013.0,7.90159,,0,1,2800000,"Soi Hongyok Utis Yaowarat Road, Talat Yai, Muang Phuket, Phuket",98.378572,Freehold,Talat Yai,82353.0,2422.0
30.0,46666,,Condo,Fully Furnished,Phuket,,7.8438125,,0,,1400000,"Talat Yai, Muang Phuket, Phuket",98.3416875,,Talat Yai,41176.0,1373.0
600.0,24166,,Apartment,Partially Furnished,Phuket,,7.8642456762793,972.0,0,10,14500000,"เจ้าฟ้า, Wichit, Muang Phuket, Phuket",98.370128840475,Freehold,Wichit,426471.0,711.0
112.0,23125,2,Townhouse,Unfurnished,Phuket,,7.9521538,100.0,0,2,2590000,"พร้อมพันธ์ โบ๊ตพัฒนา 83000, Ratsada, Muang Phuket, Phuket",98.38984,Freehold,Ratsada,76176.0,680.0
36.0,104722,1,Condo,Fully Furnished,Phuket,,7.9484678937311,,0,1,3770000,"Kammala, Kathu, Phuket",98.274609312073,,Kammala,110882.0,3080.0
236.0,101694,6,Condo,Partially Furnished,Phuket,,7.884057,,0,6,24000000,"Vichitsongkham, Wichit, Muang Phuket, Phuket",98.364839,,Wichit,705882.0,2991.0
140.0,47857,2,Condo,Fully Furnished,Phuket,,7.95136,,0,4,6700000,"Ko Kaeo, Muang Phuket, Phuket",98.37132,,Ko Kaeo,197059.0,1408.0
149.0,45637,3,Condo,Fully Furnished,Phuket,,7.95215,,0,3,6800000,"Thep Krasattri, Ko Kaeo, Muang Phuket, Phuket",98.3712,,Ko Kaeo,200000.0,1342.0
280.0,32142,4,Condo,Fully Furnished,Phuket,,7.92353,,0,4,9000000,"Kathu, Kathu, Phuket",98.3294,,Kathu,264706.0,945.0
300.0,28633,3,Condo,Fully Furnished,Phuket,,8.008284,,0,2,8590000,"Sri Sunthon, Thalang, Phuket",98.316075,,Sri Sunthon,252647.0,842.0
410.0,85365,5,Condo,Fully Furnished,Phuket,,7.987753,,0,4,35000000,"Choeng Thale, Thalang, Phuket",98.298377,,Choeng Thale,1029412.0,2511.0
178.0,43820,3,Condo,Fully Furnished,Phuket,,7.95215,,0,3,7800000,"Thep Krasattri, Ko Kaeo, Muang Phuket, Phuket",98.3712,,Ko Kaeo,229412.0,1289.0
250.0,34000,2,Condo,Fully Furnished,Phuket,,8.014262,,0,2,8500000,"Thep Krasattri, Thalang, Phuket",98.327146,,Thep Krasattri,250000.0,1000.0
320.0,36875,4,Condo,Fully Furnished,Phuket,,7.84075,,0,3,11800000,"เจ้าฟ้าตะวันออก, Chalong, Muang Phuket, Phuket",98.3412,,Chalong,347059.0,1085.0
600.0,40000,5,Condo,Unfurnished,Phuket,,7.93384,,0,4,24000000,"ถ.ประชาอุทิศ 5, Ko Kaeo, Muang Phuket, Phuket",98.37963,,Ko Kaeo,705882.0,1176.0
600.0,40000,5,Condo,Unfurnished,Phuket,,7.93384,,0,4,24000000,"ถ.ประชาอุทิศ 5, Ko Kaeo, Muang Phuket, Phuket",98.37963,,Ko Kaeo,705882.0,1176.0
149.0,46308,3,Condo,Fully Furnished,Phuket,,7.95215,,0,3,6900000,"Thep Krasattri, Ko Kaeo, Muang Phuket, Phuket",98.3712,,Ko Kaeo,202941.0,1362.0
149.0,43557,3,Condo,Fully Furnished,Phuket,,7.95215,,0,3,6490000,"Thep Krasattri, Ko Kaeo, Muang Phuket, Phuket",98.3712,,Ko Kaeo,190882.0,1281.0
320.0,33750,4,Condo,Fully Furnished,Phuket,,7.84075,,0,3,10800000,"เจ้าฟ้าตะวันออก, Chalong, Muang Phuket, Phuket",98.3412,,Chalong,317647.0,993.0
178.0,48314,3,Condo,Fully Furnished,Phuket,,7.95215,,0,3,8600000,"Thep Krasattri, Ko Kaeo, Muang Phuket, Phuket",98.3712,,Ko Kaeo,252941.0,1421.0
151.0,52317,3,Condo,Fully Furnished,Phuket,,7.95136,,0,4,7900000,"Ko Kaeo, Muang Phuket, Phuket",98.37132,,Ko Kaeo,232353.0,1539.0
151.0,45033,3,Condo,Fully Furnished,Phuket,,7.95136,,0,4,6800000,"Ko Kaeo, Muang Phuket, Phuket",98.37132,,Ko Kaeo,200000.0,1324.0
145.0,47586,2,Condo,Fully Furnished,Phuket,,7.89777,,0,3,6900000,"Kathu Wichit Songkhram, Kathu, Kathu, Phuket",98.3333,,Kathu,202941.0,1400.0
140.0,63571,2,Condo,Fully Furnished,Phuket,,7.95136,,0,4,8900000,"Ko Kaeo, Muang Phuket, Phuket",98.37132,,Ko Kaeo,261765.0,1870.0
400.0,42250,2,Condo,Fully Furnished,Phuket,,7.96349,,0,3,16900000,"Kohkaew - Phuket Thepkasadtee, Ko Kaeo, Muang Phuket, Phuket",98.37615,,Ko Kaeo,497059.0,1243.0
264.0,71022,3,Condo,Fully Furnished,Phuket,,7.9926,,0,3,18750000,"Srisoonthorn, Choeng Thale, Thalang, Phuket",98.3121,,Choeng Thale,551471.0,2089.0
164.0,36585,3,Condo,Fully Furnished,Phuket,,7.97843,,0,3,6000000,"Cherngtalay Srisoonthorn, Sri Sunthon, Thalang, Phuket",98.3548,,Sri Sunthon,176471.0,1076.0
140.0,63571,2,Condo,Fully Furnished,Phuket,,7.95136,,0,3,8900000,"Ko Kaeo, Muang Phuket, Phuket",98.37132,,Ko Kaeo,261765.0,1870.0
740.0,87837,5,Condo,Fully Furnished,Phuket,,7.8365,,0,5,65000000,"Wichit, Muang Phuket, Phuket",98.409861,,Wichit,1911765.0,2583.0
1100.0,116363,7,Condo,Fully Furnished,Phuket,,7.837361,,0,6,128000000,"Wichit, Muang Phuket, Phuket",98.409917,,Wichit,3764706.0,3422.0
428.0,17523,2,Condo,Fully Furnished,Phuket,,7.91503,,0,3,7500000,"Kathu, Kathu, Phuket",98.3262,,Kathu,220588.0,515.0
1193.0,49455,5,Condo,Fully Furnished,Phuket,,7.9239,,0,5,59000000,"Ratsada, Muang Phuket, Phuket",98.38061,,Ratsada,1735294.0,1455.0
250.0,42000,3,Condo,Fully Furnished,Phuket,,7.7798,,0,3,10500000,"Rawai, Muang Phuket, Phuket",98.3228,,Rawai,308824.0,1235.0
125.0,86400,2,Condo,Fully Furnished,Phuket,,7.87745,,0,,10800000,"Sirirat, Patong, Kathu, Phuket",98.2947,,Patong,317647.0,2541.0
120.0,62500,2,Condo,Fully Furnished,Phuket,,7.786,,0,2,7500000,"Rawai, Muang Phuket, Phuket",98.3149,,Rawai,220588.0,1838.0
182.0,48901,2,Condo,Fully Furnished,Phuket,,7.78424,,0,2,8900000,"Rawai Sai Yuan, Rawai, Muang Phuket, Phuket",98.3104,,Rawai,261765.0,1438.0
300.0,31666,4,Condo,Unfurnished,Phuket,,7.8477,,0,4,9500000,"Karon, Muang Phuket, Phuket",98.3021,,Karon,279412.0,931.0
400.0,32500,3,Condo,Fully Furnished,Phuket,,7.80739,,0,3,13000000,"Rawai, Muang Phuket, Phuket",98.3346,,Rawai,382353.0,956.0
250.0,34000,3,Condo,Partially Furnished,Phuket,,7.97843,,0,,8500000,"Cherngtalay Srisoonthorn, Sri Sunthon, Thalang, Phuket",98.3548,,Sri Sunthon,250000.0,1000.0
450.0,48888,5,Condo,Fully Furnished,Phuket,,7.87972,,0,5,22000000,"PrugJ Patak, Patong, Kathu, Phuket",98.2982,,Patong,647059.0,1438.0
600.0,45000,4,Condo,Fully Furnished,Phuket,,7.87972,,0,4,27000000,"ปลักเจ ปฎัก, Patong, Kathu, Phuket",98.2982,,Patong,794118.0,1324.0
67.0,179104,2,Condo,Fully Furnished,Phuket,2015.0,7.902868011173183,,0,2,12000000,"81 Rattahut Road, Patong, Kathu, Phuket",98.30264167638065,Freehold,Patong,352941.0,5268.0
240.0,136666,3,Condo,,Phuket,,7.8849844915625,,0,3,32800000,"Patong, Kathu, Phuket",98.285726131996,,Patong,964706.0,4020.0
40.0,92500,1,Condo,,Phuket,,7.7823921357703,,0,1,3700000,"Rawai, Muang Phuket, Phuket",98.312323509979,,Rawai,108824.0,2721.0
140.0,50000,3,Townhouse,,Phuket,,7.7906459626099,190.0,0,3,7000000,"Rawai, Muang Phuket, Phuket",98.320173741652,,Rawai,205882.0,1471.0
290.0,65691,4,Detached House,,Phuket,,7.786934166175,261.83,0,4,17200000,"Rawai, Muang Phuket, Phuket",98.318885641003,,Rawai,505882.0,1932.0
49.99999999999999,90000,1,Condo,,Phuket,,7.8946368100586,,0,1,4500000,"Patong, Kathu, Phuket",98.30165970006,,Patong,132353.0,2647.0
90.0,25000,2,Detached House,,Phuket,,7.8974784161918,168.0,0,2,4200000,"Patong, Kathu, Phuket",98.308406436747,,Patong,123529.0,735.0
239.0,75313,3,Condo,,Phuket,,7.9572860723863,,0,3,18000000,"Kammala, Kathu, Phuket",98.288121235259,,Kammala,529412.0,2215.0
200.0,37000,5,Detached House,,Phuket,,7.8581555771532,400.0,0,4,14800000,"Wichit, Muang Phuket, Phuket",98.348069628909,,Wichit,435294.0,1088.0
400.0,39705,4,Detached House,,Phuket,,8.0183902975109,680.0,0,4,27000000,"Thep Krasattri, Thalang, Phuket",98.332552820068,,Thep Krasattri,794118.0,1168.0
43.0,90697,1,Condo,,Phuket,,7.9945502270014,,0,1,3900000,"Choeng Thale, Thalang, Phuket",98.300251217548,,Choeng Thale,114706.0,2668.0
70.09,104151,,Condo,,Phuket,,7.9028125,,0,,7300000,"Patong, Kathu, Phuket",98.3026875,,Patong,214706.0,3063.0
69.77,104629,2,Condo,,Phuket,,7.9028366611325,,0,2,7300000,"Patong, Kathu, Phuket",98.302468177771,,Patong,214706.0,3077.0
43.86,128818,,Condo,,Phuket,,7.9029375,,0,,5650000,"Patong, Kathu, Phuket",98.3026875,,Patong,166176.0,3789.0
95.95999999999998,81283,2,Condo,,Phuket,,8.1540625,,0,2,7800000,"Mai Khao, Thalang, Phuket",98.2978125,Freehold,Mai Khao,229412.0,2391.0
30.0,66333,1,Condo,Fully Furnished,Phuket,2014.0,7.90808,,0,1,1990000,"Phra Phuket Kaew  Phra Phuket Kaew, Kathu, Kathu, Phuket",98.35506,Freehold,Kathu,58529.0,1951.0
43.0,97674,1,Condo,Fully Furnished,Phuket,,7.8885865,,0,1,4200000,"Talat Yai, Muang Phuket, Phuket",98.3937532,,Talat Yai,123529.0,2873.0
35.0,123414,1,Condo,Fully Furnished,Phuket,,7.9519331,,0,1,4319500,"Sri Sunthon, Thalang, Phuket",98.3380884,,Sri Sunthon,127044.0,3630.0
45.0,100000,1,Condo,Fully Furnished,Phuket,2012.0,7.818965,,0,1,4500000,"9/52 Chaofa (East), Chalong, Muang Phuket, Phuket",98.312682,Freehold,Chalong,132353.0,2941.0
54.0,80925,1,Condo,Fully Furnished,Phuket,,7.8077767,,0,1,4370000,"Rawai, Muang Phuket, Phuket",98.3372239,,Rawai,128529.0,2380.0
45.0,73333,1,Condo,,Phuket,2021.0,7.879898,,0,1,3300000,"Soi Verakij, Patong, Kathu, Phuket",98.297687,Freehold,Patong,97059.0,2157.0
110.0,84545,2,Apartment,,Phuket,,8.0073636,,0,2,9300000,"Choeng Thale, Thalang, Phuket",98.2979592,,Choeng Thale,273529.0,2487.0
45.0,73333,1,Condo,,Phuket,,7.88299,,0,1,3300000,"Patong, Kathu, Phuket",98.275775,,Patong,97059.0,2157.0
40.0,112500,1,Condo,Fully Furnished,Phuket,,7.7733408,,0,1,4500000,"Rawai, Muang Phuket, Phuket",98.3204738,,Rawai,132353.0,3309.0
43.0,100000,1,Condo,Unfurnished,Phuket,,7.8885865,,0,1,4300000,"Talat Yai, Muang Phuket, Phuket",98.3937532,,Talat Yai,126471.0,2941.0
85.0,174117,2,Condo,,Phuket,2014.0,7.901286,,0,2,14800000,"ถนน มนตรี, Talat Yai, Muang Phuket, Phuket",98.378577,,Talat Yai,435294.0,5121.0
49.99999999999999,92000,1,Condo,Unfurnished,Phuket,,7.8885865,,0,1,4600000,"Talat Yai, Muang Phuket, Phuket",98.3937532,,Talat Yai,135294.0,2706.0
45.0,86666,1,Condo,,Phuket,2022.0,7.89166,,0,1,3900000,"Hasip Pee Road, Patong, Kathu, Phuket",98.308399,Leasehold,Patong,114706.0,2549.0
83.0,90361,1,Apartment,,Phuket,,8.0073636,,0,1,7500000,"Choeng Thale, Thalang, Phuket",98.2979592,,Choeng Thale,220588.0,2658.0
45.0,62000,1,Condo,,Phuket,2021.0,7.879898,,0,1,2790000,"Soi Verakij, Patong, Kathu, Phuket",98.297687,Freehold,Patong,82059.0,1824.0
35.0,140000,1,Condo,Fully Furnished,Phuket,,7.8885865,,0,1,4900000,"Talat Yai, Muang Phuket, Phuket",98.3937532,,Talat Yai,144118.0,4118.0
40.0,112300,1,Condo,Unfurnished,Phuket,,7.961174614761,,0,1,4492000,"Kammala, Kathu, Phuket",98.2842207961,,Kammala,132118.0,3303.0
28.0,145642,1,Condo,Fully Furnished,Phuket,2021.0,7.9642,,0,1,4078000,"Kammala, Kathu, Phuket",98.285203,Freehold,Kammala,119941.0,4284.0
119.0,91596,2,Apartment,,Phuket,,8.0073636,119.0,0,2,10900000,"Choeng Thale, Thalang, Phuket",98.2979592,,Choeng Thale,320588.0,2694.0
45.0,64444,1,Condo,,Phuket,2021.0,7.879898,,0,1,2900000,"Soi Verakij, Patong, Kathu, Phuket",98.297687,Freehold,Patong,85294.0,1895.0
35.0,85428,1,Condo,,Phuket,,7.924907,,0,1,2990000,"Kammala, Kathu, Phuket",98.268979,,Kammala,87941.0,2513.0
45.0,77777,1,Condo,,Phuket,2022.0,7.89166,,0,1,3500000,"Hasip Pee Road, Patong, Kathu, Phuket",98.308399,Leasehold,Patong,102941.0,2288.0
35.0,105714,1,Condo,,Phuket,,7.924907,,0,1,3700000,"Kammala, Kathu, Phuket",98.268979,,Kammala,108824.0,3109.0
73.1,39534,1,Condo,Fully Furnished,Phuket,,7.8976875,,0,1,2890000,"94/55 วิชิตสงคราม, Kathu, Kathu, Phuket",98.3474375,Freehold,Kathu,85000.0,1163.0
73.71,40564,1,Condo,Fully Furnished,Phuket,,7.8976875,,0,1,2990000,"94/55 วิชิตสงคราม, Kathu, Kathu, Phuket",98.3474375,Freehold,Kathu,87941.0,1193.0
33.67,134466,4,Apartment,Fully Furnished,Phuket,,7.9884375,,0,4,4527500,"Choeng Thale, Thalang, Phuket",98.2945625,,Choeng Thale,133162.0,3955.0
34.0,93823,1,Condo,Fully Furnished,Phuket,2012.0,7.893467,,0,1,3190000,"ป่าตอง Haad Patong, Kammala, Kathu, Phuket",98.300599,Freehold,Kammala,93824.0,2760.0
,13139,,Detached House,,Phuket,,7.83871,351.6,0,,4620000,"27/9 ซอยเจ้าฟ้า 36 เจ้าฟ้าตะวันตก (ทล.4022) ฉลอง, Chalong, Muang Phuket, Phuket",98.3369,,Chalong,135882.0,386.0
625.0,15625,4,Detached House,Fully Furnished,Phuket,,8.0099375,1599.9999999999998,0,5,25000000,"Pa Khlok, Thalang, Phuket",98.3922344,,Pa Khlok,735294.0,460.0
38.0,92105,1,Apartment,Fully Furnished,Phuket,,7.9062503,,0,,3500000,"Patong, Kathu, Phuket",98.3036522,,Patong,102941.0,2709.0
1722.9999999999998,65146,12,Detached House,Fully Furnished,Phuket,,7.976437,2456.0,0,5,160000000,"Choeng Thale, Thalang, Phuket",98.284909,,Choeng Thale,4705882.0,1916.0
261.0,130434,4,Detached House,,Phuket,,7.82039,207.0,0,4,27000000,"Karon, Muang Phuket, Phuket",98.310602,,Karon,794118.0,3836.0
781.9999999999999,62898,8,Detached House,Fully Furnished,Phuket,2012.0,7.964698,1256.0,0,7,79000000,"22/1 Thepkrasatti, Ko Kaeo, Muang Phuket, Phuket",98.385007,Freehold,Ko Kaeo,2323529.0,1850.0
284.0,46822,2,Detached House,Partially Furnished,Phuket,2012.0,7.964698,299.0,0,3,14000000,"22/1 Thepkrasatti, Ko Kaeo, Muang Phuket, Phuket",98.385007,Freehold,Ko Kaeo,411765.0,1377.0
130.0,12500,6,Detached House,Fully Furnished,Phuket,,8.082285,1200.0,0,6,15000000,"Sa Khu, Thalang, Phuket",98.3013802,,Sa Khu,441176.0,368.0
325.0,162337,3,Detached House,Fully Furnished,Phuket,,7.885728,154.0,0,3,24999999,"Patong, Kathu, Phuket",98.283006,,Patong,735294.0,4775.0
300.0,19875,3,Detached House,Fully Furnished,Phuket,,7.7994072,799.9999999999999,0,3,15900000,"Rawai, Muang Phuket, Phuket",98.3190001,,Rawai,467647.0,585.0
46.0,101086,1,Condo,Fully Furnished,Phuket,2012.0,7.861106,,0,1,4650000,"เจ้าฟ้านอก Chao fah nok, Wichit, Muang Phuket, Phuket",98.35309,Freehold,Wichit,136765.0,2973.0
360.0,33018,4,Detached House,Fully Furnished,Phuket,,7.9048564,212.00000000000003,0,6,7000000,"Ratsada, Muang Phuket, Phuket",98.405656,,Ratsada,205882.0,971.0
30.0,87500,1,Condo,Fully Furnished,Phuket,2012.0,8.0463515,,0,1,2625000,"Thep Kasattri Thep Kasattri, Karon, Muang Phuket, Phuket",98.3363856,Freehold,Karon,77206.0,2574.0
192.00000000000003,62500,4,Townhouse,Fully Furnished,Phuket,2014.0,8.0902854,140.0,0,3,12000000,"ถนน เทพกระษัตรี, Kammala, Kathu, Phuket",98.3401364,,Kammala,352941.0,1838.0
600.0,27777,7,Detached House,Fully Furnished,Phuket,,7.7958636,900.0,0,8,25000000,"Rawai, Muang Phuket, Phuket",98.3309397,,Rawai,735294.0,817.0
30.0,66633,1,Condo,Fully Furnished,Phuket,2012.0,7.906472,,0,,1999000,"นาใน Bypass, Kammala, Kathu, Phuket",98.350007,Freehold,Kammala,58794.0,1960.0
1100.0,71362,4,Detached House,Fully Furnished,Phuket,,7.9870177,3223.0,0,3,230000000,"Pa Khlok, Thalang, Phuket",98.4244804,,Pa Khlok,6764706.0,2099.0
432.0,62762,5,Detached House,Unfurnished,Phuket,,8.0022829,333.0,0,5,20900000,"Choeng Thale, Thalang, Phuket",98.3141961,,Choeng Thale,614706.0,1846.0
136.0,50000,3,Townhouse,Unfurnished,Phuket,,7.9138774099775,48.00000000000001,0,3,6800000,"Ratsada, Muang Phuket, Phuket",98.368122305013,,Ratsada,200000.0,1471.0
57.99999999999999,67241,2,Condo,Fully Furnished,Phuket,2012.0,7.877555,,0,2,3900000,"นาใน Haad Patong, Kammala, Kathu, Phuket",98.290139,Freehold,Kammala,114706.0,1978.0
38.0,76500,1,Condo,Fully Furnished,Phuket,2012.0,7.8807914,,0,1,2907000,"Wirat Hong Yok  Wirat Hong Yok, Kammala, Kathu, Phuket",98.3715249,Freehold,Kammala,85500.0,2250.0
170.0,39409,3,Detached House,Fully Furnished,Phuket,,7.8594245,264.0,0,3,10404000,"Chalong, Muang Phuket, Phuket",98.3440686,,Chalong,306000.0,1159.0
29.0,79310,1,Condo,Fully Furnished,Phuket,2014.0,7.907531,,0,,2300000,"- Vichitsongkram Road, Kathu, Kathu, Phuket",98.35512,Freehold,Kathu,67647.0,2333.0
96.0,125000,2,Condo,Fully Furnished,Phuket,2015.0,8.154175769124732,,0,2,12000000,"8 Moo 3, Mai Khao, Thalang, Phuket",98.2978065925904,Freehold,Mai Khao,352941.0,3676.0
48.00000000000001,100000,1,Condo,Fully Furnished,Phuket,2012.0,7.9027973,,0,1,4800000,"พระบารมี พระบารมี, Patong, Kathu, Phuket",98.3080182,,Patong,141176.0,2941.0
700.0,32812,7,Detached House,,Phuket,,7.8472553,1599.9999999999998,0,5,52500000,"Chalong, Muang Phuket, Phuket",98.3311968,,Chalong,1544118.0,965.0
42.0,64047,1,Condo,Fully Furnished,Phuket,2012.0,7.906472,,0,1,2690000,"นาใน Bypass, Kammala, Kathu, Phuket",98.350007,Freehold,Kammala,79118.0,1884.0
34.0,147058,1,Condo,Fully Furnished,Phuket,2019.0,7.947589,,0,,5000000,"63/1 Sirinart Road, Patong, Kathu, Phuket",98.271956,Freehold,Patong,147059.0,4325.0
39.0,57884,1,Condo,Fully Furnished,Phuket,2012.0,7.889054,,0,1,2257500,"ศักดิเดช Sakdaj, Wichit, Muang Phuket, Phuket",98.38997,Freehold,Wichit,66397.0,1702.0
529.0,72832,6,Detached House,,Phuket,,7.9432218,519.0,0,6,37800000,"Kammala, Kathu, Phuket",98.292882,,Kammala,1111765.0,2142.0
181.0,29006,4,Detached House,Unfurnished,Phuket,,7.9973598,465.0,0,3,13488000,"Sri Sunthon, Thalang, Phuket",98.3266902,,Sri Sunthon,396706.0,853.0
,25894,,Detached House,,Phuket,,7.903555,212.4,0,,5500000,"123/231 ซอยบางทอง, Kathu, Kathu, Phuket",98.334524,,Kathu,161765.0,762.0
,12307,,Detached House,,Phuket,,7.981982,337.2,0,,4150000,"1/66 ซอย 1, Sri Sunthon, Thalang, Phuket",98.371427,,Sri Sunthon,122059.0,362.0
,21356,,Detached House,,Phuket,,7.922753,334.8,0,,7150000,"6/183, Kathu, Kathu, Phuket",98.33156,,Kathu,210294.0,628.0
,21595,,Detached House,,Phuket,,7.83684,393.6,0,,8500000,"65/4, Chalong, Muang Phuket, Phuket",98.339341,,Chalong,250000.0,635.0
,24921,,Detached House,,Phuket,,7.836549,381.2,0,,9500000,"65/2, Chalong, Muang Phuket, Phuket",98.339186,,Chalong,279412.0,733.0
,16318,,Detached House,,Phuket,,7.982186,182.0,0,,2970000,"1/48 ซอย 3, Sri Sunthon, Thalang, Phuket",98.370815,,Sri Sunthon,87353.0,480.0
88.78,100135,2,Condo,,Phuket,2015.0,8.154175769124732,,0,2,8890000,"8 Moo 3, Mai Khao, Thalang, Phuket",98.2978065925904,Freehold,Mai Khao,261471.0,2945.0
150.0,102941,3,Detached House,,Phuket,,7.8690978155446,170.0,0,2,17500000,"Karon, Muang Phuket, Phuket",98.299616834742,,Karon,514706.0,3028.0
164.0,35043,2,Detached House,,Phuket,,8.0087526715646,278.8,0,2,9770000,"Sri Sunthon, Thalang, Phuket",98.317595199959,,Sri Sunthon,287353.0,1031.0
411.0,45365,4,Detached House,,Phuket,,8.0008323741638,646.0,0,3,29305900,"phuket, Choeng Thale, Thalang, Phuket",98.296037136841,,Choeng Thale,861938.0,1334.0
750.0,28333,5,Detached House,,Phuket,,8.0017611607453,3000.0,0,5,85000000,"phuket, Choeng Thale, Thalang, Phuket",98.295079316959,,Choeng Thale,2500000.0,833.0
300.0,33506,3,Detached House,,Phuket,,8.0025633871756,385.0,0,3,12900000,"Thalang, cherngtalay, Choeng Thale, Thalang, Phuket",98.312515392827,,Choeng Thale,379412.0,985.0
274.0,14666,5,Detached House,,Phuket,,7.9465692944126,3000.0,0,5,43999990,"Kamal beach, Kammala, Kathu, Phuket",98.28468440383,,Kammala,1294117.0,431.0
672.0,52083,6,Detached House,,Phuket,,7.989792579283,1344.0,0,6,70000000,"Cape yamu , Phuket, Pa Khlok, Thalang, Phuket",98.420398235321,,Pa Khlok,2058824.0,1532.0
81.0,154320,2,Condo,,Phuket,2014.0,7.901286,,0,2,12500000,"ถนน มนตรี, Talat Yai, Muang Phuket, Phuket",98.378577,,Talat Yai,367647.0,4539.0
140.0,128571,2,Condo,,Phuket,2014.0,7.901286,,0,2,18000000,"ถนน มนตรี, Talat Yai, Muang Phuket, Phuket",98.378577,,Talat Yai,529412.0,3782.0
323.0,32019,3,Detached House,,Phuket,,7.7785093,608.0,0,3,19468000,"Rawai, Muang Phuket, Phuket",98.3031575,,Rawai,572588.0,942.0
250.0,70000,4,Detached House,,Phuket,,7.9497593,270.0,0,3,18900000,"Kammala, Kathu, Phuket",98.2846511,,Kammala,555882.0,2059.0
356.0,54074,3,Detached House,,Phuket,,7.9892942,270.0,0,3,14600000,"Choeng Thale, Thalang, Phuket",98.3184654,,Choeng Thale,429412.0,1590.0
170.0,27906,2,Detached House,,Phuket,,7.9240625,172.0,0,3,4800000,"-, Ko Kaeo, Muang Phuket, Phuket",98.4549375,,Ko Kaeo,141176.0,821.0
141.0,20212,3,Townhouse,,Phuket,,7.9542624,92.0,0,3,2850000,"-, Ko Kaeo, Muang Phuket, Phuket",98.3888633,,Ko Kaeo,83824.0,594.0
280.0,26785,2,Detached House,Fully Furnished,Phuket,,7.8402922,280.0,0,2,7500000,"Chalong, Muang Phuket, Phuket",98.3449368,,Chalong,220588.0,788.0
300.0,21250,3,Detached House,Fully Furnished,Phuket,,7.8438991,400.0,0,3,8500000,"Karon, Muang Phuket, Phuket",98.2936186,Freehold,Karon,250000.0,625.0
280.0,25625,3,Detached House,Fully Furnished,Phuket,,8.0036320040553,320.0,0,3,8200000,"Choeng Thale, Thalang, Phuket",98.299507019019,,Choeng Thale,241176.0,754.0
435.00000000000006,32710,4,Detached House,Fully Furnished,Phuket,,8.0118764,856.0,0,3,28000000,"Choeng Thale, Thalang, Phuket",98.3033694,,Choeng Thale,823529.0,962.0
238.0,29678,3,Detached House,Fully Furnished,Phuket,,7.8207491796392,404.00000000000006,0,3,11990000,"Rawai, Muang Phuket, Phuket",98.338105740723,,Rawai,352647.0,873.0
1500.0,30531,6,Detached House,Partially Furnished,Phuket,,7.8483125,2784.0,0,10,85000000,"Karon, Muang Phuket, Phuket",98.2953125,,Karon,2500000.0,898.0
,85327,,Detached House,,Phuket,,7.866359,44.3,0,,3780000,"23/450 เทพอนุสรณ์, Wichit, Muang Phuket, Phuket",98.359481,,Wichit,111176.0,2510.0
,65159,,Detached House,,Phuket,,7.9905,37.6,0,,2450000,"55/108 บ้านหัวหาร-บ้านบางโจ (ภก.3032), Sri Sunthon, Thalang, Phuket",98.34418,,Sri Sunthon,72059.0,1916.0
100.0,29900,2,Townhouse,Fully Furnished,Phuket,,8.0248649604399,84.0,0,3,2990000,"Thep Krasattri, Thalang, Phuket",98.342601071753,,Thep Krasattri,87941.0,879.0
90.0,22111,2,Townhouse,Fully Furnished,Phuket,,8.0215090771069,72.0,0,3,1990000,"Sri Sunthon, Thalang, Phuket",98.337410786572,,Sri Sunthon,58529.0,650.0
100.0,16544,1,Detached House,Fully Furnished,Phuket,,7.9784576678867,136.0,0,2,2250000,"Thep Krasattri, Thalang, Phuket",98.366805325903,,Thep Krasattri,66176.0,487.0
32.0,46562,1,Condo,Fully Furnished,Phuket,2012.0,7.869271,,0,1,1490000,"วิชิต วิชิต, Talat Nua, Muang Phuket, Phuket",98.380294,,Talat Nua,43824.0,1369.0
100.0,21666,2,Detached House,Fully Furnished,Phuket,,7.870370055603,180.0,0,3,3900000,"Wichit, Muang Phuket, Phuket",98.36763175227,,Wichit,114706.0,637.0
30.0,70000,1,Condo,Fully Furnished,Phuket,2014.0,7.890089157005017,,0,1,2100000,"- Thep Krasattri Road, Wichit, Muang Phuket, Phuket",98.36363964914324,Freehold,Wichit,61765.0,2059.0
60.0,56500,2,Condo,Fully Furnished,Phuket,2012.0,7.909649,,0,2,3390000,"Rama 2 Rama 2, Kathu, Kathu, Phuket",98.34737,Freehold,Kathu,99706.0,1662.0
160.0,44958,3,Detached House,Fully Furnished,Phuket,,7.8650986457837,240.0,0,4,10790000,"Wichit, Muang Phuket, Phuket",98.365743477124,,Wichit,317353.0,1322.0
120.0,26351,2,Detached House,Fully Furnished,Phuket,,7.9647178691782,148.0,0,3,3900000,"Ko Kaeo, Muang Phuket, Phuket",98.36972305647,,Ko Kaeo,114706.0,775.0
140.0,23333,3,Detached House,Fully Furnished,Phuket,,7.9542624,240.0,0,3,5600000,"Ko Kaeo, Muang Phuket, Phuket",98.3888633,,Ko Kaeo,164706.0,686.0
120.0,33928,2,Detached House,Fully Furnished,Phuket,,7.9542624,84.0,0,3,2850000,"Ko Kaeo, Muang Phuket, Phuket",98.3888633,,Ko Kaeo,83824.0,998.0
160.0,28017,3,Detached House,Partially Furnished,Phuket,,7.9634428262463,232.0,0,4,6500000,"Ko Kaeo, Muang Phuket, Phuket",98.376332019482,,Ko Kaeo,191176.0,824.0
120.0,33263,2,Detached House,Fully Furnished,Phuket,,7.9526473037452,144.0,0,3,4790000,"Ko Kaeo, Muang Phuket, Phuket",98.391781543408,,Ko Kaeo,140882.0,978.0
120.0,23750,2,Detached House,Fully Furnished,Phuket,,7.965567895594,160.0,0,3,3800000,"Ko Kaeo, Muang Phuket, Phuket",98.370152209912,,Ko Kaeo,111765.0,699.0
150.0,28750,2,Detached House,Fully Furnished,Phuket,,7.9580025984802,240.0,0,4,6900000,"Ko Kaeo, Muang Phuket, Phuket",98.382425998364,,Ko Kaeo,202941.0,846.0
1200.0,29878,3,Detached House,Fully Furnished,Phuket,,7.9632728202221,164.0,0,3,4900000,"Ko Kaeo, Muang Phuket, Phuket",98.376246188794,,Ko Kaeo,144118.0,879.0
150.0,26666,3,Detached House,Fully Furnished,Phuket,,7.9575775776442,240.0,0,3,6400000,"Ko Kaeo, Muang Phuket, Phuket",98.383284305249,,Ko Kaeo,188235.0,784.0
150.0,35416,2,Detached House,Fully Furnished,Phuket,,7.7900855519795,240.0,0,2,8500000,"Rawai, Muang Phuket, Phuket",98.330409999536,,Rawai,250000.0,1042.0
350.0,58641,7,Detached House,Fully Furnished,Phuket,,7.9076318,648.0,0,5,38000000,"89 วัดฉลอง, Chalong, Muang Phuket, Phuket",98.385532,Freehold,Chalong,1117647.0,1725.0
120.0,283333,9,Apartment,Fully Furnished,Phuket,,7.9076318,240.0,0,10,34000000,"ราชปาทานุสรณ์, Patong, Kathu, Phuket",98.385532,Freehold,Patong,1000000.0,8333.0
86.0,104651,2,Condo,Fully Furnished,Phuket,2012.0,7.981491,,0,2,9000000,"128/3 Srisoonthorn, Choeng Thale, Thalang, Phuket",98.280468,Freehold,Choeng Thale,264706.0,3078.0
36.0,61111,1,Apartment,Fully Furnished,Phuket,,7.7979375,,0,1,2200000,"Rawai, Muang Phuket, Phuket",98.3265625,,Rawai,64706.0,1797.0
1719.1600000000003,66964,7,Detached House,Fully Furnished,Phuket,,7.943983,2464.0,0,5,165000000,"ลายิ-นาคาเร, Kammala, Kathu, Phuket",98.2883725,Freehold,Kammala,4852941.0,1970.0
61.00000000000001,58852,2,Condo,Fully Furnished,Phuket,2013.0,7.90662,,0,2,3590000,"ถนน รัษฎานุสรณ์, Ratsada, Muang Phuket, Phuket",98.40374,,Ratsada,105588.0,1731.0
28.0,103571,1,Condo,Fully Furnished,Phuket,,7.88884,,0,1,2900000,"Wichit, Muang Phuket, Phuket",98.36412,,Wichit,85294.0,3046.0
60.0,46666,2,Condo,Fully Furnished,Phuket,2013.0,7.90662,,0,2,2800000,"ถนน รัษฎานุสรณ์, Ratsada, Muang Phuket, Phuket",98.40374,,Ratsada,82353.0,1373.0
34.0,72058,1,Condo,Fully Furnished,Phuket,2014.0,7.909715,,0,1,2450000,"155 Chalerm Phrakiat Rama 9 Road, Ratsada, Muang Phuket, Phuket",98.3689,Freehold,Ratsada,72059.0,2119.0
125.0,144000,3,Condo,Fully Furnished,Phuket,,7.92467,,0,,18000000,"Kathu, Kathu, Phuket",98.3337,,Kathu,529412.0,4235.0
100.0,190000,3,Condo,Fully Furnished,Phuket,,7.92467,,0,,19000000,"Kathu Na Koh, Kathu, Kathu, Phuket",98.3337,,Kathu,558824.0,5588.0
400.0,42000,4,Condo,Unfurnished,Phuket,,7.92884,,0,,16800000,"Kathu, Kathu, Phuket",98.33,,Kathu,494118.0,1235.0
27.0,122222,1,Condo,Fully Furnished,Phuket,,7.88884,,0,1,3300000,"Wichit, Muang Phuket, Phuket",98.36412,,Wichit,97059.0,3595.0
28.0,99642,1,Condo,Fully Furnished,Phuket,,7.88884,,0,1,2790000,"Wichit, Muang Phuket, Phuket",98.36412,,Wichit,82059.0,2931.0
61.00000000000001,57377,2,Condo,Fully Furnished,Phuket,2014.0,7.9118,,0,2,3500000,"Wichit Songkhram  Wichit Songkhram, Kathu, Kathu, Phuket",98.349717,Freehold,Kathu,102941.0,1688.0
32.0,132812,1,Condo,Fully Furnished,Phuket,2015.0,7.902868011173183,,0,,4250000,"81 Rattahut Road, Patong, Kathu, Phuket",98.30264167638065,Freehold,Patong,125000.0,3906.0
61.00000000000001,49016,2,Condo,Fully Furnished,Phuket,2013.0,7.90662,,0,2,2990000,"ถนน รัษฎานุสรณ์, Ratsada, Muang Phuket, Phuket",98.40374,,Ratsada,87941.0,1442.0
34.0,88235,1,Condo,Fully Furnished,Phuket,2013.0,7.90159,,0,1,3000000,"Soi Hongyok Utis Yaowarat Road, Talat Yai, Muang Phuket, Phuket",98.378572,Freehold,Talat Yai,88235.0,2595.0
30.0,123333,1,Condo,Fully Furnished,Phuket,2015.0,7.902868011173183,,0,,3700000,"81 Rattahut Road, Patong, Kathu, Phuket",98.30264167638065,Freehold,Patong,108824.0,3627.0
31.0,128709,1,Condo,Fully Furnished,Phuket,2015.0,7.902868011173183,,0,,3990000,"81 Rattahut Road, Patong, Kathu, Phuket",98.30264167638065,Freehold,Patong,117353.0,3786.0
30.0,113333,1,Condo,Fully Furnished,Phuket,2015.0,7.902868011173183,,0,,3400000,"81 Rattahut Road, Patong, Kathu, Phuket",98.30264167638065,Freehold,Patong,100000.0,3333.0
30.0,123333,1,Condo,Fully Furnished,Phuket,2015.0,7.902868011173183,,0,,3700000,"81 Rattahut Road, Patong, Kathu, Phuket",98.30264167638065,Freehold,Patong,108824.0,3627.0
30.0,123333,1,Condo,Fully Furnished,Phuket,2015.0,7.902868011173183,,0,,3700000,"81 Rattahut Road, Patong, Kathu, Phuket",98.30264167638065,Freehold,Patong,108824.0,3627.0
139.0,143884,3,Condo,Fully Furnished,Phuket,2015.0,8.154175769124732,,0,3,20000000,"8 Moo 3, Mai Khao, Thalang, Phuket",98.2978065925904,Freehold,Mai Khao,588235.0,4232.0
60.0,59833,2,Condo,Fully Furnished,Phuket,2014.0,7.907531,,0,2,3590000,"- Vichitsongkram Road, Kathu, Kathu, Phuket",98.35512,Freehold,Kathu,105588.0,1760.0
34.0,82352,1,Condo,Fully Furnished,Phuket,2014.0,7.889122,,0,1,2800000,"Wichit Songkhram  Wichit Songkhram, Wichit, Muang Phuket, Phuket",98.365071,Freehold,Wichit,82353.0,2422.0
34.0,66176,1,Condo,Fully Furnished,Phuket,2014.0,7.889122,,0,1,2250000,"Wichit Songkhram  Wichit Songkhram, Wichit, Muang Phuket, Phuket",98.365071,Freehold,Wichit,66176.0,1946.0
280.0,28750,2,Detached House,Fully Furnished,Phuket,,7.9076318,240.0,0,3,6900000,"Choeng Thale, Thalang, Phuket",98.385532,,Choeng Thale,202941.0,846.0
150.0,32500,2,Detached House,Fully Furnished,Phuket,,7.9076318,200.0,0,3,6500000,"Choeng Thale, Thalang, Phuket",98.385532,,Choeng Thale,191176.0,956.0
33.0,136363,1,Condo,Fully Furnished,Phuket,2014.0,7.9926086802389,,0,1,4500000,"26/3 หมู่ 4 ถนน ศรีสุนทร, Thalang, Phuket",98.296857276172,,26/3 หมู่ 4 ถนน ศรีสุนทร,132353.0,4011.0
79.67,175724,2,Condo,Fully Furnished,Phuket,2015.0,8.154175769124732,,0,2,14000000,"8 Moo 3, Mai Khao, Thalang, Phuket",98.2978065925904,Freehold,Mai Khao,411765.0,5168.0
1000.0,97826,5,Detached House,Fully Furnished,Phuket,,7.8201625,920.0,0,6,90000000,"Wichit, Muang Phuket, Phuket",98.3837969,,Wichit,2647059.0,2877.0
1800.0,55309,9,Detached House,Fully Furnished,Phuket,,7.8970625,1627.2,0,8,90000000,"Ratsada, Muang Phuket, Phuket",98.4345625,,Ratsada,2647059.0,1627.0
27.11,125414,1,Condo,Fully Furnished,Phuket,2014.0,7.992271,,0,,3400000,"Thep Kasattri Thep Kasattri, Choeng Thale, Thalang, Phuket",98.30626,Freehold,Choeng Thale,100000.0,3689.0
32.0,98875,1,Condo,Fully Furnished,Phuket,2013.0,7.90159,,0,1,3164000,"Soi Hongyok Utis Yaowarat Road, Talat Yai, Muang Phuket, Phuket",98.378572,Freehold,Talat Yai,93059.0,2908.0
260.0,34088,3,Detached House,,Phuket,,7.834891,322.4,0,4,10990000,"phuket ferry, Chalong, Muang Phuket, Phuket",98.340624,Freehold,Chalong,323235.0,1003.0
850.0,27358,3,Detached House,Fully Furnished,Phuket,,7.9458625,1144.0,0,3,31298570,"Ko Kaeo, Muang Phuket, Phuket",98.3893281,,Ko Kaeo,920546.0,805.0
1380.0,54347,5,Detached House,Fully Furnished,Phuket,,8.0535625,460.0,0,4,25000000,"Pa Khlok, Thalang, Phuket",98.4293125,,Pa Khlok,735294.0,1598.0
904.0,75966,5,Detached House,Fully Furnished,Phuket,,7.9686875,724.0,0,4,55000000,"Kammala, Kathu, Phuket",98.2795625,,Kammala,1617647.0,2234.0
140.0,132142,1,Condo,Fully Furnished,Phuket,,7.9625625,,0,1,18500000,"Kammala, Kathu, Phuket",98.2838125,,Kammala,544118.0,3887.0
577.0,13916,5,Detached House,Fully Furnished,Phuket,,7.9542624,2012.0,0,4,28000000,"Ko Kaeo, Muang Phuket, Phuket",98.3888633,,Ko Kaeo,823529.0,409.0
34.0,82058,1,Condo,Fully Furnished,Phuket,2014.0,7.889122,,0,1,2790000,"Wichit Songkhram  Wichit Songkhram, Wichit, Muang Phuket, Phuket",98.365071,Freehold,Wichit,82059.0,2413.0
30.0,46666,1,Condo,Fully Furnished,Phuket,2013.0,7.905038,,0,1,1400000,". ถนนวิชิตสงคราม ตำบลกะทู้ อำเภอกะทู้ ภูเก็ต, Kammala, Kathu, Phuket",98.334944,Freehold,Kammala,41176.0,1373.0
34.0,67352,1,Condo,Fully Furnished,Phuket,2014.0,7.890089157005017,,0,1,2290000,"- Thep Krasattri Road, Wichit, Muang Phuket, Phuket",98.36363964914324,Freehold,Wichit,67353.0,1981.0
34.0,82058,1,Condo,Fully Furnished,Phuket,2013.0,7.90159,,0,1,2790000,"Soi Hongyok Utis Yaowarat Road, Talat Yai, Muang Phuket, Phuket",98.378572,Freehold,Talat Yai,82059.0,2413.0
34.0,58823,1,Condo,Fully Furnished,Phuket,2013.0,7.90159,,0,1,2000000,"Soi Hongyok Utis Yaowarat Road, Talat Yai, Muang Phuket, Phuket",98.378572,Freehold,Talat Yai,58824.0,1730.0
35.0,65428,1,Condo,Fully Furnished,Phuket,2013.0,7.90159,,0,1,2290000,"Soi Hongyok Utis Yaowarat Road, Talat Yai, Muang Phuket, Phuket",98.378572,Freehold,Talat Yai,67353.0,1924.0
65.0,146153,1,Condo,Fully Furnished,Phuket,2015.0,7.902868011173183,,0,2,9500000,"81 Rattahut Road, Patong, Kathu, Phuket",98.30264167638065,Freehold,Patong,279412.0,4299.0
30.0,46333,1,Condo,Fully Furnished,Phuket,2012.0,7.911042,,0,1,1390000,"Phra Phuket Kaew Rd., Kathu, Kathu, Phuket",98.33632,Freehold,Kathu,40882.0,1363.0
31.0,122258,1,Condo,,Phuket,2015.0,7.902868011173183,,0,1,3790000,"81 Rattahut Road, Patong, Kathu, Phuket",98.30264167638065,Freehold,Patong,111471.0,3596.0
30.0,48333,1,Condo,,Phuket,2012.0,7.909649,,0,1,1450000,"Rama 2 Rama 2, Kathu, Kathu, Phuket",98.34737,Freehold,Kathu,42647.0,1422.0
33.0,50000,1,Condo,,Phuket,2013.0,7.894255,,0,1,1650000,"Nakorn Nakorn, Talat Yai, Muang Phuket, Phuket",98.388157,Freehold,Talat Yai,48529.0,1471.0
65.0,130769,2,Condo,Fully Furnished,Phuket,2015.0,7.902868011173183,,0,2,8500000,"81 Rattahut Road, Patong, Kathu, Phuket",98.30264167638065,Freehold,Patong,250000.0,3846.0
44.0,125000,1,Condo,Fully Furnished,Phuket,2015.0,7.902868011173183,,0,1,5500000,"81 Rattahut Road, Patong, Kathu, Phuket",98.30264167638065,Freehold,Patong,161765.0,3676.0
34.0,94117,1,Condo,Fully Furnished,Phuket,2013.0,7.90159,,0,1,3200000,"Soi Hongyok Utis Yaowarat Road, Talat Yai, Muang Phuket, Phuket",98.378572,Freehold,Talat Yai,94118.0,2768.0
61.00000000000001,93442,2,Condo,Fully Furnished,Phuket,2014.0,7.889122,,0,2,5700000,"Wichit Songkhram  Wichit Songkhram, Wichit, Muang Phuket, Phuket",98.365071,Freehold,Wichit,167647.0,2748.0
61.00000000000001,93442,2,Condo,Fully Furnished,Phuket,2014.0,7.889122,,0,2,5700000,"Wichit Songkhram  Wichit Songkhram, Wichit, Muang Phuket, Phuket",98.365071,Freehold,Wichit,167647.0,2748.0
30.0,49666,1,Condo,Fully Furnished,Phuket,2012.0,7.909649,,0,1,1490000,"Rama 2 Rama 2, Kathu, Kathu, Phuket",98.34737,Freehold,Kathu,43824.0,1461.0
35.0,82857,1,Condo,Fully Furnished,Phuket,2014.0,7.889122,,0,1,2900000,"Wichit Songkhram  Wichit Songkhram, Wichit, Muang Phuket, Phuket",98.365071,Freehold,Wichit,85294.0,2437.0
35.0,79714,1,Condo,Fully Furnished,Phuket,2014.0,7.889122,,0,1,2790000,"Wichit Songkhram  Wichit Songkhram, Wichit, Muang Phuket, Phuket",98.365071,Freehold,Wichit,82059.0,2345.0
35.0,84285,1,Condo,Fully Furnished,Phuket,2014.0,7.889122,,0,1,2950000,"Wichit Songkhram  Wichit Songkhram, Wichit, Muang Phuket, Phuket",98.365071,Freehold,Wichit,86765.0,2479.0
108.0,27685,2,Condo,Fully Furnished,Phuket,2012.0,7.820988,,0,2,2990000,"89/9 Sakdaj, Wichit, Muang Phuket, Phuket",98.400412,Freehold,Wichit,87941.0,814.0
35.0,65428,1,Condo,Fully Furnished,Phuket,2013.0,7.90159,,0,1,2290000,"Soi Hongyok Utis Yaowarat Road, Talat Yai, Muang Phuket, Phuket",98.378572,Freehold,Talat Yai,67353.0,1924.0
57.99999999999999,94827,1,Condo,Fully Furnished,Phuket,2014.0,7.889122,,0,2,5500000,"Wichit Songkhram  Wichit Songkhram, Wichit, Muang Phuket, Phuket",98.365071,Freehold,Wichit,161765.0,2789.0
35.0,79714,1,Condo,Fully Furnished,Phuket,2014.0,7.889122,,0,1,2790000,"Wichit Songkhram  Wichit Songkhram, Wichit, Muang Phuket, Phuket",98.365071,Freehold,Wichit,82059.0,2345.0
57.99999999999999,94827,2,Condo,Fully Furnished,Phuket,2014.0,7.889122,,0,2,5500000,"Wichit Songkhram  Wichit Songkhram, Wichit, Muang Phuket, Phuket",98.365071,Freehold,Wichit,161765.0,2789.0
30.0,46333,1,Condo,Fully Furnished,Phuket,2013.0,7.905038,,0,,1390000,". ถนนวิชิตสงคราม ตำบลกะทู้ อำเภอกะทู้ ภูเก็ต, Kammala, Kathu, Phuket",98.334944,Freehold,Kammala,40882.0,1363.0
30.0,48333,1,Condo,Fully Furnished,Phuket,2012.0,7.911042,,0,1,1450000,"Phra Phuket Kaew Rd., Kathu, Kathu, Phuket",98.33632,Freehold,Kathu,42647.0,1422.0
30.0,48333,1,Condo,Fully Furnished,Phuket,2013.0,7.905038,,0,,1450000,". ถนนวิชิตสงคราม ตำบลกะทู้ อำเภอกะทู้ ภูเก็ต, Kammala, Kathu, Phuket",98.334944,Freehold,Kammala,42647.0,1422.0
43.5,43678,1,Condo,Fully Furnished,Phuket,2013.0,7.89095,,0,1,1900000,"ถนน เทพกระษัตรี, Talat Yai, Muang Phuket, Phuket",98.390763,,Talat Yai,55882.0,1285.0
30.0,49666,1,Condo,Fully Furnished,Phuket,2013.0,7.89095,,0,1,1490000,"ถนน เทพกระษัตรี, Talat Yai, Muang Phuket, Phuket",98.390763,,Talat Yai,43824.0,1461.0
621.0,52608,6,Detached House,,Phuket,,8.023532,850.0,0,4,44717000,"Choeng Thale, Thalang, Phuket",98.305872,,Choeng Thale,1315206.0,1547.0
330.0,39706,4,Detached House,,Phuket,,7.997509,552.0,0,3,21918000,"Sri Sunthon, Thalang, Phuket",98.326869,,Sri Sunthon,644647.0,1168.0
150.0,99333,4,Detached House,Fully Furnished,Phuket,,7.773028,150.0,0,4,14900000,"Rawai, Muang Phuket, Phuket",98.321222,,Rawai,438235.0,2922.0
66.0,152727,2,Condo,Fully Furnished,Phuket,,7.836939,,0,2,10080000,"Karon, Muang Phuket, Phuket",98.300428,,Karon,296471.0,4492.0
75.0,116000,2,Condo,,Phuket,,7.999083,,0,2,8700000,"Choeng Thale, Thalang, Phuket",98.297274,,Choeng Thale,255882.0,3412.0
34.0,94500,1,Condo,,Phuket,,7.903174,,0,1,3213000,"Patong, Kathu, Phuket",98.304248,,Patong,94500.0,2779.0
137.0,47445,2,Detached House,Fully Furnished,Phuket,,8.007642,137.0,0,2,6500000,"Sri Sunthon, Thalang, Phuket",98.320684,,Sri Sunthon,191176.0,1395.0
370.0,39337,4,Detached House,,Phuket,,7.991428,521.64,0,3,20519840,"Choeng Thale, Thalang, Phuket",98.299236,,Choeng Thale,603525.0,1157.0
179.0,48611,2,Detached House,,Phuket,,8.008013,216.0,0,3,10500000,"Sri Sunthon, Thalang, Phuket",98.319632,,Sri Sunthon,308824.0,1430.0
45.0,115000,1,Condo,Unfurnished,Phuket,,7.884144,,0,2,5175000,"Patong, Kathu, Phuket",98.271701,,Patong,152206.0,3382.0
45.0,102300,1,Condo,,Phuket,2021.0,7.879898,,0,1,4603500,"Soi Verakij, Patong, Kathu, Phuket",98.297687,Freehold,Patong,135397.0,3009.0
209.0,21004,1,Detached House,,Phuket,,7.975045,209.0,0,3,4390000,"Sri Sunthon, Thalang, Phuket",98.337686,,Sri Sunthon,129118.0,618.0
160.0,52500,2,Detached House,,Phuket,,7.84627,160.0,0,2,8400000,"Chalong, Muang Phuket, Phuket",98.337112,,Chalong,247059.0,1544.0
148.0,46865,4,Detached House,,Phuket,,7.780007,335.0,0,3,15700000,"Rawai, Muang Phuket, Phuket",98.327915,,Rawai,461765.0,1378.0
1500.0,56666,6,Detached House,Fully Furnished,Phuket,,7.977028,1500.0,0,6,85000000,"Choeng Thale, Thalang, Phuket",98.280791,,Choeng Thale,2500000.0,1667.0
49.99999999999999,99800,1,Condo,,Phuket,2014.0,7.9926086802389,,0,2,4990000,"26/3 หมู่ 4 ถนน ศรีสุนทร, Thalang, Phuket",98.296857276172,,26/3 หมู่ 4 ถนน ศรีสุนทร,146765.0,2935.0
550.0,25811,4,Detached House,,Phuket,,8.020464,1232.0,0,5,31800000,"Choeng Thale, Thalang, Phuket",98.304905,,Choeng Thale,935294.0,759.0
272.0,77008,3,Detached House,,Phuket,,7.775119,328.53,0,3,25299614,"Rawai, Muang Phuket, Phuket",98.322371,,Rawai,744106.0,2265.0
55.0,103272,1,Condo,,Phuket,,7.992199,,0,1,5680000,"Choeng Thale, Thalang, Phuket",98.293922,,Choeng Thale,167059.0,3037.0
118.0,38194,2,Detached House,,Phuket,,7.847447,144.0,0,2,5500000,"Chalong, Muang Phuket, Phuket",98.361358,,Chalong,161765.0,1123.0
35.0,88571,1,Condo,,Phuket,,7.981235,,0,1,3100000,"Choeng Thale, Thalang, Phuket",98.28103,,Choeng Thale,91176.0,2605.0
61.00000000000001,218976,2,Condo,,Phuket,,7.820724,,0,2,13357575,"Karon, Muang Phuket, Phuket",98.310531,,Karon,392870.0,6440.0
440.0,59725,5,Detached House,,Phuket,,7.997509,510.0,0,4,30460000,"Sri Sunthon, Thalang, Phuket",98.326869,,Sri Sunthon,895882.0,1757.0
190.0,62528,3,Detached House,,Phuket,,7.985927,178.0,0,3,11130000,"Sri Sunthon, Thalang, Phuket",98.324139,,Sri Sunthon,327353.0,1839.0
36.0,137222,1,Condo,,Phuket,,8.00193,,0,1,4940000,"Choeng Thale, Thalang, Phuket",98.299442,,Choeng Thale,145294.0,4036.0
164.0,17391,3,Detached House,,Phuket,,7.936344,920.0,0,3,16000000,"Kathu, Kathu, Phuket",98.341238,,Kathu,470588.0,512.0
801.0,93027,5,Detached House,,Phuket,,8.024237,555.0,0,4,51630000,"Choeng Thale, Thalang, Phuket",98.301944,,Choeng Thale,1518529.0,2736.0
37.0,106900,1,Condo,,Phuket,,7.772634,,0,1,3955300,"Rawai, Muang Phuket, Phuket",98.318416,,Rawai,116332.0,3144.0
56.0,103571,1,Condo,,Phuket,,7.803558,,0,1,5800000,"Rawai, Muang Phuket, Phuket",98.33154,,Rawai,170588.0,3046.0
57.99999999999999,138448,2,Condo,,Phuket,,7.820724,,0,2,8030000,"Karon, Muang Phuket, Phuket",98.310531,,Karon,236176.0,4072.0
138.0,70355,2,Condo,,Phuket,,7.779958,,0,2,9709000,"Rawai, Muang Phuket, Phuket",98.314714,,Rawai,285559.0,2069.0
62.99999999999999,150793,,Condo,Unfurnished,Phuket,2021.0,7.879898,,0,2,9500000,"Soi Verakij, Patong, Kathu, Phuket",98.297687,Freehold,Patong,279412.0,4435.0
36.0,133194,1,Condo,,Phuket,,7.992199,,0,,4795000,"Choeng Thale, Thalang, Phuket",98.293922,,Choeng Thale,141029.0,3917.0
57.0,70245,1,Condo,,Phuket,,7.779958,,0,1,4004000,"Rawai, Muang Phuket, Phuket",98.314714,,Rawai,117765.0,2066.0
24.000000000000004,114583,1,Condo,,Phuket,2019.0,7.896310937532187,,0,,2750000,"Vichitsongkram Road, Kathu, Kathu, Phuket",98.35070775622904,Freehold,Kathu,80882.0,3370.0
47.0,202127,1,Apartment,Fully Furnished,Phuket,2021.0,7.879898,47.0,0,1,9500000,"Soi Verakij, Patong, Kathu, Phuket",98.297687,Freehold,Patong,279412.0,5945.0
352.0,90522,3,Detached House,,Phuket,,7.999323,249.22,0,3,22560000,"Choeng Thale, Thalang, Phuket",98.310074,,Choeng Thale,663529.0,2662.0
170.0,70000,3,Townhouse,,Phuket,,7.999391,,0,3,11900000,"Choeng Thale, Thalang, Phuket",98.302275,,Choeng Thale,350000.0,2059.0
32.0,140625,1,Condo,,Phuket,2014.0,7.9926086802389,,0,,4500000,"26/3 หมู่ 4 ถนน ศรีสุนทร, Thalang, Phuket",98.296857276172,,26/3 หมู่ 4 ถนน ศรีสุนทร,132353.0,4136.0
35.0,133148,1,Condo,Fully Furnished,Phuket,2012.0,7.789263,,0,1,4660200,"ราไวย์ Wiset, Chalong, Muang Phuket, Phuket",98.330707,Freehold,Chalong,137065.0,3916.0
125.0,46160,2,Detached House,Unfurnished,Phuket,,7.97525,125.0,0,3,5770000,"Sri Sunthon, Thalang, Phuket",98.368778,,Sri Sunthon,169706.0,1358.0
112.0,45000,3,Detached House,,Phuket,,7.946946,450.8,0,3,20286000,"Kammala, Kathu, Phuket",98.285314,,Kammala,596647.0,1324.0
,42500,3,Detached House,,Phuket,,7.947415,388.4,0,2,16507000,"Kammala, Kathu, Phuket",98.285797,,Kammala,485500.0,1250.0
284.0,36971,2,Townhouse,,Phuket,,7.906056,216.0,0,2,10500000,"Patong, Kathu, Phuket",98.30138,,Patong,308824.0,1087.0
,45000,3,Detached House,,Phuket,,7.947567,404.4,0,2,18198000,"Kammala, Kathu, Phuket",98.285877,,Kammala,535235.0,1324.0
473.0,53911,4,Detached House,Fully Furnished,Phuket,2012.0,7.789263,473.0,0,3,25500000,"ราไวย์ Wiset, Chalong, Muang Phuket, Phuket",98.330707,Freehold,Chalong,750000.0,1586.0
42.0,134047,1,Condo,,Phuket,,8.000358,,0,1,5630000,"Choeng Thale, Thalang, Phuket",98.296635,,Choeng Thale,165588.0,3943.0
190.0,70312,,Detached House,,Phuket,,7.903279,64.0,0,,4500000,"Ratsada, Muang Phuket, Phuket",98.410894,,Ratsada,132353.0,2068.0
323.0,68817,2,Detached House,,Phuket,,7.90811,500.0,0,3,34408500,"Patong, Kathu, Phuket",98.299994,,Patong,1012015.0,2024.0
799.9999999999999,100000,12,Detached House,Fully Furnished,Phuket,,7.912772,799.9999999999999,0,11,80000000,"Patong, Kathu, Phuket",98.296418,,Patong,2352941.0,2941.0
65.0,106153,1,Detached House,,Phuket,2020.0,7.946718,65.0,0,1,6900000,"Kammala, Kathu, Phuket",98.268805,Freehold,Kammala,202941.0,3122.0
39.0,133589,1,Condo,,Phuket,,8.00193,,0,1,5210000,"Choeng Thale, Thalang, Phuket",98.299442,,Choeng Thale,153235.0,3929.0
54.0,93450,1,Condo,,Phuket,,7.945932,,0,,5046300,"Kammala, Kathu, Phuket",98.296921,,Kammala,148421.0,2749.0
45.0,122222,1,Condo,,Phuket,,7.981235,,0,1,5500000,"Choeng Thale, Thalang, Phuket",98.28103,,Choeng Thale,161765.0,3595.0
417.0,39957,4,Detached House,,Phuket,,7.811315,473.0,0,3,18900000,"Karon, Muang Phuket, Phuket",98.299538,,Karon,555882.0,1175.0
61.00000000000001,184803,1,Condo,,Phuket,,7.783216,,0,1,11273000,"Rawai, Muang Phuket, Phuket",98.311045,,Rawai,331559.0,5435.0
400.0,47250,4,Detached House,Fully Furnished,Phuket,,7.775453,400.0,0,4,18900000,"Rawai, Muang Phuket, Phuket",98.327403,,Rawai,555882.0,1390.0
110.0,29000,2,Townhouse,,Phuket,,8.070413,188.0,0,3,3190000,"Thep Krasattri, Thalang, Phuket",98.3430622,,Thep Krasattri,93824.0,853.0
738.0,34810,5,Detached House,,Phuket,,7.801693,790.0000000000001,0,5,27500000,"Rawai, Muang Phuket, Phuket",98.319182,,Rawai,808824.0,1024.0
24.000000000000004,114583,1,Condo,,Phuket,2019.0,7.896310937532187,,0,,2750000,"Vichitsongkram Road, Kathu, Kathu, Phuket",98.35070775622904,Freehold,Kathu,80882.0,3370.0
93.0,145490,1,Condo,Fully Furnished,Phuket,,7.774608,,0,1,13530650,"Rawai, Muang Phuket, Phuket",98.321371,,Rawai,397960.0,4279.0
35.0,118857,1,Condo,,Phuket,,7.996463,,0,1,4160000,"Choeng Thale, Thalang, Phuket",98.301159,,Choeng Thale,122353.0,3496.0
62.0,151610,1,Condo,,Phuket,,7.981235,,0,1,9399841,"Choeng Thale, Thalang, Phuket",98.28103,,Choeng Thale,276466.0,4459.0
781.0,62099,6,Detached House,Unfurnished,Phuket,,8.024897,781.0,0,5,48500000,"Choeng Thale, Thalang, Phuket",98.305614,,Choeng Thale,1426471.0,1826.0
169.0,34911,2,Condo,,Phuket,,7.897732,,0,2,5900000,"Kathu, Kathu, Phuket",98.347427,,Kathu,173529.0,1027.0
680.0,54133,4,Detached House,,Phuket,,8.021708,1016.0,0,4,55000000,"Thep Krasattri, Thalang, Phuket",98.319032,,Thep Krasattri,1617647.0,1592.0
94.0,63829,1,Condo,,Phuket,2012.0,7.972889,,0,1,6000000,"128 Hadsurin, Choeng Thale, Thalang, Phuket",98.279543,Freehold,Choeng Thale,176471.0,1877.0
210.0,151904,2,Condo,,Phuket,,8.000577,,0,2,31900000,"Choeng Thale, Thalang, Phuket",98.297156,,Choeng Thale,938235.0,4468.0
31.0,137096,1,Condo,,Phuket,,8.00193,,0,1,4250000,"Choeng Thale, Thalang, Phuket",98.299442,,Choeng Thale,125000.0,4032.0
210.0,95714,4,Detached House,,Phuket,,7.950082,70.0,0,3,6700000,"Kammala, Kathu, Phuket",98.294122,,Kammala,197059.0,2815.0
69.0,134375,1,Condo,,Phuket,,7.981235,,0,,9271907,"Choeng Thale, Thalang, Phuket",98.28103,,Choeng Thale,272703.0,3952.0
34.0,85500,1,Condo,,Phuket,,7.903174,,0,1,2907000,"Patong, Kathu, Phuket",98.304248,,Patong,85500.0,2515.0
740.0,106756,5,Detached House,Fully Furnished,Phuket,,7.808293,740.0,0,5,79000000,"Wichit, Muang Phuket, Phuket",98.408831,,Wichit,2323529.0,3140.0
636.0,91525,6,Detached House,,Phuket,,7.974298,590.0,0,4,54000000,"Choeng Thale, Thalang, Phuket",98.283586,,Choeng Thale,1588235.0,2692.0
195.0,117948,2,Condo,,Phuket,2012.0,7.813321,,0,2,23000000,"เจ้าฟ้าใน Kata Sai Yuan, Karon, Muang Phuket, Phuket",98.30143,Freehold,Karon,676471.0,3469.0
202.00000000000003,46793,3,Detached House,,Phuket,,8.002243,302.0,0,3,14131600,"Choeng Thale, Thalang, Phuket",98.314762,,Choeng Thale,415635.0,1376.0
47.0,110638,1,Condo,,Phuket,,7.771369,,0,1,5200000,"Rawai, Muang Phuket, Phuket",98.320198,,Rawai,152941.0,3254.0
130.0,107692,2,Condo,,Phuket,,7.883729,,0,2,14000000,"Patong, Kathu, Phuket",98.274069,,Patong,411765.0,3167.0
816.0,104347,4,Detached House,,Phuket,,7.924139,1150.0,0,5,120000000,"Kammala, Kathu, Phuket",98.269068,,Kammala,3529412.0,3069.0
56.0,252000,1,Condo,,Phuket,,7.894848,,0,1,14112000,"Patong, Kathu, Phuket",98.295601,,Patong,415059.0,7412.0
200.0,49665,4,Detached House,,Phuket,,7.973585,1792.0,0,4,89000000,"Choeng Thale, Thalang, Phuket",98.281949,,Choeng Thale,2617647.0,1461.0
671.0,39361,5,Detached House,,Phuket,,8.017067,1034.0,0,4,40700000,"Choeng Thale, Thalang, Phuket",98.30358,,Choeng Thale,1197059.0,1158.0
139.0,164667,2,Condo,Fully Furnished,Phuket,2012.0,7.789263,,0,2,22888800,"ราไวย์ Wiset, Chalong, Muang Phuket, Phuket",98.330707,Freehold,Chalong,673200.0,4843.0
206.0,81998,2,Detached House,,Phuket,,7.775217,230.37,0,2,18890054,"Rawai, Muang Phuket, Phuket",98.322157,,Rawai,555590.0,2412.0
64.0,160937,1,Condo,,Phuket,,7.961429,,0,1,10300000,"Kammala, Kathu, Phuket",98.284406,,Kammala,302941.0,4733.0
514.0,41860,4,Detached House,,Phuket,,8.016423,2150.0,0,3,90000000,"Choeng Thale, Thalang, Phuket",98.292851,,Choeng Thale,2647059.0,1231.0
600.0,150000,4,Detached House,,Phuket,,7.972541,400.0,0,3,60000000,"Choeng Thale, Thalang, Phuket",98.280105,,Choeng Thale,1764706.0,4412.0
799.9999999999999,75000,7,Detached House,Fully Furnished,Phuket,,8.023769,799.9999999999999,0,6,60000000,"Choeng Thale, Thalang, Phuket",98.292455,,Choeng Thale,1764706.0,2206.0
185.0,43189,3,Detached House,,Phuket,,7.779944,222.00000000000003,0,2,9588000,"Rawai, Muang Phuket, Phuket",98.328066,,Rawai,282000.0,1270.0
435.00000000000006,62068,4,Detached House,Fully Furnished,Phuket,,8.01799,435.00000000000006,0,3,27000000,"Thep Krasattri, Thalang, Phuket",98.322251,,Thep Krasattri,794118.0,1826.0
227.0,198237,2,Condo,,Phuket,,7.809549,,0,3,45000000,"Karon, Muang Phuket, Phuket",98.299478,,Karon,1323529.0,5830.0
35.0,97714,1,Condo,Fully Furnished,Phuket,2012.0,7.789263,,0,1,3420000,"ราไวย์ Wiset, Chalong, Muang Phuket, Phuket",98.330707,Freehold,Chalong,100588.0,2874.0
210.0,138095,2,Condo,,Phuket,,8.000577,,0,2,29000000,"Choeng Thale, Thalang, Phuket",98.297156,,Choeng Thale,852941.0,4062.0
173.0,30357,2,Detached House,,Phuket,,8.068658,280.0,0,2,8500000,"Sa Khu, Thalang, Phuket",98.291026,,Sa Khu,250000.0,893.0
499.0,35593,4,Detached House,,Phuket,,8.021772,816.8,0,4,29073000,"Thep Krasattri, Thalang, Phuket",98.31915,,Thep Krasattri,855088.0,1047.0
514.0,51932,4,Detached House,,Phuket,,8.016423,1656.0,0,3,86000000,"Choeng Thale, Thalang, Phuket",98.292851,,Choeng Thale,2529412.0,1527.0
473.0,53911,4,Detached House,Fully Furnished,Phuket,2012.0,7.789263,473.0,0,3,25500000,"ราไวย์ Wiset, Chalong, Muang Phuket, Phuket",98.330707,Freehold,Chalong,750000.0,1586.0
285.0,40643,3,Detached House,,Phuket,,7.78043,285.41,0,3,11600000,"Rawai, Muang Phuket, Phuket",98.331029,,Rawai,341176.0,1195.0
788.0,73974,6,Detached House,,Phuket,,8.016423,1487.0,0,5,110000000,"Choeng Thale, Thalang, Phuket",98.292851,,Choeng Thale,3235294.0,2176.0
1216.0,119243,8,Detached House,Fully Furnished,Phuket,,8.048856,1216.0,0,7,145000000,"Choeng Thale, Thalang, Phuket",98.29659,,Choeng Thale,4264706.0,3507.0
274.0,31021,2,Detached House,Fully Furnished,Phuket,2012.0,7.789263,274.0,0,2,8500000,"ราไวย์ Wiset, Chalong, Muang Phuket, Phuket",98.330707,Freehold,Chalong,250000.0,912.0
272.0,33668,3,Detached House,,Phuket,,7.784406,520.0,0,2,17507450,"Rawai, Muang Phuket, Phuket",98.310262,,Rawai,514925.0,990.0
1225.0,146122,7,Detached House,Fully Furnished,Phuket,,8.054127,1225.0,0,5,179000000,"Sa Khu, Thalang, Phuket",98.279173,,Sa Khu,5264706.0,4298.0
693.0,38483,5,Detached House,,Phuket,,8.038736,980.0,0,4,37714000,"Thep Krasattri, Thalang, Phuket",98.317841,,Thep Krasattri,1109235.0,1132.0
57.0,128122,1,Condo,,Phuket,,7.992199,,0,1,7303000,"Choeng Thale, Thalang, Phuket",98.293922,,Choeng Thale,214794.0,3768.0
410.0,56097,3,Detached House,Unfurnished,Phuket,2012.0,7.789263,410.0,0,3,23000000,"ราไวย์ Wiset, Chalong, Muang Phuket, Phuket",98.330707,Freehold,Chalong,676471.0,1650.0
320.0,79310,5,Detached House,,Phuket,,7.81492,145.0,0,6,11500000,"Karon, Muang Phuket, Phuket",98.313627,,Karon,338235.0,2333.0
210.0,81428,3,Detached House,,Phuket,,7.95002,70.0,0,3,5700000,"Kammala, Kathu, Phuket",98.294134,,Kammala,167647.0,2395.0
70.0,112571,1,Condo,Fully Furnished,Phuket,,7.845955,,0,1,7880000,"Karon, Muang Phuket, Phuket",98.302075,,Karon,231765.0,3311.0
163.0,29919,2,Detached House,,Phuket,,8.068658,260.7,0,2,7800000,"Sa Khu, Thalang, Phuket",98.291026,,Sa Khu,229412.0,880.0
258.0,32945,2,Condo,Fully Furnished,Phuket,2012.0,7.789263,,0,2,8500000,"ราไวย์ Wiset, Chalong, Muang Phuket, Phuket",98.330707,Freehold,Chalong,250000.0,969.0
473.0,145569,3,Detached House,,Phuket,,7.784165,158.0,0,3,23000000,"Rawai, Muang Phuket, Phuket",98.334135,,Rawai,676471.0,4281.0
541.0,82763,6,Detached House,Unfurnished,Phuket,,8.0307,541.0,0,4,44775000,"Thep Krasattri, Thalang, Phuket",98.310351,,Thep Krasattri,1316912.0,2434.0
747.0,51003,6,Detached House,,Phuket,,8.023385,1068.11,0,4,54476823,"Choeng Thale, Thalang, Phuket",98.306036,,Choeng Thale,1602260.0,1500.0
130.0,133692,2,Condo,,Phuket,,7.884773,,0,2,17380000,"Patong, Kathu, Phuket",98.281776,,Patong,511176.0,3932.0
338.0,63068,4,Detached House,,Phuket,,8.005498,265.2,0,3,16725739,"Sri Sunthon, Thalang, Phuket",98.320612,,Sri Sunthon,491934.0,1855.0
370.0,56443,4,Detached House,,Phuket,,7.991428,344.74,0,3,19458440,"Choeng Thale, Thalang, Phuket",98.299236,,Choeng Thale,572307.0,1660.0
52.0,118076,1,Condo,,Phuket,,8.000358,,0,1,6140000,"Choeng Thale, Thalang, Phuket",98.296635,,Choeng Thale,180588.0,3473.0
650.0,250000,5,Detached House,,Phuket,,7.896311,70.0,0,5,17500000,"Patong, Kathu, Phuket",98.310843,,Patong,514706.0,7353.0
288.0,19531,5,Detached House,,Phuket,,7.977514,1280.0,0,5,25000000,"Choeng Thale, Thalang, Phuket",98.287205,,Choeng Thale,735294.0,574.0
35.0,102038,1,Condo,,Phuket,,7.772634,,0,1,3571360,"Rawai, Muang Phuket, Phuket",98.318416,,Rawai,105040.0,3001.0
436.0,50598,3,Detached House,,Phuket,,8.007955,334.0,0,3,16900000,"Sri Sunthon, Thalang, Phuket",98.317836,,Sri Sunthon,497059.0,1488.0
222.00000000000003,40697,3,Detached House,,Phuket,,8.014996,430.0,0,3,17500000,"Choeng Thale, Thalang, Phuket",98.311151,,Choeng Thale,514706.0,1197.0
356.0,52877,4,Detached House,,Phuket,,8.003854,278.0,0,3,14700000,"Sri Sunthon, Thalang, Phuket",98.320255,,Sri Sunthon,432353.0,1555.0
352.0,109987,3,Detached House,,Phuket,,7.999323,198.15,0,3,21794000,"Choeng Thale, Thalang, Phuket",98.310074,,Choeng Thale,641000.0,3235.0
56.0,157142,1,Condo,,Phuket,,7.961429,,0,1,8800000,"Kammala, Kathu, Phuket",98.284406,,Kammala,258824.0,4622.0
240.0,27075,3,Detached House,,Phuket,,7.800356,277.0,0,3,7500000,"Rawai, Muang Phuket, Phuket",98.327993,,Rawai,220588.0,796.0
600.0,46833,4,Detached House,Fully Furnished,Phuket,,8.014951,600.0,0,4,28100000,"Thep Krasattri, Thalang, Phuket",98.330555,,Thep Krasattri,826471.0,1377.0
70.0,127142,2,Condo,,Phuket,2015.0,8.154175769124732,,0,2,8900000,"8 Moo 3, Mai Khao, Thalang, Phuket",98.2978065925904,Freehold,Mai Khao,261765.0,3739.0
360.0,131524,2,Detached House,,Phuket,,7.779692,95.8,0,2,12600000,"Rawai, Muang Phuket, Phuket",98.325418,,Rawai,370588.0,3868.0
37.0,117567,,Condo,Fully Furnished,Phuket,,7.882514,,0,1,4350000,"Patong, Kathu, Phuket",98.294466,,Patong,127941.0,3458.0
34.0,88200,1,Condo,,Phuket,,7.903174,,0,1,2998800,"Patong, Kathu, Phuket",98.304248,,Patong,88200.0,2594.0
91.0,125137,2,Condo,,Phuket,,8.028948,,0,2,11387500,"Choeng Thale, Thalang, Phuket",98.295051,,Choeng Thale,334926.0,3680.0
300.0,71683,2,Detached House,Unfurnished,Phuket,,8.044478,300.0,0,3,21505000,"Choeng Thale, Thalang, Phuket",98.29556,,Choeng Thale,632500.0,2108.0
350.0,35104,3,Detached House,,Phuket,,7.938414,621.0,0,3,21800000,"Kammala, Kathu, Phuket",98.28029,,Kammala,641176.0,1032.0
550.0,272727,5,Detached House,,Phuket,,7.970654,550.0,0,4,150000000,"Choeng Thale, Thalang, Phuket",98.277889,,Choeng Thale,4411765.0,8021.0
965.0,48618,5,Detached House,,Phuket,,8.023766,1267.0,0,4,61600000,"Choeng Thale, Thalang, Phuket",98.300813,,Choeng Thale,1811765.0,1430.0
433.0,40992,3,Detached House,,Phuket,,8.038736,634.0,0,3,25989000,"Thep Krasattri, Thalang, Phuket",98.317841,,Thep Krasattri,764382.0,1206.0
62.0,153694,1,Condo,Unfurnished,Phuket,,7.980256,,0,1,9529028,"Choeng Thale, Thalang, Phuket",98.283621,,Choeng Thale,280266.0,4520.0
45.0,64444,1,Condo,,Phuket,,7.833128,,0,1,2900000,"Karon, Muang Phuket, Phuket",98.299904,,Karon,85294.0,1895.0
133.0,81443,3,Detached House,,Phuket,,7.942057,97.0,0,3,7900000,"Kammala, Kathu, Phuket",98.292091,,Kammala,232353.0,2395.0
1000.0,92000,6,Detached House,Fully Furnished,Phuket,,8.031268,1000.0,0,5,92000000,"Choeng Thale, Thalang, Phuket",98.299785,,Choeng Thale,2705882.0,2706.0
161.0,34937,3,Detached House,,Phuket,,7.952653,160.0,0,3,5590000,"Ko Kaeo, Muang Phuket, Phuket",98.381681,,Ko Kaeo,164412.0,1028.0
60.0,98333,1,Condo,Unfurnished,Phuket,2021.0,7.879898,,0,2,5900000,"Soi Verakij, Patong, Kathu, Phuket",98.297687,Freehold,Patong,173529.0,2892.0
210.0,200000,3,Condo,,Phuket,,7.9729,,0,2,42000000,"Choeng Thale, Thalang, Phuket",98.27955,,Choeng Thale,1235294.0,5882.0
52.0,123673,1,Condo,Fully Furnished,Phuket,,7.836939,,0,1,6431000,"Karon, Muang Phuket, Phuket",98.300085,,Karon,189147.0,3637.0
30.0,108824,1,Condo,,Phuket,,7.772634,,0,1,3264726,"Rawai, Muang Phuket, Phuket",98.318416,,Rawai,96021.0,3201.0
43.0,55813,1,Condo,,Phuket,,7.894632,,0,,2400000,"Patong, Kathu, Phuket",98.307083,,Patong,70588.0,1642.0
46.0,86934,1,Condo,,Phuket,,8.086476,,0,1,3999000,"Sa Khu, Thalang, Phuket",98.300576,,Sa Khu,117618.0,2557.0
83.0,126621,2,Condo,Fully Furnished,Phuket,2012.0,7.789263,,0,2,10509620,"ราไวย์ Wiset, Chalong, Muang Phuket, Phuket",98.330707,Freehold,Chalong,309106.0,3724.0
263.0,41444,2,Detached House,Fully Furnished,Phuket,2012.0,7.789263,263.0,0,2,10900000,"ราไวย์ Wiset, Chalong, Muang Phuket, Phuket",98.330707,Freehold,Chalong,320588.0,1219.0
82.0,120731,2,Condo,,Phuket,,7.804225,,0,2,9900000,"Rawai, Muang Phuket, Phuket",98.331447,,Rawai,291176.0,3551.0
115.0,33394,2,Detached House,,Phuket,,7.812805,326.4,0,3,10900000,"Rawai, Muang Phuket, Phuket",98.33106,,Rawai,320588.0,982.0
410.0,122709,5,Detached House,Unfurnished,Phuket,,7.991115,410.0,0,4,50310750,"Choeng Thale, Thalang, Phuket",98.296919,,Choeng Thale,1479728.0,3609.0
34.0,87941,1,Condo,,Phuket,,7.985111,,0,1,2990000,"Choeng Thale, Thalang, Phuket",98.296605,,Choeng Thale,87941.0,2586.0
48.00000000000001,72708,1,Condo,,Phuket,,7.779957,,0,1,3490000,"Rawai, Muang Phuket, Phuket",98.314713,,Rawai,102647.0,2138.0
60.0,135000,1,Condo,,Phuket,,7.876762,,0,1,8100000,"Patong, Kathu, Phuket",98.299971,,Patong,238235.0,3971.0
575.0,29565,5,Detached House,Fully Furnished,Phuket,,8.000059,575.0,0,4,17000000,"Sri Sunthon, Thalang, Phuket",98.331785,,Sri Sunthon,500000.0,870.0
57.99999999999999,100000,2,Condo,Fully Furnished,Phuket,2012.0,7.789263,,0,2,5800000,"ราไวย์ Wiset, Chalong, Muang Phuket, Phuket",98.330707,Freehold,Chalong,170588.0,2941.0
171.0,35156,2,Detached House,,Phuket,,8.015733,256.0,0,3,9000000,"Choeng Thale, Thalang, Phuket",98.312021,,Choeng Thale,264706.0,1034.0
140.0,42263,2,Detached House,,Phuket,,8.094453,296.0,0,3,12510000,"Sa Khu, Thalang, Phuket",98.314589,,Sa Khu,367941.0,1243.0
52.0,136730,2,Condo,,Phuket,,8.00193,,0,2,7110000,"Choeng Thale, Thalang, Phuket",98.299442,,Choeng Thale,209118.0,4021.0
433.0,40181,3,Detached House,,Phuket,,8.038736,654.0,0,3,26279000,"Thep Krasattri, Thalang, Phuket",98.317841,,Thep Krasattri,772912.0,1182.0
145.0,29776,2,Detached House,,Phuket,,8.075111,335.0,0,2,9975000,"Sa Khu, Thalang, Phuket",98.295053,,Sa Khu,293382.0,876.0
370.0,43892,4,Detached House,,Phuket,,8.040681,693.0,0,4,30417500,"Choeng Thale, Thalang, Phuket",98.296513,,Choeng Thale,894632.0,1291.0
34.0,103500,1,Condo,,Phuket,,7.903174,,0,1,3519000,"Patong, Kathu, Phuket",98.304248,,Patong,103500.0,3044.0
157.0,42038,2,Detached House,,Phuket,,7.82563,157.0,0,3,6600000,"Chalong, Muang Phuket, Phuket",98.340855,,Chalong,194118.0,1236.0
112.0,70437,2,Condo,,Phuket,,7.779958,,0,2,7889000,"Rawai, Muang Phuket, Phuket",98.314714,,Rawai,232029.0,2072.0
35.0,90857,1,Condo,Fully Furnished,Phuket,2012.0,7.789263,,0,1,3180000,"ราไวย์ Wiset, Chalong, Muang Phuket, Phuket",98.330707,Freehold,Chalong,93529.0,2672.0
60.0,91500,1,Condo,,Phuket,,7.876762,,0,1,5490000,"Patong, Kathu, Phuket",98.299971,,Patong,161471.0,2691.0
75.0,119333,2,Condo,,Phuket,,8.000358,,0,2,8950000,"Choeng Thale, Thalang, Phuket",98.296635,,Choeng Thale,263235.0,3510.0
269.0,78066,3,Detached House,,Phuket,,7.991299,269.0,0,3,21000000,"Pa Khlok, Thalang, Phuket",98.415271,,Pa Khlok,617647.0,2296.0
91.0,101098,2,Condo,,Phuket,2015.0,8.154175769124732,,0,2,9200000,"8 Moo 3, Mai Khao, Thalang, Phuket",98.2978065925904,Freehold,Mai Khao,270588.0,2973.0
1092.0,166297,7,Detached House,,Phuket,,7.950204,902.0,0,5,150000000,"Kammala, Kathu, Phuket",98.274117,,Kammala,4411765.0,4891.0
400.0,192307,4,Detached House,,Phuket,,7.885859,156.0,0,3,30000000,"Patong, Kathu, Phuket",98.283166,,Patong,882353.0,5656.0
70.0,164285,1,Condo,,Phuket,,7.961429,,0,1,11500000,"Kammala, Kathu, Phuket",98.284406,,Kammala,338235.0,4832.0
51.0,103921,2,Condo,,Phuket,2014.0,7.9926086802389,,0,2,5300000,"26/3 หมู่ 4 ถนน ศรีสุนทร, Thalang, Phuket",98.296857276172,,26/3 หมู่ 4 ถนน ศรีสุนทร,155882.0,3056.0
140.0,18333,2,Detached House,,Phuket,,7.831922,300.0,0,2,5500000,"Chalong, Muang Phuket, Phuket",98.32562,,Chalong,161765.0,539.0
250.0,29000,3,Detached House,,Phuket,,7.921093,500.0,0,4,14500000,"Kathu, Kathu, Phuket",98.329434,,Kathu,426471.0,853.0
118.0,61805,2,Detached House,,Phuket,,7.84776,144.0,0,2,8900000,"Chalong, Muang Phuket, Phuket",98.361415,,Chalong,261765.0,1818.0
210.0,67142,3,Detached House,,Phuket,,7.950065,70.0,0,3,4700000,"Kammala, Kathu, Phuket",98.294195,,Kammala,138235.0,1975.0
330.0,59750,4,Detached House,,Phuket,,8.053536,400.0,0,3,23900000,"Pa Khlok, Thalang, Phuket",98.428531,,Pa Khlok,702941.0,1757.0
35.0,128857,1,Condo,,Phuket,,7.996463,,0,1,4510000,"Choeng Thale, Thalang, Phuket",98.301159,,Choeng Thale,132647.0,3790.0
62.0,147000,1,Condo,Unfurnished,Phuket,,7.980126,,0,1,9114000,"Choeng Thale, Thalang, Phuket",98.283746,,Choeng Thale,268059.0,4324.0
277.0,175090,4,Detached House,Unfurnished,Phuket,,7.991115,277.0,0,4,48500000,"Choeng Thale, Thalang, Phuket",98.296919,,Choeng Thale,1426471.0,5150.0
120.0,125937,3,Condo,,Phuket,,8.028948,,0,3,15112500,"Choeng Thale, Thalang, Phuket",98.295051,,Choeng Thale,444485.0,3704.0
64.0,159375,1,Condo,,Phuket,,7.961429,,0,1,10200000,"Kammala, Kathu, Phuket",98.284406,,Kammala,300000.0,4688.0
45.0,97000,1,Condo,,Phuket,2021.0,7.879898,,0,1,4365000,"Soi Verakij, Patong, Kathu, Phuket",98.297687,Freehold,Patong,128382.0,2853.0
126.0,38592,2,Detached House,,Phuket,,7.847447,146.4,0,2,5650000,"Chalong, Muang Phuket, Phuket",98.361358,,Chalong,166176.0,1135.0
250.0,37005,4,Detached House,,Phuket,,8.095855,501.0,0,3,18540000,"Sa Khu, Thalang, Phuket",98.309311,,Sa Khu,545294.0,1088.0
41.0,217053,1,Condo,,Phuket,,7.894848,,0,1,8899200,"Patong, Kathu, Phuket",98.295601,,Patong,261741.0,6384.0
35.0,128571,1,Condo,,Phuket,,7.88398,,0,1,4500000,"Patong, Kathu, Phuket",98.29408,,Patong,132353.0,3782.0
120.0,228000,2,Condo,,Phuket,,7.894848,,0,2,27360000,"Patong, Kathu, Phuket",98.295601,,Patong,804706.0,6706.0
900.0,205555,5,Detached House,Fully Furnished,Phuket,,7.830883,900.0,0,4,185000000,"Karon, Muang Phuket, Phuket",98.29529,,Karon,5441176.0,6046.0
370.0,33150,4,Detached House,,Phuket,,7.991428,640.51,0,3,21233060,"Choeng Thale, Thalang, Phuket",98.299236,,Choeng Thale,624502.0,975.0
44.0,134116,1,Condo,Unfurnished,Phuket,,7.980147,,0,1,5901114,"Choeng Thale, Thalang, Phuket",98.283727,,Choeng Thale,173562.0,3945.0
750.0,186666,9,Detached House,Fully Furnished,Phuket,2021.0,7.879898,750.0,0,8,140000000,"Soi Verakij, Patong, Kathu, Phuket",98.297687,Freehold,Patong,4117647.0,5490.0
420.0,47619,3,Detached House,Unfurnished,Phuket,,7.997477,420.0,0,3,20000000,"Sri Sunthon, Thalang, Phuket",98.319385,,Sri Sunthon,588235.0,1401.0
204.0,54452,3,Detached House,,Phuket,,7.946926,292.0,0,2,15900000,"Kammala, Kathu, Phuket",98.292733,,Kammala,467647.0,1602.0
56.0,113400,1,Condo,Fully Furnished,Phuket,2012.0,7.789263,,0,1,6350400,"ราไวย์ Wiset, Chalong, Muang Phuket, Phuket",98.330707,Freehold,Chalong,186776.0,3335.0
27.0,103703,1,Condo,,Phuket,,7.981235,,0,,2800000,"Choeng Thale, Thalang, Phuket",98.28103,,Choeng Thale,82353.0,3050.0
824.0,175970,4,Condo,,Phuket,,7.962727,,0,4,145000000,"Kammala, Kathu, Phuket",98.284332,,Kammala,4264706.0,5176.0
29.0,105628,1,Condo,Fully Furnished,Phuket,2012.0,7.789263,,0,1,3063223,"ราไวย์ Wiset, Chalong, Muang Phuket, Phuket",98.330707,Freehold,Chalong,90095.0,3107.0
514.0,47461,3,Detached House,,Phuket,,8.016423,1812.0,0,3,86000000,"Choeng Thale, Thalang, Phuket",98.292851,,Choeng Thale,2529412.0,1396.0
520.0,79173,5,Detached House,Unfurnished,Phuket,,8.044478,520.0,0,4,41170000,"Choeng Thale, Thalang, Phuket",98.29556,,Choeng Thale,1210882.0,2329.0
41.0,135959,1,Condo,Fully Furnished,Phuket,,7.980169,,0,1,5574320,"Choeng Thale, Thalang, Phuket",98.283341,,Choeng Thale,163951.0,3999.0
450.0,68750,5,Detached House,,Phuket,,7.844177,320.0,0,4,22000000,"Chalong, Muang Phuket, Phuket",98.337808,,Chalong,647059.0,2022.0
52.0,122307,1,Condo,,Phuket,,8.000358,,0,1,6360000,"Choeng Thale, Thalang, Phuket",98.296635,,Choeng Thale,187059.0,3597.0
39.0,66666,1,Condo,,Phuket,,8.086476,,0,1,2600000,"Sa Khu, Thalang, Phuket",98.300576,,Sa Khu,76471.0,1961.0
112.0,41476,2,Detached House,,Phuket,,7.801307,262.8,0,2,10900000,"Rawai, Muang Phuket, Phuket",98.320068,,Rawai,320588.0,1220.0
35.0,138415,1,Condo,,Phuket,,7.853215,,0,1,4844545,"Karon, Muang Phuket, Phuket",98.295667,,Karon,142487.0,4071.0
37.0,107969,1,Condo,,Phuket,,7.772634,,0,1,3994853,"Rawai, Muang Phuket, Phuket",98.318416,,Rawai,117496.0,3176.0
400.0,192307,4,Detached House,,Phuket,,7.88392,156.0,0,3,30000000,"Patong, Kathu, Phuket",98.283838,,Patong,882353.0,5656.0
104.0,145118,2,Condo,Fully Furnished,Phuket,2012.0,7.789263,,0,2,15092300,"ราไวย์ Wiset, Chalong, Muang Phuket, Phuket",98.330707,Freehold,Chalong,443891.0,4268.0
233.00000000000003,69343,3,Detached House,,Phuket,,7.985439,137.0,0,3,9500000,"Choeng Thale, Thalang, Phuket",98.295689,,Choeng Thale,279412.0,2040.0
368.0,29768,5,Detached House,,Phuket,,8.015233,949.0,0,4,28250000,"Choeng Thale, Thalang, Phuket",98.310946,,Choeng Thale,830882.0,876.0
474.0,25333,3,Detached House,,Phuket,,7.98864,750.0,0,3,19000000,"Choeng Thale, Thalang, Phuket",98.297488,,Choeng Thale,558824.0,745.0
46.0,170000,2,Condo,,Phuket,,8.00193,,0,2,7820000,"Choeng Thale, Thalang, Phuket",98.299442,,Choeng Thale,230000.0,5000.0
102.0,31135,2,Detached House,,Phuket,,7.812828,273.0,0,3,8500000,"Rawai, Muang Phuket, Phuket",98.331083,,Rawai,250000.0,916.0
,28669,5,Detached House,,Phuket,,8.016526,872.0,0,4,25000000,"Choeng Thale, Thalang, Phuket",98.306525,,Choeng Thale,735294.0,843.0
60.0,132333,1,Condo,,Phuket,,7.992199,,0,1,7940000,"Choeng Thale, Thalang, Phuket",98.293922,,Choeng Thale,233529.0,3892.0
194.0,35526,3,Detached House,,Phuket,,8.068658,304.0,0,3,10800000,"Sa Khu, Thalang, Phuket",98.291026,,Sa Khu,317647.0,1045.0
60.0,135000,1,Condo,,Phuket,,7.88299,,0,1,8100000,"Patong, Kathu, Phuket",98.275775,,Patong,238235.0,3971.0
42.0,77400,1,Condo,,Phuket,,7.903174,,0,1,3250800,"Patong, Kathu, Phuket",98.304248,,Patong,95612.0,2276.0
45.0,198066,1,Condo,,Phuket,,7.783216,,0,1,8913000,"Rawai, Muang Phuket, Phuket",98.311045,,Rawai,262147.0,5825.0
65.0,90769,1,Detached House,,Phuket,2020.0,7.946718,65.0,0,1,5900000,"Kammala, Kathu, Phuket",98.268805,Freehold,Kammala,173529.0,2670.0
405.0,49539,3,Detached House,,Phuket,,7.945239,434.0,0,3,21500000,"Kammala, Kathu, Phuket",98.292309,,Kammala,632353.0,1457.0
34.0,90000,1,Condo,Unfurnished,Phuket,2021.0,7.879898,,0,2,3060000,"Soi Verakij, Patong, Kathu, Phuket",98.297687,Freehold,Patong,90000.0,2647.0
177.0,146327,2,Condo,,Phuket,,7.809549,,0,2,25900000,"Karon, Muang Phuket, Phuket",98.299478,,Karon,761765.0,4304.0
250.0,28888,4,Detached House,,Phuket,,7.789383,450.0,0,3,13000000,"Rawai, Muang Phuket, Phuket",98.31267,,Rawai,382353.0,850.0
69.0,95362,2,Condo,,Phuket,,7.985111,,0,2,6580000,"Choeng Thale, Thalang, Phuket",98.296605,,Choeng Thale,193529.0,2805.0
40.0,92400,1,Condo,,Phuket,,7.945932,,0,,3696000,"Kammala, Kathu, Phuket",98.296921,,Kammala,108706.0,2718.0
31.0,101088,1,Condo,Fully Furnished,Phuket,2012.0,7.789263,,0,1,3133728,"ราไวย์ Wiset, Chalong, Muang Phuket, Phuket",98.330707,Freehold,Chalong,92168.0,2973.0
35.0,125885,1,Condo,Unfurnished,Phuket,,7.883385,,0,1,4406000,"Patong, Kathu, Phuket",98.294338,,Patong,129588.0,3702.0
330.0,47500,4,Detached House,,Phuket,,8.053361,400.0,0,3,19000000,"Pa Khlok, Thalang, Phuket",98.428565,,Pa Khlok,558824.0,1397.0
86.0,116279,2,Condo,,Phuket,,7.804501,,0,2,10000000,"Rawai, Muang Phuket, Phuket",98.331671,,Rawai,294118.0,3420.0
89.0,75168,1,Condo,,Phuket,,7.994913,,0,,6690000,"Choeng Thale, Thalang, Phuket",98.300739,,Choeng Thale,196765.0,2211.0
82.0,97560,1,Condo,,Phuket,,8.008419,,0,1,8000000,"Choeng Thale, Thalang, Phuket",98.297632,,Choeng Thale,235294.0,2869.0
197.0,67209,4,Detached House,,Phuket,,8.039976,430.0,0,4,28900000,"Choeng Thale, Thalang, Phuket",98.295106,,Choeng Thale,850000.0,1977.0
323.0,77368,3,Detached House,Unfurnished,Phuket,,8.0307,323.0,0,3,24990000,"Thep Krasattri, Thalang, Phuket",98.310351,,Thep Krasattri,735000.0,2276.0
334.0,46875,4,Detached House,,Phuket,,7.8077767,320.0,0,3,15000000,"Rawai, Muang Phuket, Phuket",98.3372239,,Rawai,441176.0,1379.0
84.0,77380,1,Condo,Unfurnished,Phuket,2021.0,7.879898,,0,2,6500000,"Soi Verakij, Patong, Kathu, Phuket",98.297687,Freehold,Patong,191176.0,2276.0
407.0,147420,3,Condo,,Phuket,,7.962727,,0,3,60000000,"Kammala, Kathu, Phuket",98.284332,,Kammala,1764706.0,4336.0
112.0,56034,2,Detached House,,Phuket,,8.0193,116.0,0,2,6500000,"Thep Krasattri, Thalang, Phuket",98.321052,,Thep Krasattri,191176.0,1648.0
783.0,49894,6,Detached House,,Phuket,,8.02356,1154.32,0,5,57594000,"Choeng Thale, Thalang, Phuket",98.306069,,Choeng Thale,1693941.0,1467.0
70.0,121428,1,Condo,,Phuket,,7.883729,,0,1,8500000,"Patong, Kathu, Phuket",98.274069,,Patong,250000.0,3571.0
220.0,75000,3,Detached House,Fully Furnished,Phuket,,7.8833,220.0,0,3,16500000,"Patong, Kathu, Phuket",98.294316,,Patong,485294.0,2206.0
80.0,87500,1,Condo,Fully Furnished,Phuket,,8.005389,,0,1,7000000,"Choeng Thale, Thalang, Phuket",98.298246,,Choeng Thale,205882.0,2574.0
27.0,70370,1,Condo,,Phuket,,7.891269,,0,1,1900000,"Wichit, Muang Phuket, Phuket",98.363471,,Wichit,55882.0,2070.0
82.0,109756,2,Condo,,Phuket,,7.804024,,0,2,9000000,"Rawai, Muang Phuket, Phuket",98.331299,,Rawai,264706.0,3228.0
38.0,76598,1,Condo,,Phuket,,8.086476,,0,1,2910750,"Sa Khu, Thalang, Phuket",98.300576,,Sa Khu,85610.0,2253.0
819.0,216699,7,Detached House,,Phuket,,7.949789,503.0,0,6,109000000,"Kammala, Kathu, Phuket",98.274256,,Kammala,3205882.0,6374.0
301.0,64784,4,Condo,,Phuket,2012.0,8.029699,,0,3,19500000,"ป่าตอง Layan, Choeng Thale, Thalang, Phuket",98.294885,Freehold,Choeng Thale,573529.0,1905.0
34.0,116850,1,Condo,,Phuket,,7.985111,,0,1,3972900,"Choeng Thale, Thalang, Phuket",98.296605,,Choeng Thale,116850.0,3437.0
490.0,119791,5,Detached House,,Phuket,,7.9729,576.0,0,4,69000000,"Choeng Thale, Thalang, Phuket",98.27955,,Choeng Thale,2029412.0,3523.0
24.000000000000004,110416,1,Condo,,Phuket,2019.0,7.896310937532187,,0,,2650000,"Vichitsongkram Road, Kathu, Kathu, Phuket",98.35070775622904,Freehold,Kathu,77941.0,3248.0
140.0,27857,1,Detached House,,Phuket,,7.959102,140.0,0,3,3900000,"Ko Kaeo, Muang Phuket, Phuket",98.373786,,Ko Kaeo,114706.0,819.0
61.00000000000001,54098,1,Condo,Fully Furnished,Phuket,,7.985213,,0,1,3300000,"Choeng Thale, Thalang, Phuket",98.302413,,Choeng Thale,97059.0,1591.0
1242.0,85827,7,Detached House,,Phuket,,7.929316,2011.0,0,6,172600000,"Kammala, Kathu, Phuket",98.264025,,Kammala,5076471.0,2524.0
80.0,87500,1,Condo,,Phuket,,8.008419,,0,1,7000000,"Choeng Thale, Thalang, Phuket",98.297632,,Choeng Thale,205882.0,2574.0
29.0,139310,1,Condo,,Phuket,,8.00193,,0,1,4040000,"Choeng Thale, Thalang, Phuket",98.299442,,Choeng Thale,118824.0,4097.0
34.0,72058,1,Condo,Fully Furnished,Phuket,2013.0,7.90159,,0,1,2450000,"Soi Hongyok Utis Yaowarat Road, Talat Yai, Muang Phuket, Phuket",98.378572,Freehold,Talat Yai,72059.0,2119.0
30.0,146450,1,Condo,,Phuket,,8.028948,,0,1,4393500,"Choeng Thale, Thalang, Phuket",98.295051,,Choeng Thale,129221.0,4307.0
270.0,81481,4,Condo,,Phuket,,7.979249,,0,3,22000000,"Choeng Thale, Thalang, Phuket",98.286189,,Choeng Thale,647059.0,2396.0
467.0,57594,4,Detached House,,Phuket,,7.908056,1000.0,0,4,57594500,"Patong, Kathu, Phuket",98.299712,,Patong,1693956.0,1694.0
32.0,93437,1,Condo,,Phuket,,7.822398,,0,,2990000,"Karon, Muang Phuket, Phuket",98.302272,,Karon,87941.0,2748.0
39.0,66666,1,Condo,,Phuket,,8.086476,,0,1,2600000,"Sa Khu, Thalang, Phuket",98.300576,,Sa Khu,76471.0,1961.0
140.0,30388,2,Detached House,,Phuket,,7.801044,159.6,0,2,4850000,"Rawai, Muang Phuket, Phuket",98.32825,,Rawai,142647.0,894.0
80.0,93750,1,Condo,,Phuket,,8.008419,,0,1,7500000,"Choeng Thale, Thalang, Phuket",98.297632,,Choeng Thale,220588.0,2757.0
43.0,135837,1,Condo,Fully Furnished,Phuket,,7.837194,,0,1,5841000,"Karon, Muang Phuket, Phuket",98.300257,,Karon,171794.0,3995.0
39.0,100717,1,Condo,,Phuket,,7.772634,,0,1,3928000,"Rawai, Muang Phuket, Phuket",98.318416,,Rawai,115529.0,2962.0
281.0,38518,3,Detached House,,Phuket,,8.002243,476.0,0,3,18334668,"Choeng Thale, Thalang, Phuket",98.314762,,Choeng Thale,539255.0,1133.0
35.0,151428,1,Condo,,Phuket,,7.853215,,0,1,5300000,"Karon, Muang Phuket, Phuket",98.295667,,Karon,155882.0,4454.0
52.0,95961,1,Condo,,Phuket,,7.822398,,0,1,4990000,"Karon, Muang Phuket, Phuket",98.302272,,Karon,146765.0,2822.0
154.0,51801,3,Detached House,,Phuket,,8.018688,222.00000000000003,0,2,11500000,"Choeng Thale, Thalang, Phuket",98.301484,,Choeng Thale,338235.0,1524.0
382.00000000000006,25216,5,Detached House,,Phuket,,7.997497,922.0,0,4,23250000,"Choeng Thale, Thalang, Phuket",98.299885,,Choeng Thale,683824.0,742.0
266.0,34313,4,Detached House,,Phuket,,8.01707,459.0,0,3,15750000,"Choeng Thale, Thalang, Phuket",98.312273,,Choeng Thale,463235.0,1009.0
33.0,107871,1,Condo,,Phuket,,7.772634,,0,1,3559770,"Rawai, Muang Phuket, Phuket",98.318416,,Rawai,104699.0,3173.0
57.0,228800,1,Condo,,Phuket,,7.894848,,0,1,13041600,"Patong, Kathu, Phuket",98.295601,,Patong,383576.0,6729.0
416.0,146634,2,Condo,,Phuket,,7.962727,,0,2,61000000,"Kammala, Kathu, Phuket",98.284332,,Kammala,1794118.0,4313.0
142.0,44500,2,Detached House,,Phuket,,7.950841,200.0,0,2,8900000,"Kammala, Kathu, Phuket",98.298776,,Kammala,261765.0,1309.0
47.0,163829,1,Condo,,Phuket,,7.961429,,0,,7700000,"Kammala, Kathu, Phuket",98.284406,,Kammala,226471.0,4818.0
60.0,276000,1,Condo,,Phuket,,7.894848,,0,1,16560000,"Patong, Kathu, Phuket",98.295601,,Patong,487059.0,8118.0
40.0,96250,1,Condo,,Phuket,,7.960614,,0,1,3850000,"Kammala, Kathu, Phuket",98.285881,,Kammala,113235.0,2831.0
1200.0,82500,7,Detached House,Fully Furnished,Phuket,,7.977028,1200.0,0,5,99000000,"Choeng Thale, Thalang, Phuket",98.280791,,Choeng Thale,2911765.0,2426.0
70.0,64142,1,Condo,,Phuket,,7.876762,,0,1,4490000,"Patong, Kathu, Phuket",98.299971,,Patong,132059.0,1887.0
671.0,32761,5,Detached House,,Phuket,,8.017067,1282.0,0,4,42000000,"Choeng Thale, Thalang, Phuket",98.30358,,Choeng Thale,1235294.0,964.0
260.0,81538,3,Condo,Fully Furnished,Phuket,,7.967693,,0,3,21200000,"Ko Kaeo, Muang Phuket, Phuket",98.390722,,Ko Kaeo,623529.0,2398.0
42.0,118095,1,Condo,,Phuket,,8.000358,,0,1,4960000,"Choeng Thale, Thalang, Phuket",98.296635,,Choeng Thale,145882.0,3473.0
57.0,115665,1,Condo,Fully Furnished,Phuket,2012.0,7.789263,,0,1,6592950,"ราไวย์ Wiset, Chalong, Muang Phuket, Phuket",98.330707,Freehold,Chalong,193910.0,3402.0
256.0,53915,4,Detached House,,Phuket,,7.797079,332.0,0,3,17900000,"Rawai, Muang Phuket, Phuket",98.330748,,Rawai,526471.0,1586.0
35.0,116619,1,Condo,Fully Furnished,Phuket,2012.0,7.789263,,0,1,4081676,"ราไวย์ Wiset, Chalong, Muang Phuket, Phuket",98.330707,Freehold,Chalong,120049.0,3430.0
39.0,66666,1,Condo,,Phuket,,8.086476,,0,1,2600000,"Sa Khu, Thalang, Phuket",98.300576,,Sa Khu,76471.0,1961.0
132.0,46791,2,Detached House,,Phuket,,8.008187,208.8,0,2,9770000,"Sri Sunthon, Thalang, Phuket",98.319699,,Sri Sunthon,287353.0,1376.0
414.0,44172,5,Detached House,,Phuket,,7.997509,590.0,0,4,26062000,"Sri Sunthon, Thalang, Phuket",98.326869,,Sri Sunthon,766529.0,1299.0
34.0,81000,1,Condo,,Phuket,,7.903174,,0,1,2754000,"Patong, Kathu, Phuket",98.304248,,Patong,81000.0,2382.0
671.0,35211,5,Detached House,,Phuket,,8.017067,1278.0,0,4,45000000,"Choeng Thale, Thalang, Phuket",98.30358,,Choeng Thale,1323529.0,1036.0
668.0,31285,6,Detached House,,Phuket,,7.993963,1400.0,0,5,43800000,"Choeng Thale, Thalang, Phuket",98.30001,,Choeng Thale,1288235.0,920.0
39.0,133333,1,Condo,Fully Furnished,Phuket,2015.0,7.902868011173183,,0,,5200000,"81 Rattahut Road, Patong, Kathu, Phuket",98.30264167638065,Freehold,Patong,152941.0,3922.0
61.00000000000001,181524,1,Condo,,Phuket,,7.783216,,0,1,11073000,"Rawai, Muang Phuket, Phuket",98.311045,,Rawai,325676.0,5339.0
450.0,26250,4,Detached House,,Phuket,,7.980609,760.0,0,3,19950000,"Choeng Thale, Thalang, Phuket",98.28434,,Choeng Thale,586765.0,772.0
600.0,73828,4,Detached House,,Phuket,,7.799646,256.0,0,4,18900000,"Rawai, Muang Phuket, Phuket",98.336311,,Rawai,555882.0,2171.0
225.0,120000,1,Condo,,Phuket,,7.962727,,0,1,27000000,"Kammala, Kathu, Phuket",98.284332,,Kammala,794118.0,3529.0
70.0,70900,2,Condo,,Phuket,,7.779957,,0,2,4963000,"Rawai, Muang Phuket, Phuket",98.314713,,Rawai,145971.0,2085.0
439.0,42622,4,Detached House,,Phuket,,7.963928,610.0,0,3,26000000,"Sri Sunthon, Thalang, Phuket",98.348271,,Sri Sunthon,764706.0,1254.0
600.0,22762,4,Detached House,,Phuket,,7.784406,1296.0,0,3,29500000,"Rawai, Muang Phuket, Phuket",98.310262,,Rawai,867647.0,669.0
56.0,151475,1,Condo,,Phuket,,7.981235,,0,,8482652,"Choeng Thale, Thalang, Phuket",98.28103,,Choeng Thale,249490.0,4455.0
522.0,40776,4,Detached House,,Phuket,,8.014956,515.0,0,4,21000000,"Choeng Thale, Thalang, Phuket",98.301807,,Choeng Thale,617647.0,1199.0
541.0,42143,5,Detached House,,Phuket,,7.907629,1283.0,0,5,54070500,"Patong, Kathu, Phuket",98.299527,,Patong,1590309.0,1240.0
156.0,103269,3,Condo,,Phuket,,7.917708,,0,3,16110000,"Patong, Kathu, Phuket",98.29133,,Patong,473824.0,3037.0
35.0,120000,1,Condo,,Phuket,,7.951789,,0,1,4200000,"Kammala, Kathu, Phuket",98.287623,,Kammala,123529.0,3529.0
466.00000000000006,81545,4,Detached House,Fully Furnished,Phuket,,8.048856,466.00000000000006,0,4,38000000,"Choeng Thale, Thalang, Phuket",98.29659,,Choeng Thale,1117647.0,2398.0
54.0,118518,2,Condo,,Phuket,,7.996463,,0,2,6400000,"Choeng Thale, Thalang, Phuket",98.301159,,Choeng Thale,188235.0,3486.0
34.0,112500,1,Condo,,Phuket,,7.903174,,0,1,3825000,"Patong, Kathu, Phuket",98.304248,,Patong,112500.0,3309.0
141.0,50000,3,Detached House,,Phuket,,8.002941,300.0,0,3,15000000,"Sri Sunthon, Thalang, Phuket",98.317811,,Sri Sunthon,441176.0,1471.0
54.0,162962,1,Condo,,Phuket,,7.961429,,0,,8800000,"Kammala, Kathu, Phuket",98.284406,,Kammala,258824.0,4793.0
393.00000000000006,32400,4,Detached House,,Phuket,,7.964034,679.0,0,3,22000000,"Sri Sunthon, Thalang, Phuket",98.348431,,Sri Sunthon,647059.0,953.0
338.0,64809,4,Detached House,,Phuket,,8.005498,335.2,0,3,21724106,"Sri Sunthon, Thalang, Phuket",98.320612,,Sri Sunthon,638944.0,1906.0
475.00000000000006,20087,3,Detached House,,Phuket,,7.772915,1369.0,0,3,27500000,"Rawai, Muang Phuket, Phuket",98.318222,,Rawai,808824.0,591.0
636.0,100000,6,Detached House,,Phuket,,7.976335,590.0,0,4,59000000,"Choeng Thale, Thalang, Phuket",98.284781,,Choeng Thale,1735294.0,2941.0
329.0,36682,4,Detached House,,Phuket,,8.021782,512.78,0,3,18810000,"Thep Krasattri, Thalang, Phuket",98.319215,,Thep Krasattri,553235.0,1079.0
39.0,66666,1,Condo,,Phuket,,8.086476,,0,1,2600000,"Sa Khu, Thalang, Phuket",98.300576,,Sa Khu,76471.0,1961.0
477.00000000000006,62683,5,Detached House,Fully Furnished,Phuket,,7.917108,477.00000000000006,0,4,29900000,"Kathu, Kathu, Phuket",98.345073,,Kathu,879412.0,1844.0
54.0,48148,1,Condo,,Phuket,,7.956146,,0,1,2600000,"Kammala, Kathu, Phuket",98.283768,,Kammala,76471.0,1416.0
455.00000000000006,109670,4,Detached House,Fully Furnished,Phuket,,7.830883,455.00000000000006,0,4,49900000,"Karon, Muang Phuket, Phuket",98.29529,,Karon,1467647.0,3226.0
,59090,3,Detached House,,Phuket,,8.030227,660.0,0,3,39000000,"Choeng Thale, Thalang, Phuket",98.300042,,Choeng Thale,1147059.0,1738.0
210.0,26470,4,Detached House,,Phuket,,7.993299,748.0,0,3,19800000,"Choeng Thale, Thalang, Phuket",98.295906,,Choeng Thale,582353.0,779.0
60.0,41666,1,Condo,Fully Furnished,Phuket,,7.897268,,0,2,2500000,"Wichit, Muang Phuket, Phuket",98.368636,,Wichit,73529.0,1225.0
,44736,3,Detached House,,Phuket,,7.884993,380.0,0,3,17000000,"Patong, Kathu, Phuket",98.303333,,Patong,500000.0,1316.0
32.0,162500,1,Condo,Fully Furnished,Phuket,2015.0,7.902868011173183,,0,,5200000,"81 Rattahut Road, Patong, Kathu, Phuket",98.30264167638065,Freehold,Patong,152941.0,4779.0
95.0,114515,2,Condo,Fully Furnished,Phuket,2012.0,7.789263,,0,2,10879000,"ราไวย์ Wiset, Chalong, Muang Phuket, Phuket",98.330707,Freehold,Chalong,319971.0,3368.0
110.0,129202,2,Condo,Fully Furnished,Phuket,2012.0,7.789263,,0,2,14212275,"ราไวย์ Wiset, Chalong, Muang Phuket, Phuket",98.330707,Freehold,Chalong,418008.0,3800.0
319.0,96909,4,Detached House,,Phuket,,7.978536,233.00000000000003,0,4,22580000,"Choeng Thale, Thalang, Phuket",98.285027,,Choeng Thale,664118.0,2850.0
,63545,4,Detached House,,Phuket,,7.985453,598.0,0,4,38000000,"Choeng Thale, Thalang, Phuket",98.295857,,Choeng Thale,1117647.0,1869.0
70.0,64142,1,Condo,,Phuket,,7.876762,,0,1,4490000,"Patong, Kathu, Phuket",98.299971,,Patong,132059.0,1887.0
110.0,30000,2,Detached House,,Phuket,,7.806742,320.0,0,3,9600000,"Rawai, Muang Phuket, Phuket",98.334943,,Rawai,282353.0,882.0
35.0,102857,1,Condo,Fully Furnished,Phuket,2012.0,7.789263,,0,1,3600000,"ราไวย์ Wiset, Chalong, Muang Phuket, Phuket",98.330707,Freehold,Chalong,105882.0,3025.0
96.0,83229,2,Condo,,Phuket,2015.0,8.154175769124732,,0,2,7990000,"8 Moo 3, Mai Khao, Thalang, Phuket",98.2978065925904,Freehold,Mai Khao,235000.0,2448.0
982.0,233333,5,Detached House,,Phuket,,7.810553,900.0,0,4,210000000,"Karon, Muang Phuket, Phuket",98.296506,,Karon,6176471.0,6863.0
36.0,135474,1,Condo,,Phuket,,7.980125,,0,1,4877072,"Choeng Thale, Thalang, Phuket",98.283301,,Choeng Thale,143443.0,3985.0
72.0,84708,2,Condo,,Phuket,,8.086476,,0,2,6099000,"Sa Khu, Thalang, Phuket",98.300576,,Sa Khu,179382.0,2491.0
70.0,157142,,Condo,,Phuket,,7.853215,,0,2,11000000,"Karon, Muang Phuket, Phuket",98.295667,,Karon,323529.0,4622.0
45.0,145000,1,Condo,,Phuket,,7.88299,,0,1,6525000,"Patong, Kathu, Phuket",98.275775,,Patong,191912.0,4265.0
41.0,122439,1,Condo,,Phuket,,7.996463,,0,1,5020000,"Choeng Thale, Thalang, Phuket",98.301159,,Choeng Thale,147647.0,3601.0
71.0,70098,2,Condo,,Phuket,,7.779957,,0,2,4977000,"Rawai, Muang Phuket, Phuket",98.314713,,Rawai,146382.0,2062.0
370.0,55231,4,Detached House,,Phuket,,7.991428,353.23,0,3,19509380,"Choeng Thale, Thalang, Phuket",98.299236,,Choeng Thale,573805.0,1624.0
57.99999999999999,136310,1,Condo,Fully Furnished,Phuket,,7.837789,,0,1,7906000,"Karon, Muang Phuket, Phuket",98.301458,,Karon,232529.0,4009.0
240.0,123227,3,Detached House,,Phuket,,7.978108,241.91,0,3,29810000,"Choeng Thale, Thalang, Phuket",98.285533,,Choeng Thale,876765.0,3624.0
352.0,115652,3,Detached House,,Phuket,,7.999323,187.0,0,3,21627000,"Choeng Thale, Thalang, Phuket",98.310074,,Choeng Thale,636088.0,3402.0
671.0,29609,5,Detached House,,Phuket,,8.017067,1486.0,0,4,44000000,"Choeng Thale, Thalang, Phuket",98.30358,,Choeng Thale,1294118.0,871.0
190.0,61635,2,Detached House,,Phuket,,7.985812,159.0,0,3,9800000,"Sri Sunthon, Thalang, Phuket",98.324112,,Sri Sunthon,288235.0,1813.0
414.0,29588,6,Detached House,,Phuket,,8.068658,616.8,0,5,18250000,"Sa Khu, Thalang, Phuket",98.291026,,Sa Khu,536765.0,870.0
69.0,107167,1,Condo,,Phuket,,7.772634,,0,2,7394560,"Rawai, Muang Phuket, Phuket",98.318416,,Rawai,217487.0,3152.0
150.0,56666,3,Detached House,Unfurnished,Phuket,,7.985291,150.0,0,3,8500000,"Pa Khlok, Thalang, Phuket",98.390162,,Pa Khlok,250000.0,1667.0
52.0,123673,1,Condo,Fully Furnished,Phuket,,7.833622,,0,1,6431000,"Karon, Muang Phuket, Phuket",98.299141,,Karon,189147.0,3637.0
444.00000000000006,33457,4,Detached House,,Phuket,,7.811315,538.0,0,4,18000000,"Karon, Muang Phuket, Phuket",98.299538,,Karon,529412.0,984.0
75.0,126666,1,Condo,,Phuket,,7.883729,,0,1,9500000,"Patong, Kathu, Phuket",98.274069,,Patong,279412.0,3725.0
36.0,156388,1,Condo,,Phuket,,7.978085,,0,1,5630000,"Choeng Thale, Thalang, Phuket",98.285527,,Choeng Thale,165588.0,4600.0
102.0,32480,2,Detached House,,Phuket,,7.812693,254.00000000000003,0,3,8250000,"Rawai, Muang Phuket, Phuket",98.331044,,Rawai,242647.0,955.0
204.0,24489,4,Detached House,,Phuket,,7.777013,490.0,0,3,12000000,"Rawai, Muang Phuket, Phuket",98.322714,,Rawai,352941.0,720.0
35.0,125467,1,Condo,,Phuket,,7.985111,,0,1,4391350,"Choeng Thale, Thalang, Phuket",98.296605,,Choeng Thale,129157.0,3690.0
576.0,54409,4,Detached House,,Phuket,,7.908069,1054.0,0,4,57347500,"Patong, Kathu, Phuket",98.299658,,Patong,1686691.0,1600.0
460.0,173913,3,Detached House,Fully Furnished,Phuket,,7.882769,460.0,0,3,80000000,"Patong, Kathu, Phuket",98.29423,,Patong,2352941.0,5115.0
95.0,137418,2,Condo,Fully Furnished,Phuket,2012.0,7.789263,,0,2,13054800,"ราไวย์ Wiset, Chalong, Muang Phuket, Phuket",98.330707,Freehold,Chalong,383965.0,4042.0
49.99999999999999,129400,1,Condo,,Phuket,,8.000358,,0,1,6470000,"Choeng Thale, Thalang, Phuket",98.296635,,Choeng Thale,190294.0,3806.0
260.0,44482,3,Detached House,,Phuket,,7.99933,290.0,0,3,12900000,"Sri Sunthon, Thalang, Phuket",98.320241,,Sri Sunthon,379412.0,1308.0
710.0,69014,6,Detached House,Fully Furnished,Phuket,,7.918309,710.0,0,4,49000000,"Patong, Kathu, Phuket",98.288507,,Patong,1441176.0,2030.0
600.0,36263,5,Detached House,,Phuket,,8.0213463078329,910.0,0,5,33000000,"Thep Krasattri, Thalang, Phuket",98.318025163243,,Thep Krasattri,970588.0,1067.0
297.0,47138,4,Detached House,,Phuket,,8.019976,297.0,0,3,14000000,"Thep Krasattri, Thalang, Phuket",98.317294,,Thep Krasattri,411765.0,1386.0
38.0,92105,1,Condo,,Phuket,,8.086476,,0,1,3500000,"Sa Khu, Thalang, Phuket",98.300576,,Sa Khu,102941.0,2709.0
230.0,51666,2,Detached House,,Phuket,,7.9729,600.0,0,2,31000000,"Choeng Thale, Thalang, Phuket",98.27955,,Choeng Thale,911765.0,1520.0
24.000000000000004,114583,1,Condo,,Phuket,2019.0,7.896310937532187,,0,,2750000,"Vichitsongkram Road, Kathu, Kathu, Phuket",98.35070775622904,Freehold,Kathu,80882.0,3370.0
427.0,33589,4,Detached House,,Phuket,,7.784406,640.7,0,3,21521000,"Rawai, Muang Phuket, Phuket",98.310262,,Rawai,632971.0,988.0
34.0,145117,1,Condo,,Phuket,,7.980125,,0,1,4934000,"Choeng Thale, Thalang, Phuket",98.283301,,Choeng Thale,145118.0,4268.0
80.0,110000,1,Condo,,Phuket,,7.804098,,0,1,8800000,"Rawai, Muang Phuket, Phuket",98.33151,,Rawai,258824.0,3235.0
178.0,170224,3,Condo,,Phuket,,8.000577,,0,2,30300000,"Choeng Thale, Thalang, Phuket",98.297156,,Choeng Thale,891176.0,5007.0
1599.9999999999998,240384,10,Detached House,,Phuket,,7.972189,1040.0,0,11,250000000,"Choeng Thale, Thalang, Phuket",98.279696,,Choeng Thale,7352941.0,7070.0
140.0,24814,3,Detached House,,Phuket,,7.812219,270.0,0,3,6700000,"Rawai, Muang Phuket, Phuket",98.330439,,Rawai,197059.0,730.0
1200.0,53763,5,Detached House,,Phuket,,7.8965763,2232.0,0,4,120000000,"Patong, Kathu, Phuket",98.3021044,,Patong,3529412.0,1581.0
118.0,38194,2,Detached House,,Phuket,,7.847447,144.0,0,2,5500000,"Chalong, Muang Phuket, Phuket",98.361358,,Chalong,161765.0,1123.0
40.0,108000,1,Condo,Fully Furnished,Phuket,2012.0,7.789263,,0,1,4320000,"ราไวย์ Wiset, Chalong, Muang Phuket, Phuket",98.330707,Freehold,Chalong,127059.0,3176.0
450.0,77777,7,Detached House,Fully Furnished,Phuket,,7.775453,450.0,0,7,35000000,"Rawai, Muang Phuket, Phuket",98.327403,,Rawai,1029412.0,2288.0
353.0,34082,4,Detached House,,Phuket,,7.784406,542.8,0,3,18500000,"Rawai, Muang Phuket, Phuket",98.310262,,Rawai,544118.0,1002.0
34.0,150176,1,Condo,,Phuket,,7.980125,,0,1,5106000,"Choeng Thale, Thalang, Phuket",98.283301,,Choeng Thale,150176.0,4417.0
39.0,66666,1,Condo,,Phuket,,8.086476,,0,1,2600000,"Sa Khu, Thalang, Phuket",98.300576,,Sa Khu,76471.0,1961.0
35.0,121428,1,Condo,Unfurnished,Phuket,,7.95437,,0,1,4250000,"Kammala, Kathu, Phuket",98.287054,,Kammala,125000.0,3571.0
41.0,119024,1,Condo,,Phuket,,7.996463,,0,1,4880000,"Choeng Thale, Thalang, Phuket",98.301159,,Choeng Thale,143529.0,3501.0
45.0,116918,1,Condo,Fully Furnished,Phuket,2012.0,7.789263,,0,1,5261351,"ราไวย์ Wiset, Chalong, Muang Phuket, Phuket",98.330707,Freehold,Chalong,154746.0,3439.0
450.0,19285,4,Detached House,,Phuket,,7.772915,1400.0,0,4,27000000,"Rawai, Muang Phuket, Phuket",98.318222,,Rawai,794118.0,567.0
124.0,112822,2,Condo,,Phuket,2015.0,8.154175769124732,,0,2,13990000,"8 Moo 3, Mai Khao, Thalang, Phuket",98.2978065925904,Freehold,Mai Khao,411471.0,3318.0
126.0,38592,2,Detached House,,Phuket,,7.847447,146.4,0,2,5650000,"Chalong, Muang Phuket, Phuket",98.361358,,Chalong,166176.0,1135.0
693.0,38483,5,Detached House,,Phuket,,8.038736,980.0,0,4,37714000,"Thep Krasattri, Thalang, Phuket",98.317841,,Thep Krasattri,1109235.0,1132.0
326.0,64651,3,Detached House,,Phuket,,8.006223,215.0,0,3,13900000,"Sri Sunthon, Thalang, Phuket",98.317086,,Sri Sunthon,408824.0,1902.0
365.0,277777,3,Detached House,,Phuket,,7.937314,90.0,0,3,25000000,"Ko Kaeo, Muang Phuket, Phuket",98.396604,,Ko Kaeo,735294.0,8170.0
170.0,26520,3,Detached House,,Phuket,,7.846383,250.0,0,3,6630000,"Chalong, Muang Phuket, Phuket",98.338359,,Chalong,195000.0,780.0
67.0,125589,2,Condo,,Phuket,,7.988492,,0,2,8414500,"Choeng Thale, Thalang, Phuket",98.294473,,Choeng Thale,247485.0,3694.0
49.99999999999999,80000,1,Condo,Fully Furnished,Phuket,,7.777159,,0,1,4000000,"Rawai, Muang Phuket, Phuket",98.33107,,Rawai,117647.0,2353.0
34.0,138529,1,Condo,,Phuket,,8.00193,,0,1,4710000,"Choeng Thale, Thalang, Phuket",98.299442,,Choeng Thale,138529.0,4074.0
69.0,114146,2,Condo,,Phuket,,7.985111,,0,2,7876100,"Choeng Thale, Thalang, Phuket",98.296605,,Choeng Thale,231650.0,3357.0
57.99999999999999,70060,1,Condo,,Phuket,,7.779958,,0,1,4063500,"Rawai, Muang Phuket, Phuket",98.314714,,Rawai,119515.0,2061.0
34.0,91800,1,Condo,,Phuket,,7.903174,,0,1,3121200,"Patong, Kathu, Phuket",98.304248,,Patong,91800.0,2700.0
1001.0,23844,6,Detached House,,Phuket,,7.993723,1635.6,0,5,39000000,"Pa Khlok, Thalang, Phuket",98.406954,,Pa Khlok,1147059.0,701.0
223.00000000000003,165600,2,Condo,,Phuket,,7.824588,,0,3,36928800,"Karon, Muang Phuket, Phuket",98.303647,,Karon,1086141.0,4871.0
180.0,59574,3,Detached House,,Phuket,,8.116276,470.0,0,3,28000000,"Mai Khao, Thalang, Phuket",98.306651,,Mai Khao,823529.0,1752.0
33.0,143560,1,Condo,,Phuket,,7.988492,,0,1,4737500,"Choeng Thale, Thalang, Phuket",98.294473,,Choeng Thale,139338.0,4222.0
121.0,96341,3,Detached House,,Phuket,,7.94201,82.0,0,3,7900000,"Kammala, Kathu, Phuket",98.292034,,Kammala,232353.0,2834.0
292.0,222929,2,Detached House,,Phuket,,8.002758,157.0,0,2,35000000,"Choeng Thale, Thalang, Phuket",98.294114,,Choeng Thale,1029412.0,6557.0
1110.0,51040,5,Detached House,,Phuket,,7.883302,1110.0,0,4,56655000,"Patong, Kathu, Phuket",98.296888,,Patong,1666324.0,1501.0
407.0,144963,2,Condo,,Phuket,,7.962727,,0,2,59000000,"Kammala, Kathu, Phuket",98.284332,,Kammala,1735294.0,4264.0
36.0,141166,1,Condo,,Phuket,,7.978085,,0,1,5082000,"Choeng Thale, Thalang, Phuket",98.285527,,Choeng Thale,149471.0,4152.0
51.0,137666,1,Condo,Fully Furnished,Phuket,,7.835663,,0,1,7021000,"Karon, Muang Phuket, Phuket",98.301287,,Karon,206500.0,4049.0
194.0,35526,3,Detached House,,Phuket,,8.068658,304.0,0,3,10800000,"Sa Khu, Thalang, Phuket",98.291026,,Sa Khu,317647.0,1045.0
36.0,94444,1,Condo,,Phuket,,8.086476,,0,1,3400000,"Sa Khu, Thalang, Phuket",98.300576,,Sa Khu,100000.0,2778.0
788.0,53488,6,Detached House,,Phuket,,8.016423,2150.0,0,5,115000000,"Choeng Thale, Thalang, Phuket",98.292851,,Choeng Thale,3382353.0,1573.0
343.0,99655,4,Detached House,,Phuket,,8.039976,290.0,0,4,28900000,"Choeng Thale, Thalang, Phuket",98.295106,,Choeng Thale,850000.0,2931.0
36.0,102777,1,Condo,,Phuket,,7.992199,,0,,3700000,"Choeng Thale, Thalang, Phuket",98.293922,,Choeng Thale,108824.0,3023.0
45.0,92400,1,Condo,,Phuket,,7.945932,,0,,4158000,"Kammala, Kathu, Phuket",98.296921,,Kammala,122294.0,2718.0
148.0,79729,2,Detached House,Fully Furnished,Phuket,,7.884405,148.0,0,2,11800000,"Patong, Kathu, Phuket",98.295496,,Patong,347059.0,2345.0
396.0,55968,3,Detached House,,Phuket,,7.944981,377.0,0,3,21100000,"Kammala, Kathu, Phuket",98.292279,,Kammala,620588.0,1646.0
450.0,25976,4,Detached House,,Phuket,,7.982373,768.0000000000001,0,3,19950000,"Choeng Thale, Thalang, Phuket",98.288886,,Choeng Thale,586765.0,764.0
1241.0,74175,5,Detached House,,Phuket,,7.963829,910.0,0,4,67500000,"Sri Sunthon, Thalang, Phuket",98.348255,,Sri Sunthon,1985294.0,2182.0
34.0,173529,,Condo,Fully Furnished,Phuket,,7.885466,,0,2,5900000,"Patong, Kathu, Phuket",98.293648,,Patong,173529.0,5104.0
173.0,72531,3,Condo,,Phuket,,7.979684,,0,3,12548000,"Choeng Thale, Thalang, Phuket",98.286004,,Choeng Thale,369059.0,2133.0
71.0,70000,2,Condo,,Phuket,,7.779957,,0,2,4970000,"Rawai, Muang Phuket, Phuket",98.314713,,Rawai,146176.0,2059.0
35.0,151428,1,Condo,,Phuket,,7.853215,,0,1,5300000,"Karon, Muang Phuket, Phuket",98.295667,,Karon,155882.0,4454.0
473.0,53911,4,Detached House,Fully Furnished,Phuket,2012.0,7.789263,473.0,0,3,25500000,"ราไวย์ Wiset, Chalong, Muang Phuket, Phuket",98.330707,Freehold,Chalong,750000.0,1586.0
230.0,95217,4,Detached House,Fully Furnished,Phuket,2012.0,7.789263,230.0,0,4,21900000,"ราไวย์ Wiset, Chalong, Muang Phuket, Phuket",98.330707,Freehold,Chalong,644118.0,2800.0
155.0,56774,,Detached House,Fully Furnished,Phuket,,7.8816,155.0,0,1,8800000,"Patong, Kathu, Phuket",98.294166,,Patong,258824.0,1670.0
53.00000000000001,178867,2,Condo,,Phuket,,8.00193,,0,2,9480000,"Choeng Thale, Thalang, Phuket",98.299442,,Choeng Thale,278824.0,5261.0
69.0,101101,1,Condo,,Phuket,,7.772634,,0,2,6976000,"Rawai, Muang Phuket, Phuket",98.318416,,Rawai,205176.0,2974.0
36.0,139722,1,Condo,,Phuket,,7.992199,,0,,5030000,"Choeng Thale, Thalang, Phuket",98.293922,,Choeng Thale,147941.0,4109.0
70.0,171428,1,Condo,Fully Furnished,Phuket,2015.0,8.154175769124732,,0,1,12000000,"8 Moo 3, Mai Khao, Thalang, Phuket",98.2978065925904,Freehold,Mai Khao,352941.0,5042.0
43.0,131148,1,Condo,Fully Furnished,Phuket,2021.0,7.879898,,0,1,5639400,"Soi Verakij, Patong, Kathu, Phuket",98.297687,Freehold,Patong,165865.0,3857.0
135.0,68518,2,Condo,,Phuket,,8.092895,,0,2,9250000,"Sa Khu, Thalang, Phuket",98.300105,,Sa Khu,272059.0,2015.0
120.0,25000,2,Detached House,,Phuket,,7.808566,320.0,0,3,8000000,"Rawai, Muang Phuket, Phuket",98.331514,,Rawai,235294.0,735.0
43.0,74418,1,Condo,Fully Furnished,Phuket,2021.0,7.879898,,0,1,3200000,"Soi Verakij, Patong, Kathu, Phuket",98.297687,Freehold,Patong,94118.0,2189.0
35.0,139739,1,Condo,,Phuket,,7.853215,,0,1,4890880,"Karon, Muang Phuket, Phuket",98.295667,,Karon,143849.0,4110.0
485.0,46666,4,Detached House,,Phuket,,7.991428,560.68,0,3,26164720,"Choeng Thale, Thalang, Phuket",98.299236,,Choeng Thale,769551.0,1373.0
259.0,39797,3,Detached House,,Phuket,,7.980805,276.4,0,3,11000000,"Sri Sunthon, Thalang, Phuket",98.329445,,Sri Sunthon,323529.0,1170.0
400.0,70000,3,Detached House,Fully Furnished,Phuket,,8.117316,400.0,0,3,28000000,"Mai Khao, Thalang, Phuket",98.306393,,Mai Khao,823529.0,2059.0
799.9999999999999,22575,4,Detached House,,Phuket,,7.929769,660.0,0,4,14900000,"Kathu, Kathu, Phuket",98.33019,,Kathu,438235.0,664.0
1080.0,42058,6,Detached House,,Phuket,,7.987588,3400.0,0,5,143000000,"Pa Khlok, Thalang, Phuket",98.420318,,Pa Khlok,4205882.0,1237.0
75.0,150989,1,Condo,,Phuket,,7.981235,,0,1,11324239,"Choeng Thale, Thalang, Phuket",98.28103,,Choeng Thale,333066.0,4441.0
112.0,70437,2,Condo,,Phuket,,7.779958,,0,2,7889000,"Rawai, Muang Phuket, Phuket",98.314714,,Rawai,232029.0,2072.0
27.0,70370,1,Condo,,Phuket,,7.890716,,0,1,1900000,"Wichit, Muang Phuket, Phuket",98.363214,,Wichit,55882.0,2070.0
44.0,134116,1,Condo,Unfurnished,Phuket,,7.980236,,0,1,5901114,"Choeng Thale, Thalang, Phuket",98.283735,,Choeng Thale,173562.0,3945.0
169.0,35347,2,Detached House,,Phuket,,7.979147,311.2,0,2,11000000,"Sri Sunthon, Thalang, Phuket",98.32798,,Sri Sunthon,323529.0,1040.0
208.0,40236,3,Detached House,,Phuket,,7.840864,186.4,0,3,7500000,"Chalong, Muang Phuket, Phuket",98.362359,,Chalong,220588.0,1183.0
38.0,86315,1,Condo,,Phuket,,8.086476,,0,1,3280000,"Sa Khu, Thalang, Phuket",98.300576,,Sa Khu,96471.0,2539.0
256.0,53915,4,Detached House,,Phuket,,7.795932,332.0,0,3,17900000,"Rawai, Muang Phuket, Phuket",98.328538,,Rawai,526471.0,1586.0
294.0,38418,2,Detached House,Fully Furnished,Phuket,2012.0,7.789263,294.0,0,2,11295000,"ราไวย์ Wiset, Chalong, Muang Phuket, Phuket",98.330707,Freehold,Chalong,332206.0,1130.0
204.0,51861,3,Detached House,,Phuket,,7.94689,403.0,0,3,20900000,"Kammala, Kathu, Phuket",98.292677,,Kammala,614706.0,1525.0
280.0,62500,4,Condo,,Phuket,,7.814916,,0,3,17500000,"Wichit, Muang Phuket, Phuket",98.386397,,Wichit,514706.0,1838.0
34.0,73235,1,Condo,Fully Furnished,Phuket,,7.88994,,0,1,2490000,"Wichit, Muang Phuket, Phuket",98.366356,,Wichit,73235.0,2154.0
49.99999999999999,70280,1,Condo,,Phuket,,7.779957,,0,1,3514000,"Rawai, Muang Phuket, Phuket",98.314713,,Rawai,103353.0,2067.0
360.0,120967,3,Detached House,,Phuket,,7.878686,124.0,0,2,15000000,"Patong, Kathu, Phuket",98.293597,,Patong,441176.0,3558.0
200.0,85000,3,Detached House,Fully Furnished,Phuket,,8.031098,200.0,0,3,17000000,"Choeng Thale, Thalang, Phuket",98.300171,,Choeng Thale,500000.0,2500.0
210.0,32727,2,Detached House,,Phuket,,7.90052,275.0,0,2,9000000,"Kathu, Kathu, Phuket",98.32855,,Kathu,264706.0,963.0
45.0,101111,1,Condo,Unfurnished,Phuket,,7.892907,,0,2,4550000,"Patong, Kathu, Phuket",98.309347,,Patong,133824.0,2974.0
233.00000000000003,171673,4,Condo,,Phuket,,8.000577,,0,3,40000000,"Choeng Thale, Thalang, Phuket",98.297156,,Choeng Thale,1176471.0,5049.0
73.0,134834,1,Condo,Fully Furnished,Phuket,2012.0,7.789263,,0,1,9842900,"ราไวย์ Wiset, Chalong, Muang Phuket, Phuket",98.330707,Freehold,Chalong,289497.0,3966.0
48.00000000000001,94901,1,Condo,Fully Furnished,Phuket,2012.0,7.789263,,0,2,4555250,"ราไวย์ Wiset, Chalong, Muang Phuket, Phuket",98.330707,Freehold,Chalong,133978.0,2791.0
35.0,118000,1,Condo,,Phuket,,8.028537,,0,1,4130000,"Choeng Thale, Thalang, Phuket",98.299397,,Choeng Thale,121471.0,3471.0
117.0,84615,2,Condo,,Phuket,,8.061407,,0,2,9900000,"Sa Khu, Thalang, Phuket",98.277854,,Sa Khu,291176.0,2489.0
330.0,44320,4,Detached House,,Phuket,,7.997509,468.0,0,3,20742000,"Sri Sunthon, Thalang, Phuket",98.326869,,Sri Sunthon,610059.0,1304.0
90.0,103333,2,Condo,Fully Furnished,Phuket,,7.83451,,0,2,9300000,"Karon, Muang Phuket, Phuket",98.29999,,Karon,273529.0,3039.0
56.0,99910,2,Condo,Fully Furnished,Phuket,2012.0,7.789263,,0,2,5595000,"ราไวย์ Wiset, Chalong, Muang Phuket, Phuket",98.330707,Freehold,Chalong,164559.0,2939.0
26.0,99615,1,Condo,,Phuket,,7.985111,,0,1,2590000,"Choeng Thale, Thalang, Phuket",98.296605,,Choeng Thale,76176.0,2930.0
370.0,89097,5,Detached House,Unfurnished,Phuket,,7.991115,370.0,0,4,32966000,"Choeng Thale, Thalang, Phuket",98.296919,,Choeng Thale,969588.0,2620.0
313.0,86489,2,Detached House,,Phuket,,7.775058,182.41,0,2,15776509,"Rawai, Muang Phuket, Phuket",98.322309,,Rawai,464015.0,2544.0
79.0,157594,2,Condo,Fully Furnished,Phuket,2015.0,8.154175769124732,,0,2,12450000,"8 Moo 3, Mai Khao, Thalang, Phuket",98.2978065925904,Freehold,Mai Khao,366176.0,4635.0
433.0,41287,3,Detached House,,Phuket,,8.038736,627.0,0,3,25887000,"Thep Krasattri, Thalang, Phuket",98.317841,,Thep Krasattri,761382.0,1214.0
332.0,105421,6,Condo,,Phuket,,7.917708,,0,5,35000000,"Patong, Kathu, Phuket",98.29133,,Patong,1029412.0,3101.0
45.0,91000,1,Condo,Unfurnished,Phuket,2021.0,7.879898,,0,2,4095000,"Soi Verakij, Patong, Kathu, Phuket",98.297687,Freehold,Patong,120441.0,2676.0
161.0,40786,4,Detached House,,Phuket,,7.840821,208.40000000000003,0,3,8500000,"Chalong, Muang Phuket, Phuket",98.362926,,Chalong,250000.0,1200.0
122.0,122950,2,Condo,,Phuket,,7.883729,,0,2,15000000,"Patong, Kathu, Phuket",98.274069,,Patong,441176.0,3616.0
900.0,275000,10,Detached House,,Phuket,,7.811334,600.0,0,8,165000000,"Karon, Muang Phuket, Phuket",98.296221,,Karon,4852941.0,8088.0
284.0,39313,2,Detached House,Fully Furnished,Phuket,2012.0,7.789263,284.0,0,2,11165000,"ราไวย์ Wiset, Chalong, Muang Phuket, Phuket",98.330707,Freehold,Chalong,328382.0,1156.0
133.0,40573,2,Detached House,,Phuket,,8.039976,244.00000000000003,0,2,9900000,"Choeng Thale, Thalang, Phuket",98.295106,,Choeng Thale,291176.0,1193.0
279.0,39910,2,Detached House,Fully Furnished,Phuket,2012.0,7.789263,279.0,0,2,11135000,"ราไวย์ Wiset, Chalong, Muang Phuket, Phuket",98.330707,Freehold,Chalong,327500.0,1174.0
43.0,135837,1,Condo,Fully Furnished,Phuket,,7.835366,,0,1,5841000,"Karon, Muang Phuket, Phuket",98.299913,,Karon,171794.0,3995.0
39.0,66666,1,Condo,,Phuket,,8.086476,,0,1,2600000,"Sa Khu, Thalang, Phuket",98.300576,,Sa Khu,76471.0,1961.0
210.0,138095,2,Condo,,Phuket,,8.000577,,0,2,29000000,"Choeng Thale, Thalang, Phuket",98.297156,,Choeng Thale,852941.0,4062.0
185.0,37391,3,Detached House,,Phuket,,7.998473,345.0,0,3,12900000,"Choeng Thale, Thalang, Phuket",98.314151,,Choeng Thale,379412.0,1100.0
65.0,100000,1,Condo,,Phuket,,7.981235,,0,2,6500000,"Choeng Thale, Thalang, Phuket",98.28103,,Choeng Thale,191176.0,2941.0
272.0,66139,3,Detached House,Unfurnished,Phuket,2012.0,7.789263,272.0,0,3,17990000,"ราไวย์ Wiset, Chalong, Muang Phuket, Phuket",98.330707,Freehold,Chalong,529118.0,1945.0
288.0,24561,2,Detached House,Unfurnished,Phuket,,8.021516,288.0,0,3,7073700,"Thep Krasattri, Thalang, Phuket",98.322837,,Thep Krasattri,208050.0,722.0
600.0,36065,4,Detached House,,Phuket,,8.016353,915.0,0,4,33000000,"Choeng Thale, Thalang, Phuket",98.313147,,Choeng Thale,970588.0,1061.0
850.0,19393,6,Detached House,,Phuket,,7.818776,3300.0,0,4,64000000,"Wichit, Muang Phuket, Phuket",98.385608,,Wichit,1882353.0,570.0
75.0,118666,1,Detached House,,Phuket,2020.0,7.946718,75.0,0,1,8900000,"Kammala, Kathu, Phuket",98.268805,Freehold,Kammala,261765.0,3490.0
49.0,89081,1,Condo,Fully Furnished,Phuket,2012.0,7.789263,,0,1,4365000,"ราไวย์ Wiset, Chalong, Muang Phuket, Phuket",98.330707,Freehold,Chalong,128382.0,2620.0
53.00000000000001,134990,1,Condo,Unfurnished,Phuket,,7.979957,,0,1,7154496,"Choeng Thale, Thalang, Phuket",98.283449,,Choeng Thale,210426.0,3970.0
,14375,,Detached House,,Phuket,,7.940158,2080.0,0,,29900000,"Kammala, Kathu, Phuket",98.293763,,Kammala,879412.0,423.0
49.99999999999999,58000,1,Condo,Fully Furnished,Phuket,2021.0,7.879898,,0,1,2900000,"Soi Verakij, Patong, Kathu, Phuket",98.297687,Freehold,Patong,85294.0,1706.0
117.0,38333,1,Detached House,,Phuket,,8.008275,180.0,0,1,6900000,"Sri Sunthon, Thalang, Phuket",98.319701,,Sri Sunthon,202941.0,1127.0
61.00000000000001,184803,1,Condo,,Phuket,,7.783216,,0,1,11273000,"Rawai, Muang Phuket, Phuket",98.311045,,Rawai,331559.0,5435.0
85.0,133270,2,Condo,Fully Furnished,Phuket,,7.836598,,0,2,11328000,"Karon, Muang Phuket, Phuket",98.300343,,Karon,333176.0,3920.0
90.0,119700,1,Condo,,Phuket,,7.883729,,0,1,10773000,"Patong, Kathu, Phuket",98.274069,,Patong,316853.0,3521.0
80.0,115071,2,Condo,Fully Furnished,Phuket,2012.0,7.789263,,0,2,9205750,"ราไวย์ Wiset, Chalong, Muang Phuket, Phuket",98.330707,Freehold,Chalong,270757.0,3384.0
950.0,62765,7,Detached House,,Phuket,,7.973699,940.0,0,6,59000000,"Choeng Thale, Thalang, Phuket",98.294401,,Choeng Thale,1735294.0,1846.0
54.0,162433,1,Condo,,Phuket,,7.980125,,0,1,8771407,"Choeng Thale, Thalang, Phuket",98.283301,,Choeng Thale,257983.0,4777.0
,28888,4,Detached House,,Phuket,,7.789702,450.0,0,3,13000000,"Rawai, Muang Phuket, Phuket",98.312788,,Rawai,382353.0,850.0
24.000000000000004,114583,1,Condo,,Phuket,2019.0,7.896310937532187,,0,,2750000,"Vichitsongkram Road, Kathu, Kathu, Phuket",98.35070775622904,Freehold,Kathu,80882.0,3370.0
173.0,171676,3,Condo,,Phuket,,8.000577,,0,2,29700000,"Choeng Thale, Thalang, Phuket",98.297156,,Choeng Thale,873529.0,5049.0
62.0,132741,2,Condo,,Phuket,,8.000358,,0,2,8230000,"Choeng Thale, Thalang, Phuket",98.296635,,Choeng Thale,242059.0,3904.0
370.0,54078,4,Detached House,,Phuket,,7.991428,361.7,0,3,19560200,"Choeng Thale, Thalang, Phuket",98.299236,,Choeng Thale,575300.0,1591.0
207.0,44346,2,Detached House,,Phuket,,8.00806,306.0,0,3,13570000,"Sri Sunthon, Thalang, Phuket",98.319651,,Sri Sunthon,399118.0,1304.0
54.0,138518,2,Condo,,Phuket,,7.996463,,0,2,7480000,"Choeng Thale, Thalang, Phuket",98.301159,,Choeng Thale,220000.0,4074.0
220.0,66000,5,Detached House,,Phuket,,7.795218,300.0,0,4,19800000,"Rawai, Muang Phuket, Phuket",98.326512,,Rawai,582353.0,1941.0
36.0,65277,1,Condo,,Phuket,,8.120488,,0,1,2350000,"Mai Khao, Thalang, Phuket",98.306879,,Mai Khao,69118.0,1920.0
219.0,47826,4,Detached House,,Phuket,,7.979843,575.0,0,3,27500000,"Choeng Thale, Thalang, Phuket",98.297252,,Choeng Thale,808824.0,1407.0
147.0,42592,2,Detached House,,Phuket,,7.944577,216.0,0,3,9200000,"Kammala, Kathu, Phuket",98.287671,,Kammala,270588.0,1253.0
1000.0,20000,6,Detached House,Fully Furnished,Phuket,,7.926425,1000.0,0,4,20000000,"Kathu, Kathu, Phuket",98.328642,,Kathu,588235.0,588.0
62.0,56451,,Condo,,Phuket,2014.0,7.9118,,0,,3500000,"Wichit Songkhram  Wichit Songkhram, Kathu, Kathu, Phuket",98.349717,Freehold,Kathu,102941.0,1660.0
100.0,17788,2,Detached House,,Phuket,,7.8402922,104.0,0,2,1850000,"-, Chalong, Muang Phuket, Phuket",98.3449368,,Chalong,54412.0,523.0
1200.0,64181,8,Detached House,,Phuket,,8.024417,1688.9999999999998,0,5,108402000,"Choeng Thale, Thalang, Phuket",98.305577,,Choeng Thale,3188294.0,1888.0
40.0,116802,1,Condo,,Phuket,,7.781023,,0,,4672080,"Rawai, Muang Phuket, Phuket",98.314713,,Rawai,137414.0,3435.0
56.0,110103,1,Condo,,Phuket,,7.781023,,0,1,6165768,"Rawai, Muang Phuket, Phuket",98.314713,,Rawai,181346.0,3238.0
32.0,138190,1,Condo,,Phuket,,7.781023,,0,,4422096,"Rawai, Muang Phuket, Phuket",98.314713,,Rawai,130062.0,4064.0
32.0,125769,1,Condo,,Phuket,,7.781023,,0,,4024608,"Rawai, Muang Phuket, Phuket",98.314713,,Rawai,118371.0,3699.0
490.0,54336,4,Detached House,,Phuket,,7.9947411,957.0,0,5,52000000,"Choeng Thale, Thalang, Phuket",98.3009393,,Choeng Thale,1529412.0,1598.0
640.0,29687,4,Detached House,Unfurnished,Phuket,,7.9344875,640.0,0,4,19000000,"Ratsada, Muang Phuket, Phuket",98.3801406,,Ratsada,558824.0,873.0
120.0,18750,2,Detached House,Fully Furnished,Phuket,,7.8608065203588,232.0,0,2,4350000,"Wichit, Muang Phuket, Phuket",98.369020932231,,Wichit,127941.0,551.0
30.0,53000,1,Condo,Fully Furnished,Phuket,2012.0,7.909649,,0,,1590000,"Rama 2 Rama 2, Kathu, Kathu, Phuket",98.34737,Freehold,Kathu,46765.0,1559.0
30.0,49666,1,Condo,Fully Furnished,Phuket,2012.0,7.909649,,0,1,1490000,"Rama 2 Rama 2, Kathu, Kathu, Phuket",98.34737,Freehold,Kathu,43824.0,1461.0
35.0,70000,1,Condo,Fully Furnished,Phuket,2014.0,7.890089157005017,,0,1,2450000,"- Thep Krasattri Road, Wichit, Muang Phuket, Phuket",98.36363964914324,Freehold,Wichit,72059.0,2059.0
100.0,23611,2,Detached House,Fully Furnished,Phuket,,7.9089471,144.0,0,2,3400000,"Kathu, Kathu, Phuket",98.3197946,,Kathu,100000.0,694.0
100.0,32051,2,Detached House,Unfurnished,Phuket,,7.9089471,156.0,0,3,5000000,"Kathu, Kathu, Phuket",98.3197946,,Kathu,147059.0,943.0
170.0,19407,3,Detached House,Fully Furnished,Phuket,,7.9089471,304.0,0,3,5900000,"Kathu, Kathu, Phuket",98.3197946,,Kathu,173529.0,571.0
100.0,29900,2,Townhouse,Fully Furnished,Phuket,,7.9101372980061,120.0,0,3,2990000,"Kathu, Kathu, Phuket",98.328892652979,,Kathu,87941.0,879.0
36.0,48611,1,Condo,Fully Furnished,Phuket,,7.9089471,,0,1,1750000,"Kathu, Kathu, Phuket",98.3197946,,Kathu,51471.0,1430.0
30.0,49666,1,Condo,Fully Furnished,Phuket,2012.0,7.911042,,0,1,1490000,"Phra Phuket Kaew Rd., Kathu, Kathu, Phuket",98.33632,Freehold,Kathu,43824.0,1461.0
100.0,31730,3,Detached House,Unfurnished,Phuket,,7.9089471,104.0,0,3,3300000,"Kathu, Kathu, Phuket",98.3197946,,Kathu,97059.0,933.0
292.0,60357,3,Detached House,Fully Furnished,Phuket,,7.9089471,280.0,0,3,16900000,"Kathu, Kathu, Phuket",98.3197946,,Kathu,497059.0,1775.0
650.0,245833,5,Detached House,Fully Furnished,Phuket,,7.8104073625111,240.0,0,5,59000000,"Karon, Muang Phuket, Phuket",98.298024133838,,Karon,1735294.0,7230.0
62.99999999999999,13333,2,Detached House,,Phuket,,8.0442817,240.0,0,2,3200000,"- -, Thep Krasattri, Thalang, Phuket",98.335893,,Thep Krasattri,94118.0,392.0
147.0,115646,2,Condo,,Phuket,,7.8287744,,0,2,17000000,"Karon, Muang Phuket, Phuket",98.3012857,Freehold,Karon,500000.0,3401.0
133.0,59398,3,Townhouse,Fully Furnished,Phuket,,7.9417375,92.0,0,3,7900000,"Kammala, Kathu, Phuket",98.2919531,Freehold,Kammala,232353.0,1747.0
424.00000000000006,18632,3,Detached House,,Phuket,,8.0767538,424.00000000000006,0,3,7900000,"-, Sa Khu, Thalang, Phuket",98.3033694,,Sa Khu,232353.0,548.0
56.370000000000005,122405,2,Condo,Unfurnished,Phuket,,7.804155,,0,1,6900000,"Soi Saturdays, Rawai, Muang Phuket, Phuket",98.331031,Freehold,Rawai,202941.0,3600.0
96.0,23958,1,Townhouse,,Phuket,,7.8402922,96.0,0,2,2300000,"Chalong, Muang Phuket, Phuket",98.3449368,Freehold,Chalong,67647.0,705.0
1384.0,11560,4,Apartment,Fully Furnished,Phuket,,7.9809664,1384.0,0,7,16000000,"Sri Sunthon, Thalang, Phuket",98.3640183,Freehold,Sri Sunthon,470588.0,340.0
120.0,26785,2,Detached House,,Phuket,,7.9816925,168.0,0,3,4500000,"19/65 เทพกระษัตรี, Sri Sunthon, Thalang, Phuket",98.3633514,Freehold,Sri Sunthon,132353.0,788.0
56.370000000000005,111761,1,Condo,Unfurnished,Phuket,,7.804155,,0,1,6300000,"Soi Saturdays, Rawai, Muang Phuket, Phuket",98.331031,Freehold,Rawai,185294.0,3287.0
155.0,59354,3,Townhouse,,Phuket,,7.7718869,96.0,0,2,9200000,"-, Rawai, Muang Phuket, Phuket",98.3217411,,Rawai,270588.0,1746.0
350.0,28853,3,Detached House,Partially Furnished,Phuket,,7.9133125,207.6,0,4,5990000,"Kathu, Kathu, Phuket",98.3415625,,Kathu,176176.0,849.0
60.0,98333,1,Detached House,Partially Furnished,Phuket,,7.8923580730224,60.0,0,1,5900000,"181 ราษฏร์ อุทิศ200ปี, Patong, Kathu, Phuket",98.298568976536,90-year Leasehold,Patong,173529.0,2892.0
262.0,38851,4,Detached House,Fully Furnished,Phuket,,7.9973707717453,296.0,0,3,11500000,"- หาดสุรินทร์, Choeng Thale, Thalang, Phuket",98.325989160489,Freehold,Choeng Thale,338235.0,1143.0
700.0,116333,3,Detached House,Fully Furnished,Phuket,,8.0233627244437,300.0,0,4,34900000,"Choeng Thale, Thalang, Phuket",98.302117539063,Freehold,Choeng Thale,1026471.0,3422.0
245.0,56734,4,Detached House,Fully Furnished,Phuket,,8.0016264098117,245.0,0,3,13900000,"- ศรีสุนทร, Choeng Thale, Thalang, Phuket",98.322485779762,Freehold,Choeng Thale,408824.0,1669.0
254.00000000000003,41338,4,Detached House,Unfurnished,Phuket,,8.0067042429301,254.00000000000003,0,3,10500000,"Choeng Thale, Thalang, Phuket",98.318425369873,,Choeng Thale,308824.0,1216.0
300.0,73333,2,Detached House,Partially Furnished,Phuket,,7.8923288481932,300.0,0,3,22000000,"181 ลายัน, Patong, Kathu, Phuket",98.298579705372,Freehold,Patong,647059.0,2157.0
47.0,134042,1,Detached House,Fully Furnished,Phuket,,7.9764452594132,47.0,0,1,6300000,"- หาดสุรินทร์, Choeng Thale, Thalang, Phuket",98.28042383255,Freehold,Choeng Thale,185294.0,3942.0
208.0,16282,4,Detached House,Fully Furnished,Phuket,,7.892371357035,608.0,0,3,9900000,"181 ราษฏร์ อุทิศ200ปี, Choeng Thale, Thalang, Phuket",98.298563612118,Freehold,Choeng Thale,291176.0,479.0
32.25,74108,1,Condo,Fully Furnished,Phuket,,7.9044200722485,,0,1,2390000,"47/125 บ้านดอนเชิงทะเล, Choeng Thale, Thalang, Phuket",98.302328702902,Freehold,Choeng Thale,70294.0,2180.0
247.0,29652,2,Detached House,Partially Furnished,Phuket,,7.8923381470027,317.0,0,3,9400000,"181 ราษฏร์ อุทิศ200ปี, Thep Krasattri, Thalang, Phuket",98.298578364267,Freehold,Thep Krasattri,276471.0,872.0
31.12,100755,1,Condo,Fully Furnished,Phuket,,7.8923633866275,,0,,3135510,"181 ราษฏร์ อุทิศ200ปี, Patong, Kathu, Phuket",98.298575011506,90-year Leasehold,Patong,92221.0,2963.0
45.5,76923,1,Condo,Partially Furnished,Phuket,,7.8923421649473,,0,1,3500000,"Patong, Kathu, Phuket",98.298571272582,Freehold,Patong,102941.0,2262.0
350.0,21190,4,Detached House,Fully Furnished,Phuket,,7.8923594014237,420.0,0,3,8900000,"181 ราษฏร์ อุทิศ200ปี, Choeng Thale, Thalang, Phuket",98.29857031764,Freehold,Choeng Thale,261765.0,623.0
292.0,64726,2,Detached House,Partially Furnished,Phuket,,7.8923405198053,292.0,0,2,18900000,"181 ราษฏร์ อุทิศ200ปี, Kammala, Kathu, Phuket",98.298582890229,Freehold,Kammala,555882.0,1904.0
45.0,62000,1,Condo,Partially Furnished,Phuket,,7.892340471705,,0,1,2790000,"181 ราษฏร์ อุทิศ200ปี, Patong, Kathu, Phuket",98.29857903482,90-year Leasehold,Patong,82059.0,1824.0
202.00000000000003,48913,3,Detached House,Partially Furnished,Phuket,,7.8923362801444,276.0,0,2,13500000,"181 ราษฏร์ อุทิศ200ปี, Choeng Thale, Thalang, Phuket",98.298580778157,Freehold,Choeng Thale,397059.0,1439.0
420.0,87837,3,Detached House,Partially Furnished,Phuket,,8.0050986501396,296.0,0,3,26000000,"Choeng Thale, Thalang, Phuket",98.314196420326,Freehold,Choeng Thale,764706.0,2583.0
40.0,109750,1,Condo,Partially Furnished,Phuket,,7.8923471137117,,0,1,4390000,"181 ราษฏร์ อุทิศ200ปี, Kathu, Kathu, Phuket",98.298578364267,Freehold,Kathu,129118.0,3228.0
350.0,62000,5,Townhouse,Fully Furnished,Phuket,,8.004834370819,8769.6,0,3,21700000,"Choeng Thale, Thalang, Phuket",98.315936279907,Freehold,Choeng Thale,638235.0,1824.0
460.0,53260,4,Detached House,Fully Furnished,Phuket,,8.000490337927,460.0,0,3,24500000,"Choeng Thale, Thalang, Phuket",98.313978937878,Freehold,Choeng Thale,720588.0,1566.0
35.0,85428,1,Condo,Partially Furnished,Phuket,,7.8923501026146,,0,1,2990000,"181 ราษฏร์ อุทิศ200ปี, Kammala, Kathu, Phuket",98.298568976536,90-year Leasehold,Kammala,87941.0,2513.0
27.8,107553,1,Condo,Partially Furnished,Phuket,,7.8923527594172,,0,,2990000,"181 ราษฏร์ อุทิศ200ปี, Kathu, Kathu, Phuket",98.298575346782,Freehold,Kathu,87941.0,3163.0
577.0,13916,5,Detached House,Fully Furnished,Phuket,,8.0710789,2012.0,0,4,28000000,"Thep Krasattri, Thalang, Phuket",98.3431795,,Thep Krasattri,823529.0,409.0
403.0,40441,4,Detached House,Fully Furnished,Phuket,,7.9971875,408.0,0,3,16500000,"Sri Sunthon, Thalang, Phuket",98.3318125,,Sri Sunthon,485294.0,1189.0
185.0,28855,2,Detached House,,Phuket,,7.8409375,166.0,0,3,4790000,"Karon, Muang Phuket, Phuket",98.3021875,,Karon,140882.0,849.0
260.0,106153,4,Detached House,,Phuket,,7.8265625,130.0,0,3,13800000,"Chalong, Muang Phuket, Phuket",98.3363125,,Chalong,405882.0,3122.0
132.5,46971,2,Detached House,,Phuket,,8.0081875,208.0,0,2,9770000,"Choeng Thale, Thalang, Phuket",98.3200625,,Choeng Thale,287353.0,1382.0
150.25,54326,3,Detached House,,Phuket,,8.0081875,208.0,0,3,11300000,"Choeng Thale, Thalang, Phuket",98.3200625,,Choeng Thale,332353.0,1598.0
182.0,40697,3,Detached House,,Phuket,,7.8409375,172.0,0,3,7000000,"Karon, Muang Phuket, Phuket",98.3021875,,Karon,205882.0,1197.0
166.0,55346,3,Detached House,,Phuket,,7.8409375,260.0,0,3,14390000,"Karon, Muang Phuket, Phuket",98.3021875,,Karon,423235.0,1628.0
299.33,52049,4,Detached House,,Phuket,,7.9975625,244.00000000000003,0,3,12700000,"Sri Sunthon, Thalang, Phuket",98.3253125,,Sri Sunthon,373529.0,1531.0
287.78,48134,5,Detached House,,Phuket,,7.9975625,268.0,0,3,12900000,"Sri Sunthon, Thalang, Phuket",98.3253125,,Sri Sunthon,379412.0,1416.0
102.0,22916,2,Detached House,,Phuket,,7.8402922,144.0,0,2,3300000,"Chalong, Muang Phuket, Phuket",98.3449368,,Chalong,97059.0,674.0
54.0,287037,1,Condo,Fully Furnished,Phuket,2012.0,7.893467,,0,1,15500000,"ป่าตอง Haad Patong, Kammala, Kathu, Phuket",98.300599,Freehold,Kammala,455882.0,8442.0
285.0,63157,3,Apartment,,Phuket,,7.9519331,,0,3,18000000,"Sri Sunthon, Thalang, Phuket",98.3380884,,Sri Sunthon,529412.0,1858.0
285.0,70175,4,Apartment,,Phuket,,7.9519331,,0,4,20000000,"Sri Sunthon, Thalang, Phuket",98.3380884,,Sri Sunthon,588235.0,2064.0
49.0,42857,2,Condo,,Phuket,2012.0,7.9073497,,0,1,2100000,"รัษฎา รัษฎา, Kammala, Kathu, Phuket",98.4031403,,Kammala,61765.0,1260.0
125.0,135920,2,Condo,Fully Furnished,Phuket,2022.0,7.979949250487842,,0,2,16990000,"66/2 Soi Hua Tiao, Choeng Thale, Thalang, Phuket",98.288185097334,Freehold,Choeng Thale,499706.0,3998.0
110.0,29000,2,Townhouse,,Phuket,,8.0561696,192.00000000000003,0,3,3190000,"Thep Krasattri, Thalang, Phuket",98.3229972,Freehold,Thep Krasattri,93824.0,853.0
1300.0,83333,6,Detached House,Fully Furnished,Phuket,,7.8411025238385,2400.0,0,6,200000000,"Karon, Muang Phuket, Phuket",98.472405625,,Karon,5882353.0,2451.0
367.0,55555,3,Detached House,,Phuket,,7.947252,405.0,0,3,22500000,"Kammala, Kathu, Phuket",98.288831,Freehold,Kammala,661765.0,1634.0
312.0,52974,2,Detached House,,Phuket,,7.947252,353.0,0,2,18700000,"Kammala, Kathu, Phuket",98.288831,Freehold,Kammala,550000.0,1558.0
367.0,50617,3,Detached House,,Phuket,,7.947252,405.0,0,3,20500000,"Kammala, Kathu, Phuket",98.288831,Freehold,Kammala,602941.0,1489.0
500.0,29000,3,Detached House,,Phuket,,7.7713589633803,500.0,0,3,14500000,"Rawai, Muang Phuket, Phuket",98.318445844194,,Rawai,426471.0,853.0
24.000000000000004,114583,1,Condo,,Phuket,2019.0,7.896310937532187,,0,1,2750000,"Vichitsongkram Road, Kathu, Kathu, Phuket",98.35070775622904,Freehold,Kathu,80882.0,3370.0
33.0,139393,1,Condo,,Phuket,2019.0,7.83473,,0,1,4600000,"Soi Patak 14, Karon, Muang Phuket, Phuket",98.301049,Freehold,Karon,135294.0,4100.0
165.0,34125,3,Detached House,Fully Furnished,Phuket,2021.0,7.769664,400.0,0,3,13650000,"Thai Highway-4030 Road, Rawai, Muang Phuket, Phuket",98.308717,Freehold,Rawai,401471.0,1004.0
65.0,83076,1,Condo,Fully Furnished,Phuket,2012.0,7.9434097,,0,1,5400000,"กมลา กมลา, Kammala, Kathu, Phuket",98.2889264,,Kammala,158824.0,2443.0
208.0,38586,4,Detached House,,Phuket,,7.84088,184.0,0,3,7100000,"Chalong, Muang Phuket, Phuket",98.362638,,Chalong,208824.0,1135.0
260.0,78125,3,Detached House,Fully Furnished,Phuket,,7.952915,320.0,0,3,25000000,"Ko Kaeo, Muang Phuket, Phuket",98.38162,,Ko Kaeo,735294.0,2298.0
240.0,159107,2,Detached House,Unfurnished,Phuket,,7.9764034,224.0,0,3,35640000,"Choeng Thale, Thalang, Phuket",98.2819472,,Choeng Thale,1048235.0,4680.0
370.0,33124,4,Detached House,,Phuket,,7.9998696,641.0,0,3,21233060,"Choeng Thale, Thalang, Phuket",98.3059654,,Choeng Thale,624502.0,974.0
263.0,40560,3,Detached House,Unfurnished,Phuket,,8.029712,400.0,0,3,16224200,"Thep Krasattri, Thalang, Phuket",98.3103542,,Thep Krasattri,477182.0,1193.0
62.99999999999999,126984,1,Condo,Fully Furnished,Phuket,2012.0,7.8846792,,0,2,8000000,"110/185 Thaweewong, Patong, Kathu, Phuket",98.279271,,Patong,235294.0,3735.0
1268.0,50784,4,Detached House,Fully Furnished,Phuket,2012.0,7.991829,2166.0,0,4,110000000,"171/7 Cape Yamu, Pa Khlok, Thalang, Phuket",98.414609,Freehold,Pa Khlok,3235294.0,1494.0
200.0,24180,3,Detached House,Fully Furnished,Phuket,,7.979414,244.00000000000003,0,3,5900000,"Sri Sunthon, Thalang, Phuket",98.354941,,Sri Sunthon,173529.0,711.0
32.0,71875,1,Condo,Fully Furnished,Phuket,2014.0,7.992271,,0,1,2300000,"Thep Kasattri Thep Kasattri, Choeng Thale, Thalang, Phuket",98.30626,Freehold,Choeng Thale,67647.0,2114.0
360.0,27093,2,Detached House,Fully Furnished,Phuket,,8.016328,406.0,0,2,11000000,"Choeng Thale, Thalang, Phuket",98.309942,,Choeng Thale,323529.0,797.0
156.0,37777,3,Detached House,Fully Furnished,Phuket,,7.9048908640173,180.0,0,3,6800000,"Ratsada, Muang Phuket, Phuket",98.402672269349,,Ratsada,200000.0,1111.0
150.0,29466,2,Townhouse,Fully Furnished,Phuket,,7.850557,176.0,0,2,4420000,"Chalong, Muang Phuket, Phuket",98.356949,,Chalong,130000.0,867.0
256.0,66406,3,Condo,Fully Furnished,Phuket,2012.0,7.833275,,0,4,17000000,"264 Patak Road, Karon, Muang Phuket, Phuket",98.299533,Freehold,Karon,500000.0,1953.0
400.0,20000,5,Detached House,Fully Furnished,Phuket,,7.936506,950.0,0,4,19000000,"Kathu, Kathu, Phuket",98.341283,,Kathu,558824.0,588.0
423.0,89454,5,Detached House,Fully Furnished,Phuket,2014.0,8.0902854,275.0,0,3,24600000,"ถนน เทพกระษัตรี, Kammala, Kathu, Phuket",98.3401364,,Kammala,723529.0,2631.0
671.0,32455,4,Detached House,,Phuket,,8.01693,1405.0,0,4,45600000,"Choeng Thale, Thalang, Phuket",98.30354,,Choeng Thale,1341176.0,955.0
28.0,119937,1,Condo,Fully Furnished,Phuket,2013.0,7.90159,,0,,3358250,"Soi Hongyok Utis Yaowarat Road, Talat Yai, Muang Phuket, Phuket",98.378572,Freehold,Talat Yai,98772.0,3528.0
46.0,123913,1,Condo,Fully Furnished,Phuket,2012.0,7.861106,,0,1,5700000,"เจ้าฟ้านอก Chao fah nok, Wichit, Muang Phuket, Phuket",98.35309,Freehold,Wichit,167647.0,3644.0
94.0,58510,2,Townhouse,Fully Furnished,Phuket,,7.7983626,180.0,0,2,5500000,"Rawai, Muang Phuket, Phuket",98.3196168,,Rawai,161765.0,1721.0
44.0,129545,1,Condo,Fully Furnished,Phuket,2015.0,7.902868011173183,,0,1,5700000,"81 Rattahut Road, Patong, Kathu, Phuket",98.30264167638065,Freehold,Patong,167647.0,3810.0
279.0,215440,3,Detached House,Unfurnished,Phuket,,7.874501,169.0,0,3,36409500,"Patong, Kathu, Phuket",98.289574,,Patong,1070868.0,6336.0
197.0,41474,2,Detached House,Fully Furnished,Phuket,,7.779525,217.0,0,2,9000000,"Rawai, Muang Phuket, Phuket",98.3305246,,Rawai,264706.0,1220.0
160.0,43750,2,Condo,Fully Furnished,Phuket,2012.0,7.908562,,0,2,7000000,"นาใน Samkong, Kammala, Kathu, Phuket",98.355406,Freehold,Kammala,205882.0,1287.0
352.0,115652,3,Detached House,,Phuket,,8.0179875,187.0,0,3,21627000,"Thep Krasattri, Thalang, Phuket",98.3230073,,Thep Krasattri,636088.0,3402.0
240.0,159107,2,Detached House,Unfurnished,Phuket,,7.9764034,224.0,0,3,35640000,"Choeng Thale, Thalang, Phuket",98.2819472,,Choeng Thale,1048235.0,4680.0
1355.0,15882,7,Detached House,Partially Furnished,Phuket,,7.7883842,6800.0,0,9,108000000,"Rawai, Muang Phuket, Phuket",98.3096981,,Rawai,3176471.0,467.0
228.0,80478,2,Detached House,Unfurnished,Phuket,,7.999729,211.0,0,2,16980866,"Choeng Thale, Thalang, Phuket",98.309086,,Choeng Thale,499437.0,2367.0
112.0,50862,2,Detached House,Fully Furnished,Phuket,,8.0195442,116.0,0,2,5900000,"Thep Krasattri, Thalang, Phuket",98.3204831,,Thep Krasattri,173529.0,1496.0
180.0,19300,3,Detached House,Unfurnished,Phuket,,7.806773,300.0,0,4,5790000,"Rawai, Muang Phuket, Phuket",98.335419,,Rawai,170294.0,568.0
327.0,53211,5,Townhouse,Fully Furnished,Phuket,2014.0,8.0902854,154.0,0,3,17400000,"ถนน เทพกระษัตรี, Kammala, Kathu, Phuket",98.3401364,,Kammala,511765.0,1565.0
300.0,18000,2,Detached House,Fully Furnished,Phuket,,7.807428,700.0,0,2,12600000,"Rawai, Muang Phuket, Phuket",98.337865,,Rawai,370588.0,529.0
25.0,130283,1,Condo,Fully Furnished,Phuket,2021.0,8.034256,,0,,3257088,"Soi Layan 4, Choeng Thale, Thalang, Phuket",98.292068,Freehold,Choeng Thale,95797.0,3832.0
46.0,49782,1,Condo,Fully Furnished,Phuket,2012.0,7.8807914,,0,1,2290000,"Wirat Hong Yok  Wirat Hong Yok, Kammala, Kathu, Phuket",98.3715249,Freehold,Kammala,67353.0,1464.0
360.0,30000,3,Detached House,Fully Furnished,Phuket,,7.990774,400.0,0,3,12000000,"Choeng Thale, Thalang, Phuket",98.312933,,Choeng Thale,352941.0,882.0
700.0,50000,8,Detached House,Fully Furnished,Phuket,,7.9740218,1599.9999999999998,0,7,80000000,"Choeng Thale, Thalang, Phuket",98.2939572,,Choeng Thale,2352941.0,1471.0
240.0,159107,2,Detached House,Unfurnished,Phuket,,7.9764034,224.0,0,3,35640000,"Choeng Thale, Thalang, Phuket",98.2819472,,Choeng Thale,1048235.0,4680.0
217.0,57351,3,Detached House,Unfurnished,Phuket,,7.773505,417.0,0,3,23915400,"Rawai, Muang Phuket, Phuket",98.314949,,Rawai,703394.0,1687.0
31.0,129296,1,Condo,Fully Furnished,Phuket,2013.0,7.90159,,0,1,4008200,"Soi Hongyok Utis Yaowarat Road, Talat Yai, Muang Phuket, Phuket",98.378572,Freehold,Talat Yai,117888.0,3803.0
200.0,42187,3,Detached House,,Phuket,,8.018355,320.0,0,3,13500000,"Choeng Thale, Thalang, Phuket",98.310285,,Choeng Thale,397059.0,1241.0
366.0,46666,4,Detached House,Fully Furnished,Phuket,,8.021738,600.0,0,4,28000000,"Thep Krasattri, Thalang, Phuket",98.317965,,Thep Krasattri,823529.0,1373.0
303.0,90810,2,Detached House,Fully Furnished,Phuket,,7.863587,185.0,0,3,16800000,"Chalong, Muang Phuket, Phuket",98.3314,,Chalong,494118.0,2671.0
352.0,115652,3,Detached House,,Phuket,,8.0179875,187.0,0,3,21627000,"Thep Krasattri, Thalang, Phuket",98.3230073,,Thep Krasattri,636088.0,3402.0
352.0,115652,3,Detached House,,Phuket,,8.0179875,187.0,0,3,21627000,"Thep Krasattri, Thalang, Phuket",98.3230073,,Thep Krasattri,636088.0,3402.0
605.0,48209,4,Detached House,Fully Furnished,Phuket,,8.0547691,2178.0,0,3,105000000,"Sa Khu, Thalang, Phuket",98.2787287,,Sa Khu,3088235.0,1418.0
200.0,51390,3,Detached House,Unfurnished,Phuket,,7.936168,284.0,0,3,14595000,"Ko Kaeo, Muang Phuket, Phuket",98.3798207,,Ko Kaeo,429265.0,1511.0
65.0,90769,1,Condo,Fully Furnished,Phuket,2020.0,7.946718,,0,1,5900000,"Kammala, Kathu, Phuket",98.268805,Freehold,Kammala,173529.0,2670.0
120.0,58666,1,Detached House,Fully Furnished,Phuket,,7.9461058,150.0,0,1,8800000,"Kammala, Kathu, Phuket",98.2965177,,Kammala,258824.0,1725.0
130.0,42202,2,Detached House,Unfurnished,Phuket,,8.0947785,333.0,0,2,14053440,"Thep Krasattri, Thalang, Phuket",98.3630926,,Thep Krasattri,413336.0,1241.0
36.0,125000,1,Condo,,Phuket,2021.0,7.769664,,0,1,4500000,"Thai Highway-4030 Road, Rawai, Muang Phuket, Phuket",98.308717,Freehold,Rawai,132353.0,3676.0
350.0,33333,3,Detached House,Partially Furnished,Phuket,,8.0054264563238,750.0,0,3,25000000,"Sri Sunthon, Thalang, Phuket",98.320373808073,,Sri Sunthon,735294.0,980.0
68.0,64448,2,Detached House,Unfurnished,Phuket,,7.9959981,73.0,0,2,4704706,"Pa Khlok, Thalang, Phuket",98.4034833,,Pa Khlok,138374.0,1896.0
40.0,126732,1,Condo,Unfurnished,Phuket,2022.0,7.979949250487842,,0,1,5069293,"66/2 Soi Hua Tiao, Choeng Thale, Thalang, Phuket",98.288185097334,Freehold,Choeng Thale,149097.0,3727.0
90.0,62222,1,Apartment,Fully Furnished,Phuket,,7.8799742,,0,2,5600000,"Patong, Kathu, Phuket",98.2979989,,Patong,164706.0,1830.0
263.0,106463,3,Condo,Fully Furnished,Phuket,2012.0,7.964698,,0,3,28000000,"22/1 Thepkrasatti, Ko Kaeo, Muang Phuket, Phuket",98.385007,Freehold,Ko Kaeo,823529.0,3131.0
300.0,21794,4,Detached House,Fully Furnished,Phuket,,8.015603,780.0,0,4,17000000,"Choeng Thale, Thalang, Phuket",98.307712,,Choeng Thale,500000.0,641.0
352.0,115652,3,Detached House,,Phuket,,8.0179875,187.0,0,3,21627000,"Thep Krasattri, Thalang, Phuket",98.3230073,,Thep Krasattri,636088.0,3402.0
324.0,183957,5,Detached House,Fully Furnished,Phuket,,7.973001,593.0,0,4,109086765,"Choeng Thale, Thalang, Phuket",98.279502,,Choeng Thale,3208434.0,5410.0
79.0,44000,2,Detached House,Partially Furnished,Phuket,,7.8129443,200.0,0,2,8800000,"Rawai, Muang Phuket, Phuket",98.3303945,,Rawai,258824.0,1294.0
24.000000000000004,112500,1,Condo,Unfurnished,Phuket,2022.0,7.780462,,0,,2700000,"Soi Suanwat, Rawai, Muang Phuket, Phuket",98.316451,Freehold,Rawai,79412.0,3309.0
186.0,51785,3,Detached House,Fully Furnished,Phuket,,8.0115141245822,280.0,0,3,14500000,"Choeng Thale, Thalang, Phuket",98.314306651285,,Choeng Thale,426471.0,1523.0
223.00000000000003,35426,3,Townhouse,Fully Furnished,Phuket,,7.9102907,88.0,0,3,7900000,"Kathu, Kathu, Phuket",98.3353631,,Kathu,232353.0,1042.0
53.00000000000001,80000,1,Condo,,Phuket,2012.0,7.976032,,0,,4240000,"25/3 Hadsurin, Choeng Thale, Thalang, Phuket",98.282733,Freehold,Choeng Thale,124706.0,2353.0
65.0,90769,1,Condo,Fully Furnished,Phuket,2020.0,7.946718,,0,1,5900000,"Kammala, Kathu, Phuket",98.268805,Freehold,Kammala,173529.0,2670.0
200.0,39130,3,Detached House,Fully Furnished,Phuket,,8.0179465,460.0,0,3,18000000,"Choeng Thale, Thalang, Phuket",98.3057793,,Choeng Thale,529412.0,1151.0
29.0,98333,1,Detached House,Fully Furnished,Phuket,2022.0,7.891229,60.0,0,1,5900000,"Hasip Pee Road, Patong, Kathu, Phuket",98.308621,Leasehold,Patong,173529.0,2892.0
321.0,21495,7,Townhouse,,Phuket,,7.7972296,107.0,0,6,6900000,"Rawai, Muang Phuket, Phuket",98.3275543,,Rawai,202941.0,632.0
40.0,128625,1,Condo,Fully Furnished,Phuket,2015.0,7.902868011173183,,0,1,5145000,"81 Rattahut Road, Patong, Kathu, Phuket",98.30264167638065,Freehold,Patong,151324.0,3783.0
244.00000000000003,42263,2,Detached House,Unfurnished,Phuket,,8.0559426,296.0,0,3,12510000,"Thep Krasattri, Thalang, Phuket",98.3193737,,Thep Krasattri,367941.0,1243.0
240.0,165000,2,Detached House,Unfurnished,Phuket,,7.9764034,224.0,0,3,36960000,"Choeng Thale, Thalang, Phuket",98.2819472,,Choeng Thale,1087059.0,4853.0
28.0,109610,1,Condo,Unfurnished,Phuket,2022.0,7.979949250487842,,0,,3069080,"66/2 Soi Hua Tiao, Choeng Thale, Thalang, Phuket",98.288185097334,Freehold,Choeng Thale,90267.0,3224.0
300.0,14666,3,Detached House,Fully Furnished,Phuket,,7.7829402831334,1500.0,0,4,22000000,"Rawai, Muang Phuket, Phuket",98.321874136275,,Rawai,647059.0,431.0
45.0,111111,1,Condo,Fully Furnished,Phuket,2012.0,7.861106,,0,1,5000000,"เจ้าฟ้านอก Chao fah nok, Wichit, Muang Phuket, Phuket",98.35309,Freehold,Wichit,147059.0,3268.0
454.0,63611,6,Detached House,Unfurnished,Phuket,,8.0022829,360.0,0,6,22900000,"Choeng Thale, Thalang, Phuket",98.3141961,,Choeng Thale,673529.0,1871.0
148.0,110386,1,Condo,Fully Furnished,Phuket,2012.0,7.978079,,0,1,16337200,"113 /3 Hadsurin, Choeng Thale, Thalang, Phuket",98.280322,Freehold,Choeng Thale,480506.0,3247.0
215.0,76000,4,Detached House,Fully Furnished,Phuket,,7.7851135,500.0,0,3,38000000,"Rawai, Muang Phuket, Phuket",98.3310984,,Rawai,1117647.0,2235.0
263.0,40560,3,Detached House,Unfurnished,Phuket,,8.029712,400.0,0,3,16224200,"Thep Krasattri, Thalang, Phuket",98.3103542,,Thep Krasattri,477182.0,1193.0
338.0,59257,4,Detached House,Unfurnished,Phuket,,8.0054511,270.0,0,3,15999500,"Sri Sunthon, Thalang, Phuket",98.3206322,,Sri Sunthon,470574.0,1743.0
320.0,38157,4,Detached House,Fully Furnished,Phuket,,7.9085679,380.0,0,3,14500000,"Ratsada, Muang Phuket, Phuket",98.3825322,,Ratsada,426471.0,1122.0
1700.0,18823,5,Detached House,Fully Furnished,Phuket,,7.7785093,1700.0,0,4,32000000,"Rawai, Muang Phuket, Phuket",98.3031575,,Rawai,941176.0,554.0
327.0,53822,5,Townhouse,Fully Furnished,Phuket,2014.0,8.0902854,154.0,0,3,17600000,"ถนน เทพกระษัตรี, Kammala, Kathu, Phuket",98.3401364,,Kammala,517647.0,1583.0
100.0,49166,3,Detached House,Fully Furnished,Phuket,,7.992929,120.0,0,2,5900000,"Sri Sunthon, Thalang, Phuket",98.331432,,Sri Sunthon,173529.0,1446.0
250.0,11363,4,Detached House,Partially Furnished,Phuket,2015.0,7.779959,2200.0,0,4,25000000,"ซอยสวนวัด ตำบลราไวย์ อำเภอเมือง ภูเก็ต, Rawai, Muang Phuket, Phuket",98.314715,Freehold,Rawai,735294.0,334.0
341.0,29032,2,Detached House,Fully Furnished,Phuket,,7.7785093,341.0,0,2,9900000,"Rawai, Muang Phuket, Phuket",98.3031575,,Rawai,291176.0,854.0
220.0,45000,3,Detached House,Fully Furnished,Phuket,,8.0118764,400.0,0,3,18000000,"Choeng Thale, Thalang, Phuket",98.3033694,,Choeng Thale,529412.0,1324.0
34.0,85000,1,Condo,Fully Furnished,Phuket,2014.0,7.889122,,0,1,2890000,"Wichit Songkhram  Wichit Songkhram, Wichit, Muang Phuket, Phuket",98.365071,Freehold,Wichit,85000.0,2500.0
290.0,40020,3,Detached House,Unfurnished,Phuket,,8.029712,450.0,0,3,18009000,"Thep Krasattri, Thalang, Phuket",98.3103542,,Thep Krasattri,529676.0,1177.0
65.0,90769,1,Condo,Fully Furnished,Phuket,2020.0,7.946718,,0,1,5900000,"Kammala, Kathu, Phuket",98.268805,Freehold,Kammala,173529.0,2670.0
450.0,40656,4,Detached House,Unfurnished,Phuket,,8.029712,682.0,0,4,27727880,"Thep Krasattri, Thalang, Phuket",98.3103542,,Thep Krasattri,815526.0,1196.0
71.0,133802,1,Apartment,,Phuket,,7.8856213293388,,0,1,9500000,"Patong, Kathu, Phuket",98.283628153381,,Patong,279412.0,3935.0
106.0,117924,2,Apartment,Fully Furnished,Phuket,,7.917344,,0,2,12500000,"Patong, Kathu, Phuket",98.2911501,,Patong,367647.0,3468.0
390.0,33522,4,Detached House,Unfurnished,Phuket,,8.029712,799.9999999999999,0,4,26818000,"Thep Krasattri, Thalang, Phuket",98.3103542,,Thep Krasattri,788765.0,986.0
361.0,64839,6,Detached House,Unfurnished,Phuket,,8.0244356,1038.0,0,5,67303750,"Choeng Thale, Thalang, Phuket",98.3055757,,Choeng Thale,1979522.0,1907.0
403.0,40540,4,Detached House,Unfurnished,Phuket,,7.9973156,407.0,0,3,16500000,"Sri Sunthon, Thalang, Phuket",98.3319549,,Sri Sunthon,485294.0,1192.0
1140.0,150000,9,Detached House,Fully Furnished,Phuket,,8.0525372,700.0,0,8,105000000,"Pa Khlok, Thalang, Phuket",98.4293032,,Pa Khlok,3088235.0,4412.0
900.0,36585,7,Detached House,,Phuket,2012.0,7.964698,2460.0,0,5,90000000,"22/1 Thepkrasatti, Ko Kaeo, Muang Phuket, Phuket",98.385007,Freehold,Ko Kaeo,2647059.0,1076.0
78.0,80000,1,Condo,Fully Furnished,Phuket,2012.0,7.976032,,0,1,6240000,"25/3 Hadsurin, Choeng Thale, Thalang, Phuket",98.282733,Freehold,Choeng Thale,183529.0,2353.0
161.0,55279,3,Townhouse,Fully Furnished,Phuket,,7.8243501,78.0,0,3,8900000,"Karon, Muang Phuket, Phuket",98.3004408,,Karon,261765.0,1626.0
177.0,24444,3,Detached House,Fully Furnished,Phuket,,7.9542624,450.0,0,3,11000000,"Ko Kaeo, Muang Phuket, Phuket",98.3888633,,Ko Kaeo,323529.0,719.0
106.0,58962,2,Condo,Fully Furnished,Phuket,2012.0,7.820988,,0,2,6250000,"89/9 Sakdaj, Wichit, Muang Phuket, Phuket",98.400412,Freehold,Wichit,183824.0,1734.0
180.0,54444,2,Townhouse,Fully Furnished,Phuket,,7.923988,210.0,0,2,9800000,"Kathu, Kathu, Phuket",98.338001,,Kathu,288235.0,1601.0
360.0,39037,4,Detached House,Unfurnished,Phuket,,8.0559426,477.00000000000006,0,4,18621000,"Thep Krasattri, Thalang, Phuket",98.3193737,,Thep Krasattri,547676.0,1148.0
338.0,60241,4,Detached House,Unfurnished,Phuket,,8.0054511,264.0,0,3,15903775,"Sri Sunthon, Thalang, Phuket",98.3206322,,Sri Sunthon,467758.0,1772.0
228.0,162000,2,Condo,Fully Furnished,Phuket,2014.0,7.824568,,0,3,36936000,"29/17-18 หมู่ 5, Karon, Muang Phuket, Phuket",98.303996,,Karon,1086353.0,4765.0
560.0,37500,7,Detached House,,Phuket,,7.958889,400.0,0,6,15000000,"Kammala, Kathu, Phuket",98.284833,,Kammala,441176.0,1103.0
190.0,23333,3,Detached House,Fully Furnished,Phuket,,7.8347491,450.0,0,3,10500000,"Karon, Muang Phuket, Phuket",98.2995486,,Karon,308824.0,686.0
200.0,39705,3,Detached House,,Phuket,,8.018355,340.0,0,3,13500000,"Choeng Thale, Thalang, Phuket",98.310285,,Choeng Thale,397059.0,1168.0
423.0,89454,5,Detached House,Fully Furnished,Phuket,2014.0,8.0902854,275.0,0,3,24600000,"ถนน เทพกระษัตรี, Kammala, Kathu, Phuket",98.3401364,,Kammala,723529.0,2631.0
423.0,89454,5,Detached House,Fully Furnished,Phuket,2014.0,8.0902854,275.0,0,3,24600000,"ถนน เทพกระษัตรี, Kammala, Kathu, Phuket",98.3401364,,Kammala,723529.0,2631.0
32.0,78125,1,Condo,Fully Furnished,Phuket,2014.0,7.992271,,0,1,2500000,"Thep Kasattri Thep Kasattri, Choeng Thale, Thalang, Phuket",98.30626,Freehold,Choeng Thale,73529.0,2298.0
514.0,51932,3,Detached House,Partially Furnished,Phuket,,8.016484,1656.0,0,3,86000000,"Choeng Thale, Thalang, Phuket",98.29287,,Choeng Thale,2529412.0,1527.0
41.0,88048,1,Condo,Fully Furnished,Phuket,2012.0,7.976032,,0,,3610000,"25/3 Hadsurin, Choeng Thale, Thalang, Phuket",98.282733,Freehold,Choeng Thale,106176.0,2590.0
255.0,55789,4,Detached House,Unfurnished,Phuket,,8.0020954,285.0,0,3,15900000,"Sri Sunthon, Thalang, Phuket",98.3227525,,Sri Sunthon,467647.0,1641.0
230.0,16555,3,Detached House,Fully Furnished,Phuket,,7.7835834,900.0,0,3,14900000,"Rawai, Muang Phuket, Phuket",98.3211065,,Rawai,438235.0,487.0
118.0,43472,2,Detached House,Fully Furnished,Phuket,,7.8474619,144.0,0,2,6260000,"Chalong, Muang Phuket, Phuket",98.3613556,,Chalong,184118.0,1279.0
170.0,41929,2,Detached House,Fully Furnished,Phuket,,7.829206,324.0,0,2,13585000,"Chalong, Muang Phuket, Phuket",98.333126,,Chalong,399559.0,1233.0
549.0,33676,5,Detached House,Fully Furnished,Phuket,,8.0134489,1069.0,0,4,36000000,"Choeng Thale, Thalang, Phuket",98.3023832,,Choeng Thale,1058824.0,990.0
560.0,25000,6,Detached House,Fully Furnished,Phuket,,8.0061604918504,1599.9999999999998,0,6,40000000,"Choeng Thale, Thalang, Phuket",98.305691433594,,Choeng Thale,1176471.0,735.0
92.0,95652,1,Condo,Fully Furnished,Phuket,2012.0,8.0348216,,0,1,8800000,"45/11 Kamala, Kammala, Kathu, Phuket",98.3377935,,Kammala,258824.0,2813.0
392.0,60383,4,Detached House,Unfurnished,Phuket,,8.0022829,313.0,0,3,18900000,"Choeng Thale, Thalang, Phuket",98.3141961,,Choeng Thale,555882.0,1776.0
268.0,68375,4,Detached House,Unfurnished,Phuket,,7.9818277,432.0,0,3,29538300,"Choeng Thale, Thalang, Phuket",98.3008373,,Choeng Thale,868774.0,2011.0
208.0,23960,3,Detached House,Fully Furnished,Phuket,,7.892717,250.0,0,4,5990000,"Kathu, Kathu, Phuket",98.3473638,,Kathu,176176.0,705.0
460.0,31111,3,Detached House,Fully Furnished,Phuket,,7.7970288,450.0,0,3,14000000,"Rawai, Muang Phuket, Phuket",98.3296915,,Rawai,411765.0,915.0
340.0,40608,3,Detached House,Partially Furnished,Phuket,,8.0008406,411.0,0,3,16690000,"Sri Sunthon, Thalang, Phuket",98.3234128,,Sri Sunthon,490882.0,1194.0
650.0,193548,7,Detached House,Fully Furnished,Phuket,,7.8183168,310.0,0,5,60000000,"Karon, Muang Phuket, Phuket",98.313067,,Karon,1764706.0,5693.0
179.0,44692,3,Condo,Fully Furnished,Phuket,2012.0,7.908562,,0,2,8000000,"นาใน Samkong, Kammala, Kathu, Phuket",98.355406,Freehold,Kammala,235294.0,1314.0
110.0,17727,2,Detached House,Fully Furnished,Phuket,,7.7953999,440.0,0,2,7800000,"Rawai, Muang Phuket, Phuket",98.3271646,,Rawai,229412.0,521.0
208.0,41830,3,Detached House,,Phuket,,8.008356,306.0,0,3,12800000,"Sri Sunthon, Thalang, Phuket",98.319716,,Sri Sunthon,376471.0,1230.0
118.0,43402,2,Detached House,Fully Furnished,Phuket,,7.8474619,144.0,0,2,6250000,"Chalong, Muang Phuket, Phuket",98.3613556,,Chalong,183824.0,1277.0
352.0,115652,3,Detached House,,Phuket,,8.0179875,187.0,0,3,21627000,"Thep Krasattri, Thalang, Phuket",98.3230073,,Thep Krasattri,636088.0,3402.0
37.0,143611,1,Condo,Fully Furnished,Phuket,2021.0,8.034256,,0,1,5313624,"Soi Layan 4, Choeng Thale, Thalang, Phuket",98.292068,Freehold,Choeng Thale,156283.0,4224.0
173.0,55433,3,Townhouse,Fully Furnished,Phuket,2014.0,8.0902854,192.00000000000003,0,3,9590000,"ถนน เทพกระษัตรี, Kammala, Kathu, Phuket",98.3401364,,Kammala,282059.0,1630.0
1100.0,76800,4,Detached House,Fully Furnished,Phuket,,7.9870177,3125.0000000000005,0,3,240000000,"Pa Khlok, Thalang, Phuket",98.4244804,,Pa Khlok,7058824.0,2259.0
514.0,47149,3,Detached House,Partially Furnished,Phuket,,8.016484,1824.0,0,3,86000000,"Choeng Thale, Thalang, Phuket",98.29287,,Choeng Thale,2529412.0,1387.0
280.0,49273,3,Detached House,Fully Furnished,Phuket,,7.829206,354.0,0,3,17442700,"Chalong, Muang Phuket, Phuket",98.333126,,Chalong,513021.0,1449.0
450.0,28916,5,Detached House,Fully Furnished,Phuket,,8.0217146,1034.0,0,4,29900000,"Thep Krasattri, Thalang, Phuket",98.3191074,,Thep Krasattri,879412.0,850.0
220.0,34000,4,Detached House,Fully Furnished,Phuket,,7.80179,350.0,0,3,11900000,"Rawai, Muang Phuket, Phuket",98.319,,Rawai,350000.0,1000.0
600.0,20247,8,Detached House,Partially Furnished,Phuket,,7.9345617,2420.0,0,7,49000000,"Kathu, Kathu, Phuket",98.3398354,,Kathu,1441176.0,596.0
470.0,39393,5,Detached House,Fully Furnished,Phuket,,7.797714,330.0,0,4,13000000,"Rawai, Muang Phuket, Phuket",98.331911,,Rawai,382353.0,1159.0
165.0,50761,2,Detached House,Fully Furnished,Phuket,,7.7746432,197.0,0,2,10000000,"Rawai, Muang Phuket, Phuket",98.3215201,,Rawai,294118.0,1493.0
240.0,87083,3,Condo,Fully Furnished,Phuket,2012.0,7.947845,,0,3,20900000,"31/1 Kamala, Kammala, Kathu, Phuket",98.272813,Freehold,Kammala,614706.0,2561.0
65.0,89384,2,Condo,Fully Furnished,Phuket,2012.0,7.8871892,,0,1,5810000,"ป่าตอง Haad Patong, Patong, Kathu, Phuket",98.302693,,Patong,170882.0,2629.0
426.00000000000006,93181,5,Detached House,Fully Furnished,Phuket,2014.0,8.0902854,264.0,0,3,24600000,"ถนน เทพกระษัตรี, Kammala, Kathu, Phuket",98.3401364,,Kammala,723529.0,2741.0
387.0,58878,4,Detached House,Unfurnished,Phuket,,8.0022829,321.0,0,3,18900000,"Choeng Thale, Thalang, Phuket",98.3141961,,Choeng Thale,555882.0,1732.0
244.00000000000003,42263,2,Detached House,Unfurnished,Phuket,,8.0559426,296.0,0,3,12510000,"Thep Krasattri, Thalang, Phuket",98.3193737,,Thep Krasattri,367941.0,1243.0
125.0,55200,3,Townhouse,Fully Furnished,Phuket,,7.9502572,70.0,0,3,6900000,"Kammala, Kathu, Phuket",98.2941105,,Kammala,202941.0,1624.0
34.0,86470,1,Condo,Fully Furnished,Phuket,2013.0,7.90159,,0,1,2940000,"Soi Hongyok Utis Yaowarat Road, Talat Yai, Muang Phuket, Phuket",98.378572,Freehold,Talat Yai,86471.0,2543.0
244.00000000000003,210937,3,Detached House,Unfurnished,Phuket,,7.874501,128.0,0,3,27000000,"Patong, Kathu, Phuket",98.289574,,Patong,794118.0,6204.0
337.0,54599,5,Townhouse,Fully Furnished,Phuket,2014.0,8.0902854,232.0,0,3,18400000,"ถนน เทพกระษัตรี, Kammala, Kathu, Phuket",98.3401364,,Kammala,541176.0,1606.0
584.0,110784,5,Detached House,Unfurnished,Phuket,,8.0282006,510.0,0,4,56500000,"Choeng Thale, Thalang, Phuket",98.2988259,,Choeng Thale,1661765.0,3258.0
390.0,40987,4,Detached House,Unfurnished,Phuket,,8.029712,584.0,0,4,23936560,"Thep Krasattri, Thalang, Phuket",98.3103542,,Thep Krasattri,704016.0,1206.0
24.000000000000004,187500,1,Apartment,,Phuket,,7.8856213293388,,0,,4500000,"Patong, Kathu, Phuket",98.283628153381,,Patong,132353.0,5515.0
370.0,24267,3,Detached House,Fully Furnished,Phuket,2012.0,7.964698,614.0,0,3,14900000,"22/1 Thepkrasatti, Ko Kaeo, Muang Phuket, Phuket",98.385007,Freehold,Ko Kaeo,438235.0,714.0
118.0,43472,2,Detached House,Fully Furnished,Phuket,,7.8474619,144.0,0,2,6260000,"Chalong, Muang Phuket, Phuket",98.3613556,,Chalong,184118.0,1279.0
788.0,73974,5,Detached House,Partially Furnished,Phuket,,8.016484,1487.0,0,5,110000000,"Choeng Thale, Thalang, Phuket",98.29287,,Choeng Thale,3235294.0,2176.0
507.0,59692,4,Detached House,Unfurnished,Phuket,,8.0282006,650.0,0,3,38800000,"Choeng Thale, Thalang, Phuket",98.2988259,,Choeng Thale,1141176.0,1756.0
1000.0,17500,3,Detached House,Fully Furnished,Phuket,,8.0041769,1599.9999999999998,0,6,28000000,"Pa Khlok, Thalang, Phuket",98.3933491,,Pa Khlok,823529.0,515.0
202.00000000000003,42500,3,Detached House,Unfurnished,Phuket,,8.030369,400.0,0,3,17000000,"Choeng Thale, Thalang, Phuket",98.299897,,Choeng Thale,500000.0,1250.0
514.0,47461,3,Detached House,Partially Furnished,Phuket,,8.016484,1812.0,0,3,86000000,"Choeng Thale, Thalang, Phuket",98.29287,,Choeng Thale,2529412.0,1396.0
268.0,67000,4,Detached House,Unfurnished,Phuket,,7.9818277,432.0,0,3,28944300,"Choeng Thale, Thalang, Phuket",98.3008373,,Choeng Thale,851303.0,1971.0
130.0,26971,3,Detached House,Partially Furnished,Phuket,,7.9833441258413,208.0,0,5,5610000,"Sri Sunthon, Thalang, Phuket",98.330503997611,,Sri Sunthon,165000.0,793.0
34.0,92029,1,Condo,Fully Furnished,Phuket,2014.0,7.909715,,0,1,3129000,"155 Chalerm Phrakiat Rama 9 Road, Ratsada, Muang Phuket, Phuket",98.3689,Freehold,Ratsada,92029.0,2707.0
107.0,156028,2,Townhouse,Fully Furnished,Phuket,,7.8820955,104.0,0,5,16695000,"Patong, Kathu, Phuket",98.2973868,,Patong,491029.0,4589.0
671.0,32761,4,Detached House,,Phuket,,8.01693,1282.0,0,4,42000000,"Choeng Thale, Thalang, Phuket",98.30354,,Choeng Thale,1235294.0,964.0
30.0,87500,1,Condo,Fully Furnished,Phuket,2012.0,8.0463515,,0,1,2625000,"Thep Kasattri Thep Kasattri, Karon, Muang Phuket, Phuket",98.3363856,Freehold,Karon,77206.0,2574.0
28.0,126607,1,Condo,Fully Furnished,Phuket,2021.0,7.9642,,0,,3545000,"Kammala, Kathu, Phuket",98.285203,Freehold,Kammala,104265.0,3724.0
550.0,29812,5,Detached House,Fully Furnished,Phuket,,7.99455,1174.0,0,5,35000000,"Choeng Thale, Thalang, Phuket",98.30193,,Choeng Thale,1029412.0,877.0
325.0,37500,3,Detached House,Fully Furnished,Phuket,,8.0021594,400.0,0,3,15000000,"Choeng Thale, Thalang, Phuket",98.3097195,,Choeng Thale,441176.0,1103.0
30.0,85000,1,Condo,Fully Furnished,Phuket,2013.0,7.90159,,0,1,2550000,"Soi Hongyok Utis Yaowarat Road, Talat Yai, Muang Phuket, Phuket",98.378572,Freehold,Talat Yai,75000.0,2500.0
161.0,34937,3,Detached House,Unfurnished,Phuket,,7.953493,160.0,0,3,5590000,"Ko Kaeo, Muang Phuket, Phuket",98.383145,,Ko Kaeo,164412.0,1028.0
30.0,87500,1,Condo,Fully Furnished,Phuket,2012.0,8.0463515,,0,1,2625000,"Thep Kasattri Thep Kasattri, Karon, Muang Phuket, Phuket",98.3363856,Freehold,Karon,77206.0,2574.0
200.0,26666,3,Detached House,Fully Furnished,Phuket,,7.8027976,300.0,0,3,8000000,"Rawai, Muang Phuket, Phuket",98.3306857,,Rawai,235294.0,784.0
333.0,22656,3,Detached House,Fully Furnished,Phuket,,8.015535,640.0,0,4,14500000,"Choeng Thale, Thalang, Phuket",98.310563,,Choeng Thale,426471.0,666.0
272.0,68845,4,Detached House,Unfurnished,Phuket,,7.9818277,473.0,0,3,32563700,"Choeng Thale, Thalang, Phuket",98.3008373,,Choeng Thale,957756.0,2025.0
24.000000000000004,112500,1,Condo,Unfurnished,Phuket,2022.0,7.780462,,0,,2700000,"Soi Suanwat, Rawai, Muang Phuket, Phuket",98.316451,Freehold,Rawai,79412.0,3309.0
155.0,146341,2,Detached House,Unfurnished,Phuket,2020.0,8.136234,82.0,0,2,12000000,"Thepkasattri Road, Mai Khao, Thalang, Phuket",98.337696,Freehold,Mai Khao,352941.0,4304.0
550.0,47272,4,Detached House,Fully Furnished,Phuket,,8.01693,1100.0,0,4,52000000,"Choeng Thale, Thalang, Phuket",98.30354,,Choeng Thale,1529412.0,1390.0
71.0,59452,1,Detached House,Unfurnished,Phuket,,8.0735844,84.0,0,2,4994000,"Thep Krasattri, Thalang, Phuket",98.3460048,,Thep Krasattri,146882.0,1749.0
57.99999999999999,96379,2,Condo,Fully Furnished,Phuket,2014.0,7.889122,,0,2,5590000,"Wichit Songkhram  Wichit Songkhram, Wichit, Muang Phuket, Phuket",98.365071,Freehold,Wichit,164412.0,2835.0
34.0,150000,1,Condo,Unfurnished,Phuket,2019.0,7.83473,,0,1,5100000,"Soi Patak 14, Karon, Muang Phuket, Phuket",98.301049,Freehold,Karon,150000.0,4412.0
208.0,38172,4,Detached House,,Phuket,,7.84088,186.0,0,3,7100000,"Chalong, Muang Phuket, Phuket",98.362638,,Chalong,208824.0,1123.0
208.0,38586,4,Detached House,,Phuket,,7.84088,184.0,0,3,7100000,"Chalong, Muang Phuket, Phuket",98.362638,,Chalong,208824.0,1135.0
210.0,39718,2,Detached House,Unfurnished,Phuket,,8.0947785,363.0,0,2,14417760,"Thep Krasattri, Thalang, Phuket",98.3630926,,Thep Krasattri,424052.0,1168.0
600.0,58208,4,Detached House,Fully Furnished,Phuket,,7.8994865,670.0,0,6,39000000,"Patong, Kathu, Phuket",98.3087857,,Patong,1147059.0,1712.0
264.0,70443,3,Detached House,Unfurnished,Phuket,,7.999729,267.0,0,3,18808505,"Choeng Thale, Thalang, Phuket",98.309086,,Choeng Thale,553191.0,2072.0
130.0,40266,2,Detached House,Unfurnished,Phuket,,8.0947785,356.0,0,2,14334960,"Thep Krasattri, Thalang, Phuket",98.3630926,,Thep Krasattri,421616.0,1184.0
303.0,89513,2,Detached House,Fully Furnished,Phuket,,7.863587,185.0,0,2,16560000,"Chalong, Muang Phuket, Phuket",98.3314,,Chalong,487059.0,2633.0
392.0,61695,4,Detached House,Unfurnished,Phuket,,8.0022829,312.0,0,3,19249000,"Choeng Thale, Thalang, Phuket",98.3141961,,Choeng Thale,566147.0,1815.0
45.0,62000,1,Condo,Fully Furnished,Phuket,2021.0,7.879898,,0,1,2790000,"Soi Verakij, Patong, Kathu, Phuket",98.297687,Freehold,Patong,82059.0,1824.0
28.0,135714,1,Condo,Fully Furnished,Phuket,2021.0,7.9642,,0,,3800000,"Kammala, Kathu, Phuket",98.285203,Freehold,Kammala,111765.0,3992.0
1800.0,65000,7,Detached House,Fully Furnished,Phuket,,7.9714507,3000.0,0,6,195000000,"Kammala, Kathu, Phuket",98.2843976,,Kammala,5735294.0,1912.0
45.0,64444,1,Condo,Fully Furnished,Phuket,2021.0,7.879898,,0,1,2900000,"Soi Verakij, Patong, Kathu, Phuket",98.297687,Freehold,Patong,85294.0,1895.0
327.0,53822,5,Townhouse,Fully Furnished,Phuket,2014.0,8.0902854,154.0,0,3,17600000,"ถนน เทพกระษัตรี, Kammala, Kathu, Phuket",98.3401364,,Kammala,517647.0,1583.0
260.0,31250,3,Detached House,Fully Furnished,Phuket,,7.949883,480.0,0,3,15000000,"Kammala, Kathu, Phuket",98.2966854,,Kammala,441176.0,919.0
750.0,38994,6,Detached House,Fully Furnished,Phuket,,7.9449574,736.0,0,6,28700000,"Kammala, Kathu, Phuket",98.2835609,,Kammala,844118.0,1147.0
430.0,27890,4,Detached House,Fully Furnished,Phuket,,7.9048564,320.0,0,4,8925000,"Ratsada, Muang Phuket, Phuket",98.405656,,Ratsada,262500.0,820.0
529.0,48993,3,Detached House,Fully Furnished,Phuket,,8.004113,742.0,0,3,36353500,"Sri Sunthon, Thalang, Phuket",98.3230667,,Sri Sunthon,1069221.0,1441.0
37.0,142580,1,Condo,Fully Furnished,Phuket,2021.0,8.034256,,0,1,5275466,"Soi Layan 4, Choeng Thale, Thalang, Phuket",98.292068,Freehold,Choeng Thale,155161.0,4194.0
65.0,90769,1,Condo,Fully Furnished,Phuket,2020.0,7.946718,,0,1,5900000,"Kammala, Kathu, Phuket",98.268805,Freehold,Kammala,173529.0,2670.0
450.0,22639,4,Detached House,Fully Furnished,Phuket,,8.0636062,1545.9999999999998,0,3,35000000,"Pa Khlok, Thalang, Phuket",98.4331656,,Pa Khlok,1029412.0,666.0
25.0,130685,1,Condo,Fully Furnished,Phuket,2021.0,8.034256,,0,,3267141,"Soi Layan 4, Choeng Thale, Thalang, Phuket",98.292068,Freehold,Choeng Thale,96092.0,3844.0
440.0,25211,3,Detached House,Unfurnished,Phuket,,8.094955,472.0,0,3,11900000,"Thep Krasattri, Thalang, Phuket",98.358217,,Thep Krasattri,350000.0,742.0
165.0,47169,2,Detached House,Fully Furnished,Phuket,,7.7746432,212.00000000000003,0,2,10000000,"Rawai, Muang Phuket, Phuket",98.3215201,,Rawai,294118.0,1387.0
500.0,102222,5,Detached House,Fully Furnished,Phuket,,8.0313676,900.0,0,4,92000000,"Choeng Thale, Thalang, Phuket",98.3004338,,Choeng Thale,2705882.0,3007.0
271.0,30042,4,Detached House,,Phuket,,8.0180232,699.0,0,3,21000000,"Thep Krasattri, Thalang, Phuket",98.3221388,,Thep Krasattri,617647.0,884.0
650.0,193548,6,Detached House,Fully Furnished,Phuket,,7.8182956,310.0,0,5,60000000,"Karon, Muang Phuket, Phuket",98.3132601,,Karon,1764706.0,5693.0
275.0,32846,3,Detached House,Fully Furnished,Phuket,,8.0050766,548.0,0,3,18000000,"Choeng Thale, Thalang, Phuket",98.3084686,,Choeng Thale,529412.0,966.0
779.0,71863,11,Detached House,,Phuket,,7.9432218,789.0,0,9,56700000,"Kammala, Kathu, Phuket",98.292882,,Kammala,1667647.0,2114.0
340.0,54705,5,Townhouse,Fully Furnished,Phuket,2014.0,8.0902854,238.0,0,3,18600000,"ถนน เทพกระษัตรี, Kammala, Kathu, Phuket",98.3401364,,Kammala,547059.0,1609.0
250.0,30411,2,Detached House,Fully Furnished,Phuket,,7.976556,559.0,0,3,17000000,"Choeng Thale, Thalang, Phuket",98.283764,,Choeng Thale,500000.0,894.0
240.0,159107,2,Detached House,Unfurnished,Phuket,,7.9764034,224.0,0,3,35640000,"Choeng Thale, Thalang, Phuket",98.2819472,,Choeng Thale,1048235.0,4680.0
164.0,23949,3,Detached House,Fully Furnished,Phuket,,7.979414,238.0,0,3,5700000,"Sri Sunthon, Thalang, Phuket",98.354941,,Sri Sunthon,167647.0,704.0
31.0,119474,1,Condo,Fully Furnished,Phuket,2013.0,7.90159,,0,1,3703700,"Soi Hongyok Utis Yaowarat Road, Talat Yai, Muang Phuket, Phuket",98.378572,Freehold,Talat Yai,108932.0,3514.0
192.00000000000003,62500,4,Townhouse,Fully Furnished,Phuket,2014.0,8.0902854,140.0,0,3,12000000,"ถนน เทพกระษัตรี, Kammala, Kathu, Phuket",98.3401364,,Kammala,352941.0,1838.0
332.0,56197,5,Detached House,Fully Furnished,Phuket,,7.9450414,710.0,0,5,39900000,"Kammala, Kathu, Phuket",98.29256,,Kammala,1173529.0,1653.0
352.0,115652,3,Detached House,,Phuket,,8.0179875,187.0,0,3,21627000,"Thep Krasattri, Thalang, Phuket",98.3230073,,Thep Krasattri,636088.0,3402.0
352.0,111558,3,Detached House,,Phuket,,8.0179875,195.0,0,3,21754000,"Thep Krasattri, Thalang, Phuket",98.3230073,,Thep Krasattri,639824.0,3281.0
480.0,53164,4,Detached House,Fully Furnished,Phuket,,7.7929503795472,790.0000000000001,0,5,42000000,"Rawai, Muang Phuket, Phuket",98.312422370854,,Rawai,1235294.0,1564.0
26.0,119713,1,Condo,Fully Furnished,Phuket,2013.0,7.90159,,0,,3112550,"Soi Hongyok Utis Yaowarat Road, Talat Yai, Muang Phuket, Phuket",98.378572,Freehold,Talat Yai,91546.0,3521.0
152.0,29310,5,Detached House,,Phuket,,7.9917475,232.0,0,4,6800000,"Sri Sunthon, Thalang, Phuket",98.3544588,,Sri Sunthon,200000.0,862.0
93.0,91397,2,Condo,Fully Furnished,Phuket,2012.0,7.817934,,0,2,8500000,"ปฏัก ปฏัก, Karon, Muang Phuket, Phuket",98.312717,,Karon,250000.0,2688.0
25.0,116000,1,Condo,Fully Furnished,Phuket,2013.0,7.90159,,0,,2900000,"Soi Hongyok Utis Yaowarat Road, Talat Yai, Muang Phuket, Phuket",98.378572,Freehold,Talat Yai,85294.0,3412.0
380.0,34905,4,Detached House,Fully Furnished,Phuket,,7.963273,530.0,0,3,18500000,"Sri Sunthon, Thalang, Phuket",98.347374,,Sri Sunthon,544118.0,1027.0
196.0,25000,3,Townhouse,Fully Furnished,Phuket,,7.952957,120.0,0,2,4900000,"Kammala, Kathu, Phuket",98.290742,,Kammala,144118.0,735.0
28.0,119937,1,Condo,Fully Furnished,Phuket,2013.0,7.90159,,0,,3358250,"Soi Hongyok Utis Yaowarat Road, Talat Yai, Muang Phuket, Phuket",98.378572,Freehold,Talat Yai,98772.0,3528.0
1140.0,34418,8,Detached House,Fully Furnished,Phuket,,7.9852117,1598.0000000000002,0,8,55000000,"Choeng Thale, Thalang, Phuket",98.2893996,,Choeng Thale,1617647.0,1012.0
28.0,135357,1,Condo,Fully Furnished,Phuket,2021.0,7.9642,,0,,3790000,"Kammala, Kathu, Phuket",98.285203,Freehold,Kammala,111471.0,3981.0
260.0,33750,3,Detached House,Fully Furnished,Phuket,,8.0913904,400.0,0,3,13500000,"Thep Krasattri, Thalang, Phuket",98.3604381,,Thep Krasattri,397059.0,993.0
174.0,43906,3,Townhouse,Unfurnished,Phuket,,7.9667967,72.0,0,3,7639800,"Ko Kaeo, Muang Phuket, Phuket",98.3907549,,Ko Kaeo,224700.0,1291.0
533.0,88935,5,Detached House,Unfurnished,Phuket,,8.0282006,479.0,0,4,42600000,"Choeng Thale, Thalang, Phuket",98.2988259,,Choeng Thale,1252941.0,2616.0
51.0,107843,1,Apartment,Fully Furnished,Phuket,,7.883147,,0,,5500000,"Patong, Kathu, Phuket",98.274005,,Patong,161765.0,3172.0
144.0,90277,10,Townhouse,Fully Furnished,Phuket,,7.9020551,104.0,0,8,13000000,"Patong, Kathu, Phuket",98.3076677,,Patong,382353.0,2655.0
636.0,94736,6,Detached House,Fully Furnished,Phuket,,7.976437,570.0,0,4,54000000,"Choeng Thale, Thalang, Phuket",98.284909,,Choeng Thale,1588235.0,2786.0
361.0,67588,3,Detached House,Unfurnished,Phuket,,7.999729,312.0,0,3,21087734,"Choeng Thale, Thalang, Phuket",98.309086,,Choeng Thale,620227.0,1988.0
53.00000000000001,80000,1,Condo,Fully Furnished,Phuket,2012.0,7.976032,,0,,4240000,"25/3 Hadsurin, Choeng Thale, Thalang, Phuket",98.282733,Freehold,Choeng Thale,124706.0,2353.0
352.0,115652,3,Detached House,,Phuket,,8.0179875,187.0,0,3,21627000,"Thep Krasattri, Thalang, Phuket",98.3230073,,Thep Krasattri,636088.0,3402.0
116.0,42241,2,Apartment,Fully Furnished,Phuket,,7.8799742,,0,2,4900000,"Patong, Kathu, Phuket",98.2979989,,Patong,144118.0,1242.0
28.0,125000,1,Condo,Fully Furnished,Phuket,2021.0,7.9642,,0,,3500000,"Kammala, Kathu, Phuket",98.285203,Freehold,Kammala,102941.0,3676.0
260.0,17692,2,Detached House,Unfurnished,Phuket,,7.8583804,260.0,0,3,4600000,"Chalong, Muang Phuket, Phuket",98.3403118,,Chalong,135294.0,520.0
140.0,75250,2,Detached House,Unfurnished,Phuket,,7.9351695,78.0,0,3,5869500,"Ko Kaeo, Muang Phuket, Phuket",98.3815657,,Ko Kaeo,172632.0,2213.0
45.0,62000,1,Condo,Fully Furnished,Phuket,2021.0,7.879898,,0,1,2790000,"Soi Verakij, Patong, Kathu, Phuket",98.297687,Freehold,Patong,82059.0,1824.0
37.0,144388,1,Condo,Fully Furnished,Phuket,2021.0,8.034256,,0,1,5342385,"Soi Layan 4, Choeng Thale, Thalang, Phuket",98.292068,Freehold,Choeng Thale,157129.0,4247.0
29.0,98333,1,Detached House,Fully Furnished,Phuket,2022.0,7.891229,60.0,0,1,5900000,"Hasip Pee Road, Patong, Kathu, Phuket",98.308621,Leasehold,Patong,173529.0,2892.0
112.0,17941,2,Detached House,Fully Furnished,Phuket,,8.0633669,170.0,0,2,3050000,"Thep Krasattri, Thalang, Phuket",98.3494176,,Thep Krasattri,89706.0,528.0
130.0,41339,2,Detached House,Unfurnished,Phuket,,8.0947785,343.0,0,2,14179320,"Thep Krasattri, Thalang, Phuket",98.3630926,,Thep Krasattri,417039.0,1216.0
32.0,78125,1,Condo,Fully Furnished,Phuket,2012.0,7.976032,,0,,2500000,"25/3 Hadsurin, Choeng Thale, Thalang, Phuket",98.282733,Freehold,Choeng Thale,73529.0,2298.0
240.0,10980,3,Detached House,Fully Furnished,Phuket,,8.0137598,1366.0,0,3,15000000,"Choeng Thale, Thalang, Phuket",98.3147908,,Choeng Thale,441176.0,323.0
41.0,217053,1,Apartment,Fully Furnished,Phuket,2018.0,7.894849,,0,,8899200,"33/1 Taweewong Road, Patong, Kathu, Phuket",98.295598,Freehold,Patong,261741.0,6384.0
100.0,18269,2,Detached House,Fully Furnished,Phuket,,7.9946071,208.0,0,2,3800000,"Pa Khlok, Thalang, Phuket",98.3944377,,Pa Khlok,111765.0,537.0
160.0,20294,3,Detached House,Fully Furnished,Phuket,,7.8516865,340.0,0,3,6900000,"Chalong, Muang Phuket, Phuket",98.348743,,Chalong,202941.0,597.0
108.0,99537,2,Condo,Fully Furnished,Phuket,2012.0,7.817934,,0,1,10750000,"ปฏัก ปฏัก, Karon, Muang Phuket, Phuket",98.312717,,Karon,316176.0,2928.0
177.0,66666,2,Condo,Fully Furnished,Phuket,2012.0,7.991829,,0,2,11800000,"171/7 Cape Yamu, Pa Khlok, Thalang, Phuket",98.414609,Freehold,Pa Khlok,347059.0,1961.0
1010.0,66818,6,Detached House,Fully Furnished,Phuket,,7.9732158243296,1100.0,0,6,73500000,"Choeng Thale, Thalang, Phuket",98.293664448461,,Choeng Thale,2161765.0,1965.0
28.0,140714,1,Condo,Fully Furnished,Phuket,2021.0,7.9642,,0,,3940000,"Kammala, Kathu, Phuket",98.285203,Freehold,Kammala,115882.0,4139.0
217.0,65646,3,Detached House,Unfurnished,Phuket,,7.773505,423.0,0,3,27768300,"Rawai, Muang Phuket, Phuket",98.314949,,Rawai,816715.0,1931.0
100.0,63000,1,Apartment,Fully Furnished,Phuket,,7.9762343,,0,1,6300000,"Choeng Thale, Thalang, Phuket",98.2803232,,Choeng Thale,185294.0,1853.0
200.0,47250,4,Detached House,Fully Furnished,Phuket,,7.8000301,400.0,0,4,18900000,"Rawai, Muang Phuket, Phuket",98.3296279,,Rawai,555882.0,1390.0
25.0,132000,1,Condo,Unfurnished,Phuket,2021.0,8.134714,,0,1,3300000,"Baanbosom Road, Mai Khao, Thalang, Phuket",98.30989,Freehold,Mai Khao,97059.0,3882.0
36.0,97000,1,Condo,,Phuket,2021.0,7.769664,,0,1,3492000,"Thai Highway-4030 Road, Rawai, Muang Phuket, Phuket",98.308717,Freehold,Rawai,102706.0,2853.0
196.0,27551,3,Townhouse,Fully Furnished,Phuket,,7.952957,140.0,0,2,5400000,"Kammala, Kathu, Phuket",98.290742,,Kammala,158824.0,810.0
300.0,115000,4,Detached House,Unfurnished,Phuket,,7.84522,300.0,0,3,34500000,"Karon, Muang Phuket, Phuket",98.3031348,,Karon,1014706.0,3382.0
35.0,85714,1,Condo,Fully Furnished,Phuket,2014.0,7.889122,,0,1,3000000,"Wichit Songkhram  Wichit Songkhram, Wichit, Muang Phuket, Phuket",98.365071,Freehold,Wichit,88235.0,2521.0
131.0,78320,2,Condo,Fully Furnished,Phuket,2012.0,7.800743,,0,2,10260000,"14/5 Wiset, Rawai, Muang Phuket, Phuket",98.337407,Freehold,Rawai,301765.0,2304.0
90.0,76666,2,Condo,Fully Furnished,Phuket,2012.0,7.817934,,0,2,6900000,"ปฏัก ปฏัก, Karon, Muang Phuket, Phuket",98.312717,,Karon,202941.0,2255.0
53.00000000000001,75000,1,Condo,Fully Furnished,Phuket,2012.0,7.976032,,0,,3975000,"25/3 Hadsurin, Choeng Thale, Thalang, Phuket",98.282733,Freehold,Choeng Thale,116912.0,2206.0
39.0,139042,1,Condo,Unfurnished,Phuket,2022.0,7.979949250487842,,0,1,5422644,"66/2 Soi Hua Tiao, Choeng Thale, Thalang, Phuket",98.288185097334,Freehold,Choeng Thale,159490.0,4089.0
350.0,247500,5,Detached House,Fully Furnished,Phuket,,8.000861,400.0,0,5,99000000,"Pa Khlok, Thalang, Phuket",98.406663,,Pa Khlok,2911765.0,7279.0
65.0,90769,1,Condo,Fully Furnished,Phuket,2020.0,7.946718,,0,1,5900000,"Kammala, Kathu, Phuket",98.268805,Freehold,Kammala,173529.0,2670.0
221.0,28939,3,Detached House,Fully Furnished,Phuket,,7.8474619,330.0,0,3,9550000,"Chalong, Muang Phuket, Phuket",98.3613556,,Chalong,280882.0,851.0
400.0,47250,3,Detached House,Fully Furnished,Phuket,,7.863421,412.0,0,3,19467000,"Chalong, Muang Phuket, Phuket",98.342706,,Chalong,572559.0,1390.0
140.0,41975,4,Detached House,Fully Furnished,Phuket,,7.9320752,324.0,0,3,13600000,"Kathu, Kathu, Phuket",98.3312416,,Kathu,400000.0,1235.0
32.0,78125,1,Condo,,Phuket,2014.0,7.992271,,0,1,2500000,"Thep Kasattri Thep Kasattri, Choeng Thale, Thalang, Phuket",98.30626,Freehold,Choeng Thale,73529.0,2298.0
95.0,114736,2,Condo,Fully Furnished,Phuket,2015.0,8.154175769124732,,0,2,10900000,"8 Moo 3, Mai Khao, Thalang, Phuket",98.2978065925904,Freehold,Mai Khao,320588.0,3375.0
441.0,61059,2,Detached House,Unfurnished,Phuket,,7.8277802,434.0,0,3,26500000,"Karon, Muang Phuket, Phuket",98.3047758,,Karon,779412.0,1796.0
352.0,115652,3,Detached House,,Phuket,,8.0179875,187.0,0,3,21627000,"Thep Krasattri, Thalang, Phuket",98.3230073,,Thep Krasattri,636088.0,3402.0
300.0,47500,3,Detached House,Fully Furnished,Phuket,,7.798402,400.0,0,3,19000000,"Rawai, Muang Phuket, Phuket",98.320038,,Rawai,558824.0,1397.0
370.0,55267,4,Detached House,,Phuket,,7.9998696,353.0,0,3,19509380,"Choeng Thale, Thalang, Phuket",98.3059654,,Choeng Thale,573805.0,1626.0
244.00000000000003,42263,2,Detached House,Unfurnished,Phuket,,8.0559426,296.0,0,3,12510000,"Thep Krasattri, Thalang, Phuket",98.3193737,,Thep Krasattri,367941.0,1243.0
245.0,50505,3,Detached House,Fully Furnished,Phuket,,7.7746432,297.0,0,3,15000000,"Rawai, Muang Phuket, Phuket",98.3215201,,Rawai,441176.0,1485.0
303.0,90810,2,Detached House,Fully Furnished,Phuket,,7.863587,185.0,0,3,16800000,"Chalong, Muang Phuket, Phuket",98.3314,,Chalong,494118.0,2671.0
226.0,41958,2,Detached House,Fully Furnished,Phuket,2012.0,7.991829,429.0,0,3,18000000,"171/7 Cape Yamu, Pa Khlok, Thalang, Phuket",98.414609,Freehold,Pa Khlok,529412.0,1234.0
175.0,27095,,Detached House,Unfurnished,Phuket,,7.954003,210.0,0,4,5690000,"Ko Kaeo, Muang Phuket, Phuket",98.3834674,,Ko Kaeo,167353.0,797.0
37.0,139579,1,Condo,Fully Furnished,Phuket,2021.0,8.034256,,0,1,5164429,"Soi Layan 4, Choeng Thale, Thalang, Phuket",98.292068,Freehold,Choeng Thale,151895.0,4105.0
500.0,44247,4,Detached House,Fully Furnished,Phuket,2012.0,8.020299,904.0,0,4,40000000,"116/13 Laguna, Choeng Thale, Thalang, Phuket",98.30029,Freehold,Choeng Thale,1176471.0,1301.0
160.0,140250,2,Townhouse,Partially Furnished,Phuket,,7.9760616,108.0,0,3,22440000,"Choeng Thale, Thalang, Phuket",98.2804193,,Choeng Thale,660000.0,4125.0
410.0,34749,4,Detached House,Fully Furnished,Phuket,,7.8553841,247.2,0,5,8590000,"Chalong, Muang Phuket, Phuket",98.3494366,,Chalong,252647.0,1022.0
202.00000000000003,54692,2,Detached House,Partially Furnished,Phuket,,8.002184,309.0,0,3,16900000,"Choeng Thale, Thalang, Phuket",98.314748,,Choeng Thale,497059.0,1609.0
252.0,70087,4,Detached House,Unfurnished,Phuket,,7.9818277,416.0,0,3,29156200,"Choeng Thale, Thalang, Phuket",98.3008373,,Choeng Thale,857535.0,2061.0
137.0,49382,2,Detached House,Fully Furnished,Phuket,,7.8129443,243.00000000000003,0,2,12000000,"Rawai, Muang Phuket, Phuket",98.3303945,,Rawai,352941.0,1452.0
104.0,41153,4,Townhouse,Unfurnished,Phuket,,7.909866,104.0,0,3,4280000,"Kathu, Kathu, Phuket",98.352878,,Kathu,125882.0,1210.0
140.0,27857,2,Townhouse,Fully Furnished,Phuket,,7.952664,160.0,0,3,3900000,"Ko Kaeo, Muang Phuket, Phuket",98.372824,,Ko Kaeo,114706.0,819.0
64.0,139062,1,Condo,Partially Furnished,Phuket,2012.0,7.8846792,,0,1,8900000,"110/185 Thaweewong, Patong, Kathu, Phuket",98.279271,,Patong,261765.0,4090.0
260.0,35294,4,Detached House,Fully Furnished,Phuket,,8.0126058,340.0,0,3,12000000,"Choeng Thale, Thalang, Phuket",98.3022787,,Choeng Thale,352941.0,1038.0
120.0,51136,2,Detached House,Fully Furnished,Phuket,,7.8465524,264.0,0,3,13500000,"Karon, Muang Phuket, Phuket",98.2994166,,Karon,397059.0,1504.0
360.0,39313,4,Detached House,Unfurnished,Phuket,,8.0559426,472.0,0,4,18556000,"Thep Krasattri, Thalang, Phuket",98.3193737,,Thep Krasattri,545765.0,1156.0
429.0,10855,4,Detached House,Partially Furnished,Phuket,,8.0913904,1520.0,0,4,16500000,"Thep Krasattri, Thalang, Phuket",98.3604381,,Thep Krasattri,485294.0,319.0
268.0,68025,4,Detached House,Unfurnished,Phuket,,7.9818277,432.0,0,3,29387100,"Choeng Thale, Thalang, Phuket",98.3008373,,Choeng Thale,864326.0,2001.0
370.0,54033,4,Detached House,,Phuket,,7.9998696,362.0,0,3,19560200,"Choeng Thale, Thalang, Phuket",98.3059654,,Choeng Thale,575300.0,1589.0
32.0,87812,1,Condo,Fully Furnished,Phuket,2012.0,7.976032,,0,,2810000,"25/3 Hadsurin, Choeng Thale, Thalang, Phuket",98.282733,Freehold,Choeng Thale,82647.0,2583.0
116.0,72413,2,Condo,Fully Furnished,Phuket,2012.0,7.833275,,0,2,8400000,"264 Patak Road, Karon, Muang Phuket, Phuket",98.299533,Freehold,Karon,247059.0,2130.0
35.0,85714,1,Condo,Fully Furnished,Phuket,2013.0,7.90159,,0,1,3000000,"Soi Hongyok Utis Yaowarat Road, Talat Yai, Muang Phuket, Phuket",98.378572,Freehold,Talat Yai,88235.0,2521.0
82.0,91463,2,Condo,Fully Furnished,Phuket,2012.0,7.8871892,,0,2,7500000,"ป่าตอง Haad Patong, Patong, Kathu, Phuket",98.302693,,Patong,220588.0,2690.0
120.0,25000,3,Detached House,Fully Furnished,Phuket,,7.9495976,400.0,0,2,10000000,"Kammala, Kathu, Phuket",98.2883813,,Kammala,294118.0,735.0
550.0,18145,5,Detached House,Fully Furnished,Phuket,,7.915583922482,2480.0,0,6,44999999,"Kathu, Kathu, Phuket",98.32516043452,,Kathu,1323529.0,534.0
71.0,59452,1,Detached House,Unfurnished,Phuket,,8.0735844,84.0,0,2,4994000,"Thep Krasattri, Thalang, Phuket",98.3460048,,Thep Krasattri,146882.0,1749.0
193.0,62745,3,Detached House,Fully Furnished,Phuket,,8.019697,255.0,0,3,16000000,"Thep Krasattri, Thalang, Phuket",98.3151961,,Thep Krasattri,470588.0,1845.0
426.00000000000006,93181,5,Detached House,Fully Furnished,Phuket,2014.0,8.0902854,264.0,0,3,24600000,"ถนน เทพกระษัตรี, Kammala, Kathu, Phuket",98.3401364,,Kammala,723529.0,2741.0
39.0,126707,1,Condo,Unfurnished,Phuket,2022.0,7.979949250487842,,0,1,4941603,"66/2 Soi Hua Tiao, Choeng Thale, Thalang, Phuket",98.288185097334,Freehold,Choeng Thale,145341.0,3727.0
172.0,35156,3,Detached House,Fully Furnished,Phuket,,8.0151271,256.0,0,2,9000000,"Choeng Thale, Thalang, Phuket",98.3120063,,Choeng Thale,264706.0,1034.0
392.0,61520,4,Detached House,Unfurnished,Phuket,,8.0022829,313.0,0,3,19256000,"Choeng Thale, Thalang, Phuket",98.3141961,,Choeng Thale,566353.0,1809.0
450.0,41063,4,Detached House,Unfurnished,Phuket,,8.029712,672.0,0,4,27594480,"Thep Krasattri, Thalang, Phuket",98.3103542,,Thep Krasattri,811602.0,1208.0
203.0,52325,3,Detached House,Fully Furnished,Phuket,,8.0114941,258.0,0,3,13500000,"Choeng Thale, Thalang, Phuket",98.3133884,,Choeng Thale,397059.0,1539.0
650.0,29074,3,Detached House,Fully Furnished,Phuket,,8.0076866,1135.0,0,4,33000000,"Choeng Thale, Thalang, Phuket",98.300227,,Choeng Thale,970588.0,855.0
116.0,85344,2,Condo,Fully Furnished,Phuket,2012.0,7.833275,,0,2,9900000,"264 Patak Road, Karon, Muang Phuket, Phuket",98.299533,Freehold,Karon,291176.0,2510.0
165.0,75757,2,Apartment,Fully Furnished,Phuket,,7.8358342,,0,2,12500000,"Karon, Muang Phuket, Phuket",98.2999577,,Karon,367647.0,2228.0
180.0,40338,2,Detached House,Fully Furnished,Phuket,,8.00219,295.0,0,3,11900000,"Soi Pasak 4/1, Choeng Thale, Thalang, Phuket",98.314755,,Choeng Thale,350000.0,1186.0
171.0,50813,3,Detached House,,Phuket,,8.0410493,430.0,0,3,21850000,"Choeng Thale, Thalang, Phuket",98.2963637,,Choeng Thale,642647.0,1494.0
28.0,109610,1,Condo,Unfurnished,Phuket,2022.0,7.979949250487842,,0,,3069080,"66/2 Soi Hua Tiao, Choeng Thale, Thalang, Phuket",98.288185097334,Freehold,Choeng Thale,90267.0,3224.0
84.0,41666,2,Apartment,Fully Furnished,Phuket,,7.8945203,,0,2,3500000,"Patong, Kathu, Phuket",98.3047224,,Patong,102941.0,1225.0
29.0,98333,1,Detached House,Fully Furnished,Phuket,2022.0,7.891229,60.0,0,1,5900000,"Hasip Pee Road, Patong, Kathu, Phuket",98.308621,Leasehold,Patong,173529.0,2892.0
340.0,34332,3,Detached House,Partially Furnished,Phuket,,8.0008406,524.0,0,3,17990000,"Sri Sunthon, Thalang, Phuket",98.3234128,,Sri Sunthon,529118.0,1010.0
352.0,115652,3,Detached House,,Phuket,,8.0179875,187.0,0,3,21627000,"Thep Krasattri, Thalang, Phuket",98.3230073,,Thep Krasattri,636088.0,3402.0
450.0,26250,4,Detached House,Fully Furnished,Phuket,,7.9855079,1599.9999999999998,0,4,42000000,"Sri Sunthon, Thalang, Phuket",98.3276949,,Sri Sunthon,1235294.0,772.0
229.0,29545,4,Detached House,Fully Furnished,Phuket,,7.8131798,396.0,0,3,11700000,"Rawai, Muang Phuket, Phuket",98.328037,,Rawai,344118.0,869.0
788.0,60855,5,Detached House,Partially Furnished,Phuket,,8.016484,1824.0,0,5,111000000,"Choeng Thale, Thalang, Phuket",98.29287,,Choeng Thale,3264706.0,1790.0
385.0,32480,8,Detached House,Fully Furnished,Phuket,,7.8867376,1052.0,0,7,34170000,"Wichit, Muang Phuket, Phuket",98.3640846,,Wichit,1005000.0,955.0
1281.0,12500,10,Detached House,Fully Furnished,Phuket,,7.998163,1280.0,0,10,16000000,"Choeng Thale, Thalang, Phuket",98.315119,,Choeng Thale,470588.0,368.0
170.0,41929,2,Detached House,Fully Furnished,Phuket,,7.829206,324.0,0,2,13585000,"Chalong, Muang Phuket, Phuket",98.333126,,Chalong,399559.0,1233.0
147.0,119047,2,Condo,Fully Furnished,Phuket,2014.0,7.824568,,0,2,17500000,"29/17-18 หมู่ 5, Karon, Muang Phuket, Phuket",98.303996,,Karon,514706.0,3501.0
200.0,46666,4,Detached House,Fully Furnished,Phuket,,7.9085679,300.0,0,3,14000000,"Ratsada, Muang Phuket, Phuket",98.3825322,,Ratsada,411765.0,1373.0
788.0,61258,5,Detached House,Partially Furnished,Phuket,,8.016484,1812.0,0,5,111000000,"Choeng Thale, Thalang, Phuket",98.29287,,Choeng Thale,3264706.0,1802.0
812.0,25806,3,Detached House,Fully Furnished,Phuket,,7.802477,2015.0,0,3,52000000,"Wichit, Muang Phuket, Phuket",98.41068,,Wichit,1529412.0,759.0
353.0,58333,4,Detached House,Fully Furnished,Phuket,,7.7851135,600.0,0,3,35000000,"Rawai, Muang Phuket, Phuket",98.3310984,,Rawai,1029412.0,1716.0
288.0,44237,3,Detached House,Unfurnished,Phuket,,7.9974627,269.0,0,3,11900000,"Sri Sunthon, Thalang, Phuket",98.3253301,,Sri Sunthon,350000.0,1301.0
350.0,22225,5,Detached House,Fully Furnished,Phuket,,7.9542624,328.0,0,4,7290000,"Ko Kaeo, Muang Phuket, Phuket",98.3888633,,Ko Kaeo,214412.0,654.0
720.0,11562,4,Detached House,Fully Furnished,Phuket,,8.0041769,3199.9999999999995,0,4,37000000,"Pa Khlok, Thalang, Phuket",98.3933491,,Pa Khlok,1088235.0,340.0
352.0,110070,3,Detached House,,Phuket,,8.0179875,198.0,0,3,21794000,"Thep Krasattri, Thalang, Phuket",98.3230073,,Thep Krasattri,641000.0,3237.0
277.0,180505,4,Condo,Fully Furnished,Phuket,2014.0,7.901286,,0,3,50000000,"ถนน มนตรี, Talat Yai, Muang Phuket, Phuket",98.378577,,Talat Yai,1470588.0,5309.0
109.0,56304,3,Detached House,,Phuket,,7.9444443,341.0,0,2,19200000,"Kammala, Kathu, Phuket",98.2924552,,Kammala,564706.0,1656.0
423.0,89454,5,Detached House,Fully Furnished,Phuket,2014.0,8.0902854,275.0,0,3,24600000,"ถนน เทพกระษัตรี, Kammala, Kathu, Phuket",98.3401364,,Kammala,723529.0,2631.0
280.0,32182,5,Detached House,Fully Furnished,Phuket,,7.941038,820.0,0,4,26390000,"Kammala, Kathu, Phuket",98.292114,,Kammala,776176.0,947.0
200.0,20833,3,Detached House,Fully Furnished,Phuket,,8.0198962394735,648.0,0,3,13500000,"Choeng Thale, Thalang, Phuket",98.313195669897,,Choeng Thale,397059.0,613.0
37.0,140047,1,Condo,Fully Furnished,Phuket,2021.0,8.034256,,0,1,5181750,"Soi Layan 4, Choeng Thale, Thalang, Phuket",98.292068,Freehold,Choeng Thale,152404.0,4119.0
29.0,130344,1,Condo,Fully Furnished,Phuket,2021.0,7.9642,,0,,3780000,"Kammala, Kathu, Phuket",98.285203,Freehold,Kammala,111176.0,3834.0
300.0,14705,7,Detached House,Unfurnished,Phuket,,7.794268874948,1700.0,0,7,25000000,"Rawai, Muang Phuket, Phuket",98.312923750547,,Rawai,735294.0,432.0
231.0,77922,2,Condo,Fully Furnished,Phuket,2012.0,7.991829,,0,2,18000000,"171/7 Cape Yamu, Pa Khlok, Thalang, Phuket",98.414609,Freehold,Pa Khlok,529412.0,2292.0
110.0,29000,2,Townhouse,Unfurnished,Phuket,,8.0562127,48.00000000000001,0,3,3190000,"Thep Krasattri, Thalang, Phuket",98.3214676,,Thep Krasattri,93824.0,853.0
300.0,52689,3,Detached House,Unfurnished,Phuket,,7.793198,316.0,0,3,16650000,"Rawai, Muang Phuket, Phuket",98.3142482,,Rawai,489706.0,1550.0
64.0,107812,2,Townhouse,Unfurnished,Phuket,,7.8850714,64.0,0,2,6900000,"Patong, Kathu, Phuket",98.2971243,,Patong,202941.0,3171.0
340.0,41772,3,Detached House,Partially Furnished,Phuket,,8.0008406,378.0,0,3,15790000,"Sri Sunthon, Thalang, Phuket",98.3234128,,Sri Sunthon,464412.0,1229.0
300.0,61473,3,Detached House,Unfurnished,Phuket,,7.793198,262.0,0,3,16106000,"Rawai, Muang Phuket, Phuket",98.3142482,,Rawai,473706.0,1808.0
303.0,90810,2,Detached House,Fully Furnished,Phuket,,7.863587,185.0,0,2,16800000,"Chalong, Muang Phuket, Phuket",98.3314,,Chalong,494118.0,2671.0
45.0,64444,1,Condo,Fully Furnished,Phuket,2021.0,7.879898,,0,1,2900000,"Soi Verakij, Patong, Kathu, Phuket",98.297687,Freehold,Patong,85294.0,1895.0
78.0,94062,2,Detached House,Unfurnished,Phuket,,7.884552,48.00000000000001,0,3,4515000,"Wichit, Muang Phuket, Phuket",98.3687797,,Wichit,132794.0,2767.0
450.0,40145,4,Detached House,Unfurnished,Phuket,,8.029712,695.0,0,4,27901300,"Thep Krasattri, Thalang, Phuket",98.3103542,,Thep Krasattri,820626.0,1181.0
223.00000000000003,165600,2,Condo,Fully Furnished,Phuket,2014.0,7.824568,,0,3,36928800,"29/17-18 หมู่ 5, Karon, Muang Phuket, Phuket",98.303996,,Karon,1086141.0,4871.0
680.0,32773,4,Detached House,,Phuket,,8.021738,1190.0,0,4,39000000,"Thep Krasattri, Thalang, Phuket",98.317965,,Thep Krasattri,1147059.0,964.0
300.0,25000,4,Detached House,Fully Furnished,Phuket,,8.015603,799.9999999999999,0,4,20000000,"Choeng Thale, Thalang, Phuket",98.307712,,Choeng Thale,588235.0,735.0
328.0,68734,4,Detached House,Unfurnished,Phuket,,8.0244356,801.0,0,4,55056250,"Choeng Thale, Thalang, Phuket",98.3055757,,Choeng Thale,1619301.0,2022.0
564.0,64150,10,Detached House,Fully Furnished,Phuket,,7.8077767,1060.0,0,9,68000000,"Rawai, Muang Phuket, Phuket",98.3372239,,Rawai,2000000.0,1887.0
57.0,43771,1,Apartment,Fully Furnished,Phuket,,8.0282125,,0,1,2495000,"Choeng Thale, Thalang, Phuket",98.2981778,,Choeng Thale,73382.0,1287.0
816.0,103448,4,Detached House,Fully Furnished,Phuket,,7.923996,1160.0,0,5,120000000,"Kammala, Kathu, Phuket",98.269027,,Kammala,3529412.0,3043.0
208.0,39673,4,Detached House,,Phuket,,7.84088,184.0,0,3,7300000,"Chalong, Muang Phuket, Phuket",98.362638,,Chalong,214706.0,1167.0
120.0,79250,2,Condo,Fully Furnished,Phuket,2012.0,7.976032,,0,2,9510000,"25/3 Hadsurin, Choeng Thale, Thalang, Phuket",98.282733,Freehold,Choeng Thale,279706.0,2331.0
202.00000000000003,47277,2,Detached House,Fully Furnished,Phuket,,8.00219,288.0,0,3,13615900,"Soi Pasak 4/1, Choeng Thale, Thalang, Phuket",98.314755,,Choeng Thale,400468.0,1390.0
141.0,37500,3,Detached House,Fully Furnished,Phuket,,8.0029318,400.0,0,3,15000000,"Sri Sunthon, Thalang, Phuket",98.3177847,,Sri Sunthon,441176.0,1103.0
423.0,103404,5,Detached House,Fully Furnished,Phuket,2014.0,8.0902854,235.0,0,3,24300000,"ถนน เทพกระษัตรี, Kammala, Kathu, Phuket",98.3401364,,Kammala,714706.0,3041.0
168.0,26450,3,Detached House,Unfurnished,Phuket,,7.954003,200.0,0,3,5290000,"Ko Kaeo, Muang Phuket, Phuket",98.3834674,,Ko Kaeo,155588.0,778.0
352.0,112554,3,Detached House,,Phuket,,8.0179875,193.0,0,3,21723000,"Thep Krasattri, Thalang, Phuket",98.3230073,,Thep Krasattri,638912.0,3310.0
671.0,39361,4,Detached House,,Phuket,,8.01693,1034.0,0,4,40700000,"Choeng Thale, Thalang, Phuket",98.30354,,Choeng Thale,1197059.0,1158.0
423.0,89454,5,Detached House,Fully Furnished,Phuket,2014.0,8.0902854,275.0,0,3,24600000,"ถนน เทพกระษัตรี, Kammala, Kathu, Phuket",98.3401364,,Kammala,723529.0,2631.0
788.0,65317,5,Detached House,Partially Furnished,Phuket,,8.016484,1730.0,0,5,113000000,"Choeng Thale, Thalang, Phuket",98.29287,,Choeng Thale,3323529.0,1921.0
70.0,64285,4,Townhouse,Fully Furnished,Phuket,,7.891907,70.0,0,3,4500000,"Patong, Kathu, Phuket",98.304266,,Patong,132353.0,1891.0
24.000000000000004,112500,1,Condo,Unfurnished,Phuket,2022.0,7.780462,,0,,2700000,"Soi Suanwat, Rawai, Muang Phuket, Phuket",98.316451,Freehold,Rawai,79412.0,3309.0
190.0,50449,4,Detached House,Fully Furnished,Phuket,,8.0009026,668.0,0,4,33700000,"Sri Sunthon, Thalang, Phuket",98.3171232,,Sri Sunthon,991176.0,1484.0
130.0,40769,1,Apartment,Fully Furnished,Phuket,,7.8799742,,0,2,5300000,"Patong, Kathu, Phuket",98.2979989,,Patong,155882.0,1199.0
319.0,40438,3,Apartment,Fully Furnished,Phuket,,7.921405,,0,3,12900000,"Kathu, Kathu, Phuket",98.327721,,Kathu,379412.0,1189.0
28.0,127678,1,Condo,Fully Furnished,Phuket,2021.0,7.9642,,0,,3575000,"Kammala, Kathu, Phuket",98.285203,Freehold,Kammala,105147.0,3755.0
131.0,96030,2,Apartment,Fully Furnished,Phuket,,7.917344,,0,2,12580000,"Patong, Kathu, Phuket",98.2911501,,Patong,370000.0,2824.0
37.0,144481,1,Condo,Fully Furnished,Phuket,2021.0,8.034256,,0,1,5345832,"Soi Layan 4, Choeng Thale, Thalang, Phuket",98.292068,Freehold,Choeng Thale,157230.0,4249.0
300.0,12628,6,Detached House,Fully Furnished,Phuket,,7.948548,1267.0,0,5,16000000,"Kammala, Kathu, Phuket",98.293544,,Kammala,470588.0,371.0
352.0,115652,3,Detached House,,Phuket,,8.0179875,187.0,0,3,21627000,"Thep Krasattri, Thalang, Phuket",98.3230073,,Thep Krasattri,636088.0,3402.0
120.0,27160,3,Detached House,Fully Furnished,Phuket,,8.0180232,405.0,0,3,11000000,"Thep Krasattri, Thalang, Phuket",98.3221388,,Thep Krasattri,323529.0,799.0
70.0,155714,1,Condo,Fully Furnished,Phuket,2015.0,8.154175769124732,,0,1,10900000,"8 Moo 3, Mai Khao, Thalang, Phuket",98.2978065925904,Freehold,Mai Khao,320588.0,4580.0
327.0,53211,5,Townhouse,Fully Furnished,Phuket,2014.0,8.0902854,154.0,0,3,17400000,"ถนน เทพกระษัตรี, Kammala, Kathu, Phuket",98.3401364,,Kammala,511765.0,1565.0
352.0,111558,3,Detached House,,Phuket,,8.0179875,195.0,0,3,21754000,"Thep Krasattri, Thalang, Phuket",98.3230073,,Thep Krasattri,639824.0,3281.0
116.0,51724,2,Apartment,Fully Furnished,Phuket,,7.9464044,,0,2,6000000,"Kammala, Kathu, Phuket",98.2846238,,Kammala,176471.0,1521.0
77.0,41558,2,Condo,Fully Furnished,Phuket,2013.0,7.905038,,0,2,3200000,". ถนนวิชิตสงคราม ตำบลกะทู้ อำเภอกะทู้ ภูเก็ต, Kammala, Kathu, Phuket",98.334944,Freehold,Kammala,94118.0,1222.0
34.0,150000,1,Condo,Unfurnished,Phuket,2019.0,7.83473,,0,1,5100000,"Soi Patak 14, Karon, Muang Phuket, Phuket",98.301049,Freehold,Karon,150000.0,4412.0
267.0,106194,4,Detached House,Unfurnished,Phuket,,7.8277802,226.0,0,3,24000000,"Karon, Muang Phuket, Phuket",98.3047758,,Karon,705882.0,3123.0
244.00000000000003,20833,3,Detached House,Unfurnished,Phuket,,7.979414,264.0,0,3,5500000,"Sri Sunthon, Thalang, Phuket",98.354941,,Sri Sunthon,161765.0,613.0
290.0,40079,3,Detached House,Unfurnished,Phuket,,8.029712,449.0,0,3,17995660,"Thep Krasattri, Thalang, Phuket",98.3103542,,Thep Krasattri,529284.0,1179.0
100.0,139000,2,Condo,Fully Furnished,Phuket,2015.0,8.154175769124732,,0,2,13900000,"8 Moo 3, Mai Khao, Thalang, Phuket",98.2978065925904,Freehold,Mai Khao,408824.0,4088.0
279.0,16220,4,Detached House,Fully Furnished,Phuket,,8.152276,672.0,0,5,10900000,"Mai Khao, Thalang, Phuket",98.308911,,Mai Khao,320588.0,477.0
134.0,36225,3,Detached House,Fully Furnished,Phuket,,7.903243,200.0,0,3,7245000,"Patong, Kathu, Phuket",98.317596,,Patong,213088.0,1065.0
28.0,120345,1,Condo,Unfurnished,Phuket,2022.0,7.979949250487842,,0,,3369660,"66/2 Soi Hua Tiao, Choeng Thale, Thalang, Phuket",98.288185097334,Freehold,Choeng Thale,99108.0,3540.0
1100.0,81300,4,Detached House,Fully Furnished,Phuket,,7.9870177,3074.9999999999995,0,3,250000000,"Pa Khlok, Thalang, Phuket",98.4244804,,Pa Khlok,7352941.0,2391.0
288.0,19531,5,Detached House,Fully Furnished,Phuket,,7.982823975106,1280.0,0,5,25000000,"Choeng Thale, Thalang, Phuket",98.282703116394,,Choeng Thale,735294.0,574.0
464.0,21463,6,Detached House,Fully Furnished,Phuket,,8.011425,1025.0,0,5,22000000,"Sri Sunthon, Thalang, Phuket",98.317135,,Sri Sunthon,647059.0,631.0
285.0,16197,4,Detached House,Fully Furnished,Phuket,,7.8061144,710.0,0,5,11500000,"Rawai, Muang Phuket, Phuket",98.3344603,,Rawai,338235.0,476.0
36.0,97000,1,Condo,,Phuket,2021.0,7.769664,,0,1,3492000,"Thai Highway-4030 Road, Rawai, Muang Phuket, Phuket",98.308717,Freehold,Rawai,102706.0,2853.0
390.0,40250,4,Detached House,Unfurnished,Phuket,,8.029712,600.0,0,4,24150000,"Thep Krasattri, Thalang, Phuket",98.3103542,,Thep Krasattri,710294.0,1184.0
118.0,43402,2,Detached House,Fully Furnished,Phuket,,7.8474619,144.0,0,2,6250000,"Chalong, Muang Phuket, Phuket",98.3613556,,Chalong,183824.0,1277.0
282.0,25172,4,Detached House,Fully Furnished,Phuket,2012.0,7.991829,435.00000000000006,0,3,10950000,"171/7 Cape Yamu, Pa Khlok, Thalang, Phuket",98.414609,Freehold,Pa Khlok,322059.0,740.0
700.0,36666,6,Detached House,Fully Furnished,Phuket,,8.076311,3000.0,0,5,110000000,"Pa Khlok, Thalang, Phuket",98.4323932,,Pa Khlok,3235294.0,1078.0
147.0,178200,2,Condo,Fully Furnished,Phuket,2014.0,7.824568,,0,2,26195400,"29/17-18 หมู่ 5, Karon, Muang Phuket, Phuket",98.303996,,Karon,770453.0,5241.0
260.0,31250,3,Detached House,Partially Furnished,Phuket,,7.923988,400.0,0,3,12500000,"Kathu, Kathu, Phuket",98.338001,,Kathu,367647.0,919.0
69.0,181159,1,Condo,Fully Furnished,Phuket,2012.0,8.0348216,,0,1,12500000,"45/11 Kamala, Kammala, Kathu, Phuket",98.3377935,,Kammala,367647.0,5328.0
118.0,43472,2,Detached House,Fully Furnished,Phuket,,7.8474619,144.0,0,2,6260000,"Chalong, Muang Phuket, Phuket",98.3613556,,Chalong,184118.0,1279.0
435.00000000000006,38043,4,Detached House,Fully Furnished,Phuket,,7.9994635,368.0,0,4,14000000,"Sri Sunthon, Thalang, Phuket",98.319439,,Sri Sunthon,411765.0,1119.0
185.0,22500,3,Detached House,,Phuket,,7.836095,440.0,0,3,9900000,"Chalong, Muang Phuket, Phuket",98.340578,,Chalong,291176.0,662.0
133.0,12500,3,Detached House,Partially Furnished,Phuket,,8.0226897955826,520.0,0,4,6500000,"Sri Sunthon, Thalang, Phuket",98.352719464937,,Sri Sunthon,191176.0,368.0
390.0,153846,2,Detached House,Fully Furnished,Phuket,2012.0,8.101133,195.0,0,3,30000000,"บางเทา Layan, Choeng Thale, Thalang, Phuket",98.324993,Freehold,Choeng Thale,882353.0,4525.0
372.0,15000,3,Detached House,Fully Furnished,Phuket,,7.8219146,900.0,0,3,13500000,"Rawai, Muang Phuket, Phuket",98.3357801,,Rawai,397059.0,441.0
200.0,43610,4,Detached House,Fully Furnished,Phuket,,7.7856691,493.0,0,4,21500000,"Rawai, Muang Phuket, Phuket",98.3215611,,Rawai,632353.0,1283.0
337.0,52818,5,Townhouse,Fully Furnished,Phuket,2014.0,8.0902854,191.00000000000003,0,3,17800000,"ถนน เทพกระษัตรี, Kammala, Kathu, Phuket",98.3401364,,Kammala,523529.0,1553.0
700.0,51111,9,Detached House,Fully Furnished,Phuket,,7.8312506,900.0,0,8,46000000,"Chalong, Muang Phuket, Phuket",98.3252577,,Chalong,1352941.0,1503.0
290.0,40319,3,Detached House,Unfurnished,Phuket,,8.029712,445.0,0,3,17942300,"Thep Krasattri, Thalang, Phuket",98.3103542,,Thep Krasattri,527715.0,1186.0
240.0,159107,2,Detached House,Unfurnished,Phuket,,7.9764034,224.0,0,3,35640000,"Choeng Thale, Thalang, Phuket",98.2819472,,Choeng Thale,1048235.0,4680.0
99.0,105181,3,Detached House,Unfurnished,Phuket,,7.773505,164.0,0,2,17249800,"Rawai, Muang Phuket, Phuket",98.314949,,Rawai,507347.0,3094.0
176.0,20085,2,Detached House,Partially Furnished,Phuket,,7.979414,234.0,0,3,4700000,"Sri Sunthon, Thalang, Phuket",98.354941,,Sri Sunthon,138235.0,591.0
110.0,29000,2,Townhouse,Unfurnished,Phuket,,8.0562127,48.00000000000001,0,3,3190000,"Thep Krasattri, Thalang, Phuket",98.3214676,,Thep Krasattri,93824.0,853.0
28.0,125000,1,Condo,Fully Furnished,Phuket,2021.0,7.9642,,0,,3500000,"Kammala, Kathu, Phuket",98.285203,Freehold,Kammala,102941.0,3676.0
352.0,115652,3,Detached House,,Phuket,,8.0179875,187.0,0,3,21627000,"Thep Krasattri, Thalang, Phuket",98.3230073,,Thep Krasattri,636088.0,3402.0
28.0,120237,1,Condo,Fully Furnished,Phuket,2013.0,7.90159,,0,,3366650,"Soi Hongyok Utis Yaowarat Road, Talat Yai, Muang Phuket, Phuket",98.378572,Freehold,Talat Yai,99019.0,3536.0
287.0,33333,3,Detached House,Fully Furnished,Phuket,2012.0,7.964698,720.0,0,4,24000000,"22/1 Thepkrasatti, Ko Kaeo, Muang Phuket, Phuket",98.385007,Freehold,Ko Kaeo,705882.0,980.0
34.0,81764,1,Condo,Fully Furnished,Phuket,2014.0,7.889122,,0,1,2780000,"Wichit Songkhram  Wichit Songkhram, Wichit, Muang Phuket, Phuket",98.365071,Freehold,Wichit,81765.0,2405.0
32.0,78125,1,Condo,Fully Furnished,Phuket,2012.0,7.976032,,0,,2500000,"25/3 Hadsurin, Choeng Thale, Thalang, Phuket",98.282733,Freehold,Choeng Thale,73529.0,2298.0
170.0,35600,2,Detached House,Unfurnished,Phuket,,7.8125455,250.0,0,3,8900000,"Rawai, Muang Phuket, Phuket",98.3317741,,Rawai,261765.0,1047.0
352.0,115652,3,Detached House,,Phuket,,8.0179875,187.0,0,3,21627000,"Thep Krasattri, Thalang, Phuket",98.3230073,,Thep Krasattri,636088.0,3402.0
279.0,218020,3,Detached House,Unfurnished,Phuket,,7.874501,167.0,0,3,36409500,"Patong, Kathu, Phuket",98.289574,,Patong,1070868.0,6412.0
352.0,115652,3,Detached House,,Phuket,,8.0179875,187.0,0,3,21627000,"Thep Krasattri, Thalang, Phuket",98.3230073,,Thep Krasattri,636088.0,3402.0
426.00000000000006,93181,5,Detached House,Fully Furnished,Phuket,2014.0,8.0902854,264.0,0,3,24600000,"ถนน เทพกระษัตรี, Kammala, Kathu, Phuket",98.3401364,,Kammala,723529.0,2741.0
80.0,118750,2,Condo,,Phuket,2015.0,8.154175769124732,,0,2,9500000,"8 Moo 3, Mai Khao, Thalang, Phuket",98.2978065925904,Freehold,Mai Khao,279412.0,3493.0
25.0,131264,,Condo,,Phuket,,8.028964,,0,,3281609,"รายัน, Choeng Thale, Thalang, Phuket",98.2937214,Freehold,Choeng Thale,96518.0,3861.0
312.0,73630,2,Detached House,,Phuket,,7.947252,292.0,0,2,21500000,"Kammala, Kathu, Phuket",98.288831,Freehold,Kammala,632353.0,2166.0
47.0,53170,1,Condo,Fully Furnished,Phuket,2012.0,7.9434097,,0,1,2499000,"กมลา กมลา, Kammala, Kathu, Phuket",98.2889264,,Kammala,73500.0,1564.0
650.0,11538,6,Condo,Fully Furnished,Phuket,,7.7819875,,0,6,7500000,"Karon, Muang Phuket, Phuket",98.3170781,,Karon,220588.0,339.0
96.0,102083,3,Detached House,Partially Furnished,Phuket,,7.7980375,96.0,0,2,9800000,"Rawai, Muang Phuket, Phuket",98.3367969,,Rawai,288235.0,3002.0
386.2,22786,3,Townhouse,Partially Furnished,Phuket,,7.8590916,132.0,0,3,8800000,"ศักดิ์เดช, Wichit, Muang Phuket, Phuket",98.3801515,Freehold,Wichit,258824.0,670.0
129.21,11979,2,Detached House,,Phuket,,,960.0,0,2,11500000,"Rawai, Muang Phuket, Phuket",,Freehold,Rawai,338235.0,352.0
28.0,120537,1,Condo,Fully Furnished,Phuket,2013.0,7.90159,,0,,3375050,"Soi Hongyok Utis Yaowarat Road, Talat Yai, Muang Phuket, Phuket",98.378572,Freehold,Talat Yai,99266.0,3545.0
34.0,139705,1,Condo,Unfurnished,Phuket,2019.0,7.83473,,0,1,4750000,"Soi Patak 14, Karon, Muang Phuket, Phuket",98.301049,Freehold,Karon,139706.0,4109.0
272.0,33668,2,Detached House,Fully Furnished,Phuket,,7.788101,520.0,0,2,17507450,"Rawai, Muang Phuket, Phuket",98.311855,,Rawai,514925.0,990.0
60.0,98166,2,Condo,Fully Furnished,Phuket,2014.0,7.889122,,0,2,5890000,"Wichit Songkhram  Wichit Songkhram, Wichit, Muang Phuket, Phuket",98.365071,Freehold,Wichit,173235.0,2887.0
131.0,51168,3,Detached House,,Phuket,,7.9444443,428.0,0,3,21900000,"Kammala, Kathu, Phuket",98.2924552,,Kammala,644118.0,1505.0
101.0,87623,2,Condo,Fully Furnished,Phuket,2012.0,7.817934,,0,2,8850000,"ปฏัก ปฏัก, Karon, Muang Phuket, Phuket",98.312717,,Karon,260294.0,2577.0
30.0,133333,1,Apartment,Fully Furnished,Phuket,,7.889453,,0,,4000000,"Patong, Kathu, Phuket",98.296765,,Patong,117647.0,3922.0
28.0,112287,1,Condo,Fully Furnished,Phuket,2013.0,7.90159,,0,,3144050,"Soi Hongyok Utis Yaowarat Road, Talat Yai, Muang Phuket, Phuket",98.378572,Freehold,Talat Yai,92472.0,3303.0
455.00000000000006,113333,4,Detached House,Fully Furnished,Phuket,,7.863587,270.0,0,4,30600000,"Chalong, Muang Phuket, Phuket",98.3314,,Chalong,900000.0,3333.0
28.0,120345,1,Condo,Unfurnished,Phuket,2022.0,7.979949250487842,,0,,3369660,"66/2 Soi Hua Tiao, Choeng Thale, Thalang, Phuket",98.288185097334,Freehold,Choeng Thale,99108.0,3540.0
86.0,43478,2,Detached House,,Phuket,,8.0561743,207.0,0,2,9000000,"Thep Krasattri, Thalang, Phuket",98.3224478,,Thep Krasattri,264706.0,1279.0
470.0,27837,4,Detached House,Fully Furnished,Phuket,,8.0211603,934.0,0,4,26000000,"Choeng Thale, Thalang, Phuket",98.2925877,,Choeng Thale,764706.0,819.0
485.0,13801,3,Detached House,Fully Furnished,Phuket,,8.080297,1594.0,0,3,22000000,"Pa Khlok, Thalang, Phuket",98.379468,,Pa Khlok,647059.0,406.0
380.0,37091,4,Detached House,Fully Furnished,Phuket,,7.8120785,674.0,0,4,25000000,"Karon, Muang Phuket, Phuket",98.3003564,,Karon,735294.0,1091.0
240.0,159107,2,Detached House,Unfurnished,Phuket,,7.9764034,224.0,0,3,35640000,"Choeng Thale, Thalang, Phuket",98.2819472,,Choeng Thale,1048235.0,4680.0
177.0,78531,2,Apartment,Fully Furnished,Phuket,,7.809566,,0,2,13900000,"Karon, Muang Phuket, Phuket",98.299408,,Karon,408824.0,2310.0
550.0,56896,4,Detached House,Fully Furnished,Phuket,,7.812228,870.0000000000001,0,3,49500000,"Karon, Muang Phuket, Phuket",98.297055,,Karon,1455882.0,1673.0
43.0,106976,1,Condo,Fully Furnished,Phuket,2012.0,7.8871892,,0,1,4600000,"ป่าตอง Haad Patong, Patong, Kathu, Phuket",98.302693,,Patong,135294.0,3146.0
36.0,99197,1,Apartment,Fully Furnished,Phuket,,7.774218,,0,,3571120,"Rawai, Muang Phuket, Phuket",98.318782,,Rawai,105033.0,2918.0
338.0,59039,4,Detached House,Unfurnished,Phuket,,8.0054511,271.0,0,3,15999700,"Sri Sunthon, Thalang, Phuket",98.3206322,,Sri Sunthon,470579.0,1736.0
799.9999999999999,36674,5,Detached House,Fully Furnished,Phuket,,7.8902066,1636.0,0,5,60000000,"Patong, Kathu, Phuket",98.3079063,,Patong,1764706.0,1079.0
300.0,39725,3,Detached House,Partially Furnished,Phuket,,8.0008406,400.0,0,3,15890000,"Sri Sunthon, Thalang, Phuket",98.3234128,,Sri Sunthon,467353.0,1168.0
900.0,73750,5,Detached House,Fully Furnished,Phuket,,8.0041769,799.9999999999999,0,5,59000000,"Pa Khlok, Thalang, Phuket",98.3933491,,Pa Khlok,1735294.0,2169.0
70.0,85714,1,Apartment,Fully Furnished,Phuket,,7.877447,,0,1,6000000,"Patong, Kathu, Phuket",98.298738,,Patong,176471.0,2521.0
46.0,76086,1,Apartment,Fully Furnished,Phuket,,7.9066897,,0,1,3500000,"Patong, Kathu, Phuket",98.3052434,,Patong,102941.0,2238.0
326.0,53742,4,Detached House,Fully Furnished,Phuket,,8.02161,521.0,0,3,28000000,"Thep Krasattri, Thalang, Phuket",98.319347,,Thep Krasattri,823529.0,1581.0
202.00000000000003,51170,3,Detached House,Fully Furnished,Phuket,,7.7746432,299.0,0,3,15300000,"Rawai, Muang Phuket, Phuket",98.3215201,,Rawai,450000.0,1505.0
850.0,85000,4,Detached House,Fully Furnished,Phuket,,7.917475,1000.0,0,4,85000000,"Patong, Kathu, Phuket",98.289237,,Patong,2500000.0,2500.0
115.0,26710,2,Detached House,Fully Furnished,Phuket,,8.015446,608.0,0,2,16240000,"Pa Khlok, Thalang, Phuket",98.392306,,Pa Khlok,477647.0,786.0
384.00000000000006,62034,4,Detached House,Fully Furnished,Phuket,,8.0069192,403.0,0,3,25000000,"Sri Sunthon, Thalang, Phuket",98.3180666,,Sri Sunthon,735294.0,1825.0
45.0,62000,1,Condo,Fully Furnished,Phuket,2021.0,7.879898,,0,1,2790000,"Soi Verakij, Patong, Kathu, Phuket",98.297687,Freehold,Patong,82059.0,1824.0
170.0,114754,3,Detached House,Fully Furnished,Phuket,,7.8594245,61.00000000000001,0,3,7000000,"Chalong, Muang Phuket, Phuket",98.3440686,,Chalong,205882.0,3375.0
127.0,81102,2,Apartment,Unfurnished,Phuket,,7.8358342,,0,2,10300000,"Karon, Muang Phuket, Phuket",98.2999577,,Karon,302941.0,2385.0
120.0,58666,1,Detached House,Fully Furnished,Phuket,,7.9461058,150.0,0,1,8800000,"Kammala, Kathu, Phuket",98.2965177,,Kammala,258824.0,1725.0
54.0,76666,1,Detached House,,Phuket,,8.015873,90.0,0,1,6900000,"Pa Khlok, Thalang, Phuket",98.391993,,Pa Khlok,202941.0,2255.0
94.0,63829,1,Condo,Fully Furnished,Phuket,2012.0,7.976032,,0,1,6000000,"25/3 Hadsurin, Choeng Thale, Thalang, Phuket",98.282733,Freehold,Choeng Thale,176471.0,1877.0
700.0,45948,6,Detached House,Fully Furnished,Phuket,,7.976437,1197.0,0,6,55000000,"Choeng Thale, Thalang, Phuket",98.284909,,Choeng Thale,1617647.0,1351.0
161.0,34937,3,Detached House,Unfurnished,Phuket,,7.953493,160.0,0,3,5590000,"Ko Kaeo, Muang Phuket, Phuket",98.383145,,Ko Kaeo,164412.0,1028.0
99.0,130928,3,Detached House,Unfurnished,Phuket,,7.773505,131.0,0,2,17151600,"Rawai, Muang Phuket, Phuket",98.314949,,Rawai,504459.0,3851.0
270.0,31250,3,Detached House,Fully Furnished,Phuket,,8.0204605,400.0,0,3,12500000,"Choeng Thale, Thalang, Phuket",98.312888,,Choeng Thale,367647.0,919.0
106.0,25925,2,Detached House,Fully Furnished,Phuket,,8.0217197,189.0,0,2,4900000,"Thep Krasattri, Thalang, Phuket",98.3220615,,Thep Krasattri,144118.0,762.0
330.0,112068,4,Detached House,,Phuket,,8.0634729,580.0,0,4,65000000,"Sa Khu, Thalang, Phuket",98.2831541,,Sa Khu,1911765.0,3296.0
24.000000000000004,112500,1,Condo,Unfurnished,Phuket,2022.0,7.780462,,0,,2700000,"Soi Suanwat, Rawai, Muang Phuket, Phuket",98.316451,Freehold,Rawai,79412.0,3309.0
36.0,125000,1,Condo,,Phuket,2021.0,7.769664,,0,1,4500000,"Thai Highway-4030 Road, Rawai, Muang Phuket, Phuket",98.308717,Freehold,Rawai,132353.0,3676.0
148.0,157894,2,Detached House,Unfurnished,Phuket,2020.0,8.136234,95.0,0,2,15000000,"Thepkasattri Road, Mai Khao, Thalang, Phuket",98.337696,Freehold,Mai Khao,441176.0,4644.0
218.0,28135,2,Detached House,Fully Furnished,Phuket,,7.984041,547.0,0,2,15390000,"Choeng Thale, Thalang, Phuket",98.296581,,Choeng Thale,452647.0,828.0
284.0,120000,2,Detached House,Fully Furnished,Phuket,2012.0,7.939621,250.0,0,2,30000000,"10/33 Kamala, Kammala, Kathu, Phuket",98.292125,,Kammala,882353.0,3529.0
65.0,90769,1,Condo,Fully Furnished,Phuket,2020.0,7.946718,,0,1,5900000,"Kammala, Kathu, Phuket",98.268805,Freehold,Kammala,173529.0,2670.0
277.0,176895,4,Condo,Partially Furnished,Phuket,2014.0,7.901286,,0,3,49000000,"ถนน มนตรี, Talat Yai, Muang Phuket, Phuket",98.378577,,Talat Yai,1441176.0,5203.0
133.0,90361,3,Detached House,Unfurnished,Phuket,,7.9421593,83.0,0,3,7500000,"Kammala, Kathu, Phuket",98.2923763,,Kammala,220588.0,2658.0
34.0,67647,1,Apartment,Fully Furnished,Phuket,,7.7983336,,0,1,2300000,"Rawai, Muang Phuket, Phuket",98.3257699,,Rawai,67647.0,1990.0
485.0,40460,4,Detached House,Unfurnished,Phuket,,7.784806,812.9999999999999,0,4,32894000,"Rawai, Muang Phuket, Phuket",98.314167,,Rawai,967471.0,1190.0
24.000000000000004,114583,1,Condo,Unfurnished,Phuket,2019.0,7.896310937532187,,0,,2750000,"Vichitsongkram Road, Kathu, Kathu, Phuket",98.35070775622904,Freehold,Kathu,80882.0,3370.0
26.0,121934,1,Condo,Fully Furnished,Phuket,2013.0,7.90159,,0,,3170300,"Soi Hongyok Utis Yaowarat Road, Talat Yai, Muang Phuket, Phuket",98.378572,Freehold,Talat Yai,93244.0,3586.0
24.000000000000004,112500,1,Condo,Unfurnished,Phuket,2022.0,7.780462,,0,,2700000,"Soi Suanwat, Rawai, Muang Phuket, Phuket",98.316451,Freehold,Rawai,79412.0,3309.0
641.0,56384,5,Detached House,Fully Furnished,Phuket,,7.963273,697.0,0,4,39300000,"Sri Sunthon, Thalang, Phuket",98.347374,,Sri Sunthon,1155882.0,1658.0
113.0,91353,2,Townhouse,Fully Furnished,Phuket,,7.9807656,102.0,0,2,10323000,"Choeng Thale, Thalang, Phuket",98.2832322,,Choeng Thale,303618.0,2687.0
120.0,26666,2,Townhouse,Unfurnished,Phuket,,8.0317117,180.0,0,3,3200000,"Thep Krasattri, Thalang, Phuket",98.339053,,Thep Krasattri,94118.0,784.0
148.0,42128,2,Detached House,Unfurnished,Phuket,,7.7944202,249.0,0,2,10490000,"Rawai, Muang Phuket, Phuket",98.3278162,,Rawai,308529.0,1239.0
46.0,86739,1,Condo,Fully Furnished,Phuket,2013.0,7.90159,,0,2,3990000,"Soi Hongyok Utis Yaowarat Road, Talat Yai, Muang Phuket, Phuket",98.378572,Freehold,Talat Yai,117353.0,2551.0
47.0,225225,1,Apartment,Fully Furnished,Phuket,,7.8853267,,0,1,10585610,"Patong, Kathu, Phuket",98.2847522,,Patong,311341.0,6624.0
57.0,74385,1,Condo,Fully Furnished,Phuket,2012.0,7.939621,,0,1,4239972,"10/33 Kamala, Kammala, Kathu, Phuket",98.292125,,Kammala,124705.0,2188.0
714.0,120338,5,Detached House,Fully Furnished,Phuket,,7.863587,354.0,0,4,42600000,"Chalong, Muang Phuket, Phuket",98.3314,,Chalong,1252941.0,3539.0
81.0,90123,2,Condo,Fully Furnished,Phuket,2012.0,7.817934,,0,2,7300000,"ปฏัก ปฏัก, Karon, Muang Phuket, Phuket",98.312717,,Karon,214706.0,2651.0
45.0,122486,1,Apartment,,Phuket,,7.800243,,0,1,5511891,"Rawai, Muang Phuket, Phuket",98.336727,,Rawai,162114.0,3603.0
102.0,33464,2,Detached House,Fully Furnished,Phuket,,7.812653,254.00000000000003,0,3,8500000,"Rawai, Muang Phuket, Phuket",98.331261,,Rawai,250000.0,984.0
328.0,65482,4,Detached House,Unfurnished,Phuket,,8.0244356,855.0,0,4,55987750,"Choeng Thale, Thalang, Phuket",98.3055757,,Choeng Thale,1646699.0,1926.0
24.000000000000004,112500,1,Condo,Unfurnished,Phuket,2022.0,7.780462,,0,,2700000,"Soi Suanwat, Rawai, Muang Phuket, Phuket",98.316451,Freehold,Rawai,79412.0,3309.0
179.0,86592,2,Apartment,Fully Furnished,Phuket,2012.0,8.029699,,0,2,15500000,"ป่าตอง Layan, Choeng Thale, Thalang, Phuket",98.294885,Freehold,Choeng Thale,455882.0,2547.0
29.0,98333,1,Detached House,Fully Furnished,Phuket,2022.0,7.891229,60.0,0,1,5900000,"Hasip Pee Road, Patong, Kathu, Phuket",98.308621,Leasehold,Patong,173529.0,2892.0
103.0,53801,3,Detached House,Fully Furnished,Phuket,,7.9450441,171.0,0,2,9200000,"Kammala, Kathu, Phuket",98.2929626,,Kammala,270588.0,1582.0
250.0,21875,3,Detached House,Fully Furnished,Phuket,,7.949961,320.0,0,3,7000000,"Kammala, Kathu, Phuket",98.297721,,Kammala,205882.0,643.0
370.0,56401,4,Detached House,,Phuket,,7.9998696,345.0,0,3,19458440,"Choeng Thale, Thalang, Phuket",98.3059654,,Choeng Thale,572307.0,1659.0
28.0,125000,1,Condo,Fully Furnished,Phuket,2021.0,7.9642,,0,,3500000,"Kammala, Kathu, Phuket",98.285203,Freehold,Kammala,102941.0,3676.0
148.0,157894,2,Detached House,Unfurnished,Phuket,2020.0,8.136234,95.0,0,2,15000000,"Thepkasattri Road, Mai Khao, Thalang, Phuket",98.337696,Freehold,Mai Khao,441176.0,4644.0
102.0,30357,2,Detached House,Partially Furnished,Phuket,,7.812653,280.0,0,2,8500000,"Rawai, Muang Phuket, Phuket",98.331261,,Rawai,250000.0,893.0
162.0,30025,2,Detached House,Unfurnished,Phuket,,8.0217197,387.0,0,3,11620000,"Thep Krasattri, Thalang, Phuket",98.3220615,,Thep Krasattri,341765.0,883.0
109.0,43607,3,Detached House,Fully Furnished,Phuket,,7.808737,159.0,0,2,6933600,"Rawai, Muang Phuket, Phuket",98.331665,,Rawai,203929.0,1283.0
205.0,38532,3,Detached House,,Phuket,,7.870892,140.0,0,3,5394500,"Talat Yai, Muang Phuket, Phuket",98.396417,,Talat Yai,158662.0,1133.0
109.0,58255,3,Detached House,,Phuket,,7.9444443,321.0,0,2,18700000,"Kammala, Kathu, Phuket",98.2924552,,Kammala,550000.0,1713.0
